fold,model,store_nbr,item_nbr,family,wmape,bias,sigma_error
1,seasonal_naive,1,100001,GROCERY I,1.0,-2.466666666666667,5.24903619271014
1,seasonal_naive,1,100002,GROCERY I,0.6921241050119332,7.866666666666666,51.20807228032184
1,seasonal_naive,1,100003,GROCERY I,1.5242718446601942,-0.06666666666666667,13.946154957379404
1,seasonal_naive,1,100004,GROCERY I,0.4195583596214511,6.066666666666666,11.847041020963038
1,seasonal_naive,1,100005,GROCERY I,0.7586206896551724,-0.8,4.887301329539062
1,seasonal_naive,1,100006,GROCERY I,0.8260869565217391,-1.8666666666666667,10.29470506527275
1,seasonal_naive,1,100007,GROCERY I,1.360655737704918,-1.6666666666666667,7.752111847441194
1,seasonal_naive,1,100008,GROCERY I,2.1666666666666665,0.13333333333333333,2.774029216723951
1,seasonal_naive,1,100009,GROCERY I,4.2,2.8,2.5410908793553326
1,seasonal_naive,1,100010,GROCERY I,1.4,-0.8666666666666667,4.323799035019793
1,seasonal_naive,1,100011,GROCERY I,2.2,0.13333333333333333,2.5875158154566122
1,seasonal_naive,1,100012,GROCERY I,1.3333333333333333,-0.9333333333333333,4.0614330100640705
1,seasonal_naive,1,100013,GROCERY I,0.39092872570194387,-0.6,16.706713791595455
1,seasonal_naive,1,100014,GROCERY I,1.2230769230769232,-1.1333333333333333,14.282190041480069
1,seasonal_naive,1,100015,GROCERY I,0.9211356466876972,9.866666666666667,21.473793552230344
1,seasonal_naive,1,100016,GROCERY I,1.225,4.733333333333333,12.372011423639513
1,seasonal_naive,1,100017,GROCERY I,0.5727002967359051,-7.266666666666667,16.42935815921637
1,seasonal_naive,1,100018,GROCERY I,0.7580645161290323,0.2,4.798809376144403
1,seasonal_naive,1,100019,GROCERY I,1.5827814569536425,7.4,24.209797308409783
1,seasonal_naive,1,100020,BEVERAGES,1.028436018957346,-7.4,18.24358987229683
1,seasonal_naive,1,100021,BEVERAGES,1.3191489361702127,2.2666666666666666,4.847188679558296
1,seasonal_naive,1,100022,BEVERAGES,1.0737327188940091,-0.8666666666666667,20.444582470203503
1,seasonal_naive,1,100023,BEVERAGES,0.9553072625698324,-4.6,14.341747253585048
1,seasonal_naive,1,100024,BEVERAGES,0.7887323943661971,-2.1333333333333333,6.423913656538876
1,seasonal_naive,1,100025,BEVERAGES,1.7317073170731707,0.06666666666666667,7.055561804771635
1,seasonal_naive,1,100026,BEVERAGES,3.3,3.3333333333333335,5.498917642417936
1,seasonal_naive,1,100027,BEVERAGES,0.6808510638297872,-1.8666666666666667,6.599422774181159
1,seasonal_naive,1,100028,BEVERAGES,1.2781954887218046,2.4,14.495319441608924
1,seasonal_naive,1,100029,BEVERAGES,1.3870967741935485,-0.8666666666666667,5.316640543300504
1,seasonal_naive,1,100030,BEVERAGES,1.576470588235294,0.26666666666666666,11.762328891524032
1,seasonal_naive,1,100031,BEVERAGES,1.3858267716535433,6.933333333333334,14.350045627934758
1,seasonal_naive,1,100032,BEVERAGES,1.0515463917525774,-6.8,16.88278920760937
1,seasonal_naive,1,100033,PRODUCE,0.9171119596390502,-0.9311333333333333,15.46552891740978
1,seasonal_naive,1,100034,PRODUCE,1.4609929078014185,5.733333333333333,16.679614018601384
1,seasonal_naive,1,100035,PRODUCE,1.8085882352941176,0.23280000000000006,5.838615873157414
1,seasonal_naive,1,100036,PRODUCE,0.6072999179633389,-13.452333333333334,12.473634753045358
1,seasonal_naive,1,100037,PRODUCE,1.0689655172413792,-3.066666666666667,5.119523787377475
1,seasonal_naive,1,100038,PRODUCE,0.7966345120834134,-0.12360000000000018,12.2108998720698
1,seasonal_naive,1,100039,PRODUCE,1.2530120481927711,0.26666666666666666,9.261800709416738
1,seasonal_naive,1,100040,PRODUCE,1.6832502467292558,0.4988666666666666,5.736508555691676
1,seasonal_naive,1,100041,CLEANING,1.2,-0.26666666666666666,1.2227992865708153
1,seasonal_naive,1,100042,CLEANING,1.4,-0.5333333333333333,5.276181880687514
1,seasonal_naive,1,100043,CLEANING,1.0,-0.26666666666666666,0.5936168397046636
1,seasonal_naive,1,100044,CLEANING,0.7192118226600985,-7.866666666666666,12.25250217399734
1,seasonal_naive,1,100045,CLEANING,1.0548780487804879,2.8666666666666667,13.642720019256041
1,seasonal_naive,1,100046,CLEANING,5.8,1.6666666666666667,2.3804761428476167
1,seasonal_naive,1,100047,DAIRY,1.0,-4.4,7.8993670632526
1,seasonal_naive,1,100048,DAIRY,1.9285714285714286,0.3333333333333333,2.968084198523319
1,seasonal_naive,1,100049,DAIRY,1.4661686930919795,1.8124,4.350866330809467
1,seasonal_naive,1,100050,DAIRY,1.213639788997739,5.7584,12.696718438804798
1,seasonal_naive,1,100051,DAIRY,1.0291231033578938,-1.2449333333333332,5.723375570745775
1,seasonal_naive,1,100052,DAIRY,0.80531654424624,-5.082933333333333,20.30880752800429
1,seasonal_naive,1,100053,BREAD/BAKERY,0.8901581722319859,0.12639999999999998,0.9250158917553795
1,seasonal_naive,1,100054,BREAD/BAKERY,0.7595838615203042,-0.3672000000000002,5.937938750105124
1,seasonal_naive,1,100055,BREAD/BAKERY,0.5151412905946858,-1.2356666666666667,3.5511853487184224
1,seasonal_naive,1,100056,BREAD/BAKERY,1.1799602244247902,0.010200000000000032,6.917397365648855
1,seasonal_naive,1,100057,BREAD/BAKERY,1.0,-2.1957999999999998,2.9100184633680346
1,seasonal_naive,1,100058,DELI,2.0796707264237235,1.344066666666667,3.6496913855179334
1,seasonal_naive,1,100059,DELI,0.8154647249327942,-1.7495333333333334,3.142500525438453
1,seasonal_naive,1,100060,EGGS,7.0,1.2666666666666666,1.4864467059144129
1,seasonal_naive,2,100001,GROCERY I,1.64,-0.4,7.2091212065985255
1,seasonal_naive,2,100002,GROCERY I,0.6605783866057838,6.0,40.98780306383839
1,seasonal_naive,2,100003,GROCERY I,1.4444444444444444,0.7333333333333333,12.640449057725457
1,seasonal_naive,2,100004,GROCERY I,1.0294117647058822,12.333333333333334,15.168890470144417
1,seasonal_naive,2,100005,GROCERY I,1.0735294117647058,-1.4,6.045068828628599
1,seasonal_naive,2,100006,GROCERY I,1.0970873786407767,2.466666666666667,10.9731273486424
1,seasonal_naive,2,100007,GROCERY I,1.7954545454545454,1.5333333333333334,7.707757378740188
1,seasonal_naive,2,100008,GROCERY I,1.3,-0.6666666666666666,2.3502786055720124
1,seasonal_naive,2,100009,GROCERY I,2.0,0.0,5.3718844791323335
1,seasonal_naive,2,100010,GROCERY I,1.1851851851851851,0.13333333333333333,2.9244454093692624
1,seasonal_naive,2,100011,GROCERY I,2.7777777777777777,0.7333333333333333,2.520393015460278
1,seasonal_naive,2,100012,GROCERY I,1.0,-1.1333333333333333,4.733869855575226
1,seasonal_naive,2,100013,GROCERY I,0.7448453608247423,-0.4666666666666667,24.506170262861982
1,seasonal_naive,2,100014,GROCERY I,1.0241935483870968,2.8666666666666667,9.093692214674856
1,seasonal_naive,2,100015,GROCERY I,0.9371196754563894,-14.4,33.841648051729734
1,seasonal_naive,2,100016,GROCERY I,1.373015873015873,1.6666666666666667,15.168890470144417
1,seasonal_naive,2,100017,GROCERY I,1.463768115942029,6.0,17.46424919657298
1,seasonal_naive,2,100018,GROCERY I,1.5833333333333333,-0.26666666666666666,4.742914514856672
1,seasonal_naive,2,100019,GROCERY I,0.8453038674033149,2.066666666666667,13.776100768394242
1,seasonal_naive,2,100020,BEVERAGES,0.9735099337748344,-4.066666666666666,13.413568113064082
1,seasonal_naive,2,100021,BEVERAGES,0.9571428571428572,-0.4666666666666667,5.841558826529912
1,seasonal_naive,2,100022,BEVERAGES,1.1317829457364341,-0.8,11.953481262197815
1,seasonal_naive,2,100023,BEVERAGES,1.3763440860215055,12.8,21.64717071582335
1,seasonal_naive,2,100024,BEVERAGES,1.7857142857142858,2.2666666666666666,4.350150517374028
1,seasonal_naive,2,100025,BEVERAGES,1.0,-0.6666666666666666,1.4474937289114915
1,seasonal_naive,2,100026,BEVERAGES,1.3555555555555556,-0.6,5.961783050636542
1,seasonal_naive,2,100027,BEVERAGES,1.5901639344262295,-1.0,10.433462649434409
1,seasonal_naive,2,100028,BEVERAGES,0.9194630872483222,2.066666666666667,12.775348285253274
1,seasonal_naive,2,100029,BEVERAGES,1.3611111111111112,-2.0,7.819389819088006
1,seasonal_naive,2,100030,BEVERAGES,1.6666666666666667,5.266666666666667,7.544786910430905
1,seasonal_naive,2,100031,BEVERAGES,0.7338403041825095,-7.0,16.33576269591178
1,seasonal_naive,2,100032,BEVERAGES,1.0895522388059702,-7.0,15.62964216755183
1,seasonal_naive,2,100033,PRODUCE,0.8007373190015104,-3.2093333333333334,16.277313606307867
1,seasonal_naive,2,100034,PRODUCE,0.8499518072289156,-1.6605333333333334,13.129192303884537
1,seasonal_naive,2,100035,PRODUCE,1.5,0.5333333333333333,4.373077809027587
1,seasonal_naive,2,100036,PRODUCE,0.8043359160992408,-6.6504,23.27775491383504
1,seasonal_naive,2,100037,PRODUCE,1.8552852014359795,0.024799999999999992,4.932974214406559
1,seasonal_naive,2,100038,PRODUCE,1.2946382300179389,7.0972,7.861616229685672
1,seasonal_naive,2,100039,PRODUCE,1.040355939385379,-3.413866666666667,8.36755080113194
1,seasonal_naive,2,100040,PRODUCE,1.957195651393922,2.3634,4.231000621264768
1,seasonal_naive,2,100041,CLEANING,1.5714285714285714,-0.06666666666666667,1.3870146083619754
1,seasonal_naive,2,100042,CLEANING,1.326086956521739,-1.1333333333333333,4.853079532871984
1,seasonal_naive,2,100043,CLEANING,12.0,0.8,1.082325538564332
1,seasonal_naive,2,100044,CLEANING,0.9111111111111111,-9.466666666666667,10.534749754073532
1,seasonal_naive,2,100045,CLEANING,0.8294930875576036,-1.7333333333333334,15.294567974408741
1,seasonal_naive,2,100046,CLEANING,1.24,-0.3333333333333333,3.657998411830216
1,seasonal_naive,2,100047,DAIRY,0.9505303150229539,-3.4917333333333334,7.450770932946342
1,seasonal_naive,2,100048,DAIRY,1.4367960386372354,0.48019999999999996,3.769545713440054
1,seasonal_naive,2,100049,DAIRY,2.4139271827500886,1.1350666666666667,3.3312699308793565
1,seasonal_naive,2,100050,DAIRY,1.8070482211312127,4.910333333333333,9.439084486981827
1,seasonal_naive,2,100051,DAIRY,1.6298025538617313,2.7378666666666667,3.9193170845855034
1,seasonal_naive,2,100052,DAIRY,1.0475631395167693,4.099533333333334,23.944606791708317
1,seasonal_naive,2,100053,BREAD/BAKERY,1.3308641975308644,-0.4036,4.781459980263052
1,seasonal_naive,2,100054,BREAD/BAKERY,1.0247905201051117,-0.4450666666666668,7.497379117938164
1,seasonal_naive,2,100055,BREAD/BAKERY,1.0,-0.984,3.717378531015794
1,seasonal_naive,2,100056,BREAD/BAKERY,0.897596047637218,-0.16240000000000013,8.839754616827001
1,seasonal_naive,2,100057,BREAD/BAKERY,1.46875,-1.0,3.6839419880650364
1,seasonal_naive,2,100058,DELI,1.1179627827420449,-0.7939333333333333,3.972362817314268
1,seasonal_naive,2,100059,DELI,0.7850694941968763,-1.4610666666666667,1.6435657867083069
1,seasonal_naive,2,100060,EGGS,1.1418333333333333,0.3801333333333333,1.416456386634652
1,seasonal_naive,3,100001,GROCERY I,2.875,2.8,3.726354020448713
1,seasonal_naive,3,100002,GROCERY I,1.0047846889952152,7.6,52.13142731870781
1,seasonal_naive,3,100003,GROCERY I,1.2784810126582278,-0.5333333333333333,16.40063877966198
1,seasonal_naive,3,100004,GROCERY I,0.8006644518272426,-10.866666666666667,16.902521649009596
1,seasonal_naive,3,100005,GROCERY I,1.0,-0.9333333333333333,4.97804704487135
1,seasonal_naive,3,100006,GROCERY I,2.7115384615384617,6.733333333333333,9.676677902983815
1,seasonal_naive,3,100007,GROCERY I,1.5185185185185186,1.8666666666666667,7.39562290109752
1,seasonal_naive,3,100008,GROCERY I,1.7142857142857142,0.0,2.1712405933672376
1,seasonal_naive,3,100009,GROCERY I,3.857142857142857,1.7333333333333334,4.934813162864523
1,seasonal_naive,3,100010,GROCERY I,1.0,-0.13333333333333333,2.2635833370586393
1,seasonal_naive,3,100011,GROCERY I,3.0,0.3333333333333333,1.877181270897812
1,seasonal_naive,3,100012,GROCERY I,1.9210526315789473,2.066666666666667,6.4305816962683044
1,seasonal_naive,3,100013,GROCERY I,1.175,14.6,22.771536117329834
1,seasonal_naive,3,100014,GROCERY I,1.3265306122448979,0.9333333333333333,11.91917223076614
1,seasonal_naive,3,100015,GROCERY I,0.39223300970873787,-3.466666666666667,16.953156750573736
1,seasonal_naive,3,100016,GROCERY I,1.7063492063492063,7.933333333333334,15.219661469234303
1,seasonal_naive,3,100017,GROCERY I,0.8869257950530035,-13.133333333333333,15.918841786057294
1,seasonal_naive,3,100018,GROCERY I,1.4285714285714286,-1.3333333333333333,6.377042156569664
1,seasonal_naive,3,100019,GROCERY I,1.1081081081081081,-3.2666666666666666,16.425009965931597
1,seasonal_naive,3,100020,BEVERAGES,0.7463414634146341,0.3333333333333333,14.013598837591733
1,seasonal_naive,3,100021,BEVERAGES,1.0,0.0,3.9821028185046727
1,seasonal_naive,3,100022,BEVERAGES,0.925,2.6666666666666665,11.90838040245288
1,seasonal_naive,3,100023,BEVERAGES,1.0635838150289016,2.933333333333333,14.66515143688147
1,seasonal_naive,3,100024,BEVERAGES,2.3333333333333335,0.7333333333333333,5.297798284822353
1,seasonal_naive,3,100025,BEVERAGES,1.1951219512195121,-1.6666666666666667,4.287301293465667
1,seasonal_naive,3,100026,BEVERAGES,1.0,-0.3333333333333333,2.9439202887759492
1,seasonal_naive,3,100027,BEVERAGES,0.797752808988764,-1.8,6.383013171132983
1,seasonal_naive,3,100028,BEVERAGES,1.7264150943396226,6.333333333333333,14.341083176199303
1,seasonal_naive,3,100029,BEVERAGES,4.083333333333333,2.8666666666666667,4.068461742769735
1,seasonal_naive,3,100030,BEVERAGES,1.1886792452830188,-1.4666666666666666,12.246671073436747
1,seasonal_naive,3,100031,BEVERAGES,1.0671140939597314,2.066666666666667,14.027863428938575
1,seasonal_naive,3,100032,BEVERAGES,1.460431654676259,12.733333333333333,16.17964623781844
1,seasonal_naive,3,100033,PRODUCE,0.4579831932773109,-1.3477333333333334,9.494891675201437
1,seasonal_naive,3,100034,PRODUCE,0.9079999999999999,8.096266666666667,14.95652986618538
1,seasonal_naive,3,100035,PRODUCE,2.5714446065776184,0.8121333333333334,4.354076216057557
1,seasonal_naive,3,100036,PRODUCE,0.6524498198872303,1.6287333333333331,16.144928829939435
1,seasonal_naive,3,100037,PRODUCE,3.0434782608695654,2.2666666666666666,6.507870692659846
1,seasonal_naive,3,100038,PRODUCE,1.050027258818081,-1.2548666666666672,14.747845464273595
1,seasonal_naive,3,100039,PRODUCE,0.985315712187959,0.7813333333333332,5.248391803572741
1,seasonal_naive,3,100040,PRODUCE,1.6912763440389083,2.48,6.45415245072061
1,seasonal_naive,3,100041,CLEANING,3.75,0.4666666666666667,1.5976172734359602
1,seasonal_naive,3,100042,CLEANING,1.5344827586206897,0.4666666666666667,7.317949231333937
1,seasonal_naive,3,100043,CLEANING,3.5714285714285716,1.1333333333333333,2.0998866182543785
1,seasonal_naive,3,100044,CLEANING,1.1185185185185185,5.0,11.680264184879185
1,seasonal_naive,3,100045,CLEANING,0.9060402684563759,-2.8666666666666667,11.179488019625603
1,seasonal_naive,3,100046,CLEANING,2.08,2.1333333333333333,4.172472146045293
1,seasonal_naive,3,100047,DAIRY,0.8283430196915079,-2.2372,6.2566958783598965
1,seasonal_naive,3,100048,DAIRY,5.8,1.2666666666666666,2.840187787218772
1,seasonal_naive,3,100049,DAIRY,2.283420530398701,1.819,5.10307897254197
1,seasonal_naive,3,100050,DAIRY,1.0634920634920635,1.5157333333333336,10.403574711653317
1,seasonal_naive,3,100051,DAIRY,1.0995836352694088,-2.846333333333333,6.931142677042784
1,seasonal_naive,3,100052,DAIRY,1.1265708577688984,2.281866666666667,18.750937492245427
1,seasonal_naive,3,100053,BREAD/BAKERY,1.8572347611644244,0.5796,5.571231420687633
1,seasonal_naive,3,100054,BREAD/BAKERY,0.6286430976897599,-0.13306666666666658,7.974476798481755
1,seasonal_naive,3,100055,BREAD/BAKERY,1.0442575791104227,-0.21266666666666664,4.634788432013247
1,seasonal_naive,3,100056,BREAD/BAKERY,1.2297476204412112,2.682866666666667,6.497298591026303
1,seasonal_naive,3,100057,BREAD/BAKERY,1.3107640912092609,-0.6495333333333334,3.611466320063414
1,seasonal_naive,3,100058,DELI,1.8607395187031524,0.8078,4.539249406171528
1,seasonal_naive,3,100059,DELI,0.95097127505683,-0.5141333333333333,3.7086941650025294
1,seasonal_naive,3,100060,EGGS,0.8823529411764706,-0.8666666666666667,1.8847761013926698
1,seasonal_naive,4,100001,GROCERY I,1.3333333333333333,-1.6,8.966604708583956
1,seasonal_naive,4,100002,GROCERY I,0.336,-1.8666666666666667,48.24027165682019
1,seasonal_naive,4,100003,GROCERY I,1.5133689839572193,5.4,23.760110629853077
1,seasonal_naive,4,100004,GROCERY I,0.9910112359550561,-6.066666666666666,36.712136309141044
1,seasonal_naive,4,100005,GROCERY I,1.608695652173913,0.4,7.944449994448056
1,seasonal_naive,4,100006,GROCERY I,0.9202898550724637,3.0,11.92236793354647
1,seasonal_naive,4,100007,GROCERY I,1.469387755102041,-0.8,6.2472851246418575
1,seasonal_naive,4,100008,GROCERY I,1.619047619047619,0.6666666666666666,3.309438162646486
1,seasonal_naive,4,100009,GROCERY I,4.08,4.4,6.853570498027183
1,seasonal_naive,4,100010,GROCERY I,1.0769230769230769,0.0,3.484660262185848
1,seasonal_naive,4,100011,GROCERY I,1.0,-1.1333333333333333,1.6417180315870612
1,seasonal_naive,4,100012,GROCERY I,0.6923076923076923,-2.0,4.375255094603872
1,seasonal_naive,4,100013,GROCERY I,0.9246031746031746,8.266666666666667,41.124317913000375
1,seasonal_naive,4,100014,GROCERY I,0.945054945054945,-2.4,15.518652371535728
1,seasonal_naive,4,100015,GROCERY I,0.791578947368421,-7.6,34.80517202945562
1,seasonal_naive,4,100016,GROCERY I,0.9125475285171103,-0.9333333333333333,21.05593457798492
1,seasonal_naive,4,100017,GROCERY I,0.8233890214797136,-15.4,24.610682930095912
1,seasonal_naive,4,100018,GROCERY I,0.8241758241758241,-1.1333333333333333,8.078778785600374
1,seasonal_naive,4,100019,GROCERY I,1.1012658227848102,-3.1333333333333333,22.528923208897066
1,seasonal_naive,4,100020,BEVERAGES,1.4830188679245282,4.066666666666666,32.56743918760109
1,seasonal_naive,4,100021,BEVERAGES,0.8307692307692308,-5.466666666666667,10.294705065272748
1,seasonal_naive,4,100022,BEVERAGES,1.8388888888888888,10.2,24.50131191822768
1,seasonal_naive,4,100023,BEVERAGES,1.275229357798165,-4.666666666666667,24.203502304615412
1,seasonal_naive,4,100024,BEVERAGES,1.2093023255813953,-3.2,8.760300060092527
1,seasonal_naive,4,100025,BEVERAGES,1.3275862068965518,1.0,7.201190377787748
1,seasonal_naive,4,100026,BEVERAGES,0.48148148148148145,1.0666666666666667,2.7637104114026196
1,seasonal_naive,4,100027,BEVERAGES,1.1728395061728396,-8.933333333333334,15.745596512162043
1,seasonal_naive,4,100028,BEVERAGES,1.1508771929824562,-5.6,25.238292901292446
1,seasonal_naive,4,100029,BEVERAGES,0.953125,-1.5333333333333334,7.029190836043918
1,seasonal_naive,4,100030,BEVERAGES,1.7130434782608697,3.933333333333333,17.97008095484852
1,seasonal_naive,4,100031,BEVERAGES,1.079847908745247,-5.333333333333333,23.801760639158807
1,seasonal_naive,4,100032,BEVERAGES,2.0314465408805034,13.133333333333333,23.108027877362282
1,seasonal_naive,4,100033,PRODUCE,1.175344426552156,5.569999999999999,25.248661916454672
1,seasonal_naive,4,100034,PRODUCE,0.7576587998435561,-7.723666666666666,22.014069104184475
1,seasonal_naive,4,100035,PRODUCE,2.3931457230426303,0.9096,3.3011270110156534
1,seasonal_naive,4,100036,PRODUCE,0.6710913190035462,-12.443933333333332,26.158217251581814
1,seasonal_naive,4,100037,PRODUCE,1.0,-1.6294,6.413703608012189
1,seasonal_naive,4,100038,PRODUCE,1.0330078749205507,2.6134000000000004,22.27754338149262
1,seasonal_naive,4,100039,PRODUCE,0.8510462829540614,-3.622866666666667,7.879148366476695
1,seasonal_naive,4,100040,PRODUCE,1.6537187500000001,-1.4774666666666671,8.189518430518946
1,seasonal_naive,4,100041,CLEANING,1.9090909090909092,-0.06666666666666667,2.433887738538802
1,seasonal_naive,4,100042,CLEANING,1.2028985507246377,-1.4,8.024961059095553
1,seasonal_naive,4,100043,CLEANING,1.0625,-0.7333333333333333,1.751190071541826
1,seasonal_naive,4,100044,CLEANING,0.6764705882352942,2.2,9.622889378975527
1,seasonal_naive,4,100045,CLEANING,0.6875,-1.9333333333333333,21.73038250490598
1,seasonal_naive,4,100046,CLEANING,1.048780487804878,-2.066666666666667,3.8631346758570975
1,seasonal_naive,4,100047,DAIRY,1.4291253359975262,4.215599999999999,11.20908733891518
1,seasonal_naive,4,100048,DAIRY,1.2320948494284665,-0.9135333333333333,6.850631158270503
1,seasonal_naive,4,100049,DAIRY,1.6509180656884812,-0.5914,6.462741189751783
1,seasonal_naive,4,100050,DAIRY,1.2495571824998526,5.646,13.287592424083883
1,seasonal_naive,4,100051,DAIRY,1.0724637681159421,-0.4,6.489552042651765
1,seasonal_naive,4,100052,DAIRY,0.7995064614209629,-2.8242,24.525001448085
1,seasonal_naive,4,100053,BREAD/BAKERY,1.2918348743325954,0.1498666666666665,4.137290380821498
1,seasonal_naive,4,100054,BREAD/BAKERY,0.722340117489796,-0.9404666666666667,15.76119621487562
1,seasonal_naive,4,100055,BREAD/BAKERY,1.0294495872149525,-1.3912666666666667,9.093266020732568
1,seasonal_naive,4,100056,BREAD/BAKERY,1.214231828112906,6.986066666666667,8.22124277594041
1,seasonal_naive,4,100057,BREAD/BAKERY,2.5,0.8,3.7454734585325022
1,seasonal_naive,4,100058,DELI,2.7763558166369453,2.7600666666666664,5.48567798214674
1,seasonal_naive,4,100059,DELI,1.3752224991100035,1.6114,4.26941678519611
1,seasonal_naive,4,100060,EGGS,2.4970726557251175,1.6387333333333334,2.160079709728544
1,seasonal_naive,5,100001,GROCERY I,1.3370786516853932,-0.2,9.267454574246063
1,seasonal_naive,5,100002,GROCERY I,0.9844271412680756,-8.866666666666667,77.07312545022853
1,seasonal_naive,5,100003,GROCERY I,1.7096774193548387,3.933333333333333,22.24046076946463
1,seasonal_naive,5,100004,GROCERY I,0.8321995464852607,-5.133333333333334,30.011585064691904
1,seasonal_naive,5,100005,GROCERY I,1.7941176470588236,1.7333333333333334,13.24206860548536
1,seasonal_naive,5,100006,GROCERY I,0.6039603960396039,-0.8666666666666667,6.759825300644839
1,seasonal_naive,5,100007,GROCERY I,1.0,-1.2,8.273883178843104
1,seasonal_naive,5,100008,GROCERY I,1.0,-0.5333333333333333,1.1872336794093272
1,seasonal_naive,5,100009,GROCERY I,3.5,4.0,5.0709255283711
1,seasonal_naive,5,100010,GROCERY I,1.0666666666666667,-1.6,4.672105673951674
1,seasonal_naive,5,100011,GROCERY I,1.0416666666666667,-0.3333333333333333,2.870208222079931
1,seasonal_naive,5,100012,GROCERY I,1.4782608695652173,0.4,6.445374864416898
1,seasonal_naive,5,100013,GROCERY I,0.396875,7.066666666666666,21.7697912145204
1,seasonal_naive,5,100014,GROCERY I,1.125,2.933333333333333,14.689484415082525
1,seasonal_naive,5,100015,GROCERY I,0.9096267190569745,-11.8,41.33521501093227
1,seasonal_naive,5,100016,GROCERY I,0.8383233532934131,-14.133333333333333,18.302484869026728
1,seasonal_naive,5,100017,GROCERY I,1.0443213296398892,-2.3333333333333335,32.585418883444234
1,seasonal_naive,5,100018,GROCERY I,1.2258064516129032,0.6666666666666666,7.32575365861197
1,seasonal_naive,5,100019,GROCERY I,1.3777777777777778,13.466666666666667,19.653668020668984
1,seasonal_naive,5,100020,BEVERAGES,1.2058823529411764,-6.533333333333333,24.506170262861982
1,seasonal_naive,5,100021,BEVERAGES,1.103896103896104,2.8666666666666667,9.73848526404878
1,seasonal_naive,5,100022,BEVERAGES,1.1294117647058823,10.533333333333333,30.69868928487866
1,seasonal_naive,5,100023,BEVERAGES,1.0975609756097562,2.6,22.484280222921463
1,seasonal_naive,5,100024,BEVERAGES,1.7142857142857142,0.4,7.917431040793111
1,seasonal_naive,5,100025,BEVERAGES,3.933333333333333,2.7333333333333334,7.035285217760406
1,seasonal_naive,5,100026,BEVERAGES,1.72,2.8,6.940563995197261
1,seasonal_naive,5,100027,BEVERAGES,1.7321428571428572,0.8,19.921990720952422
1,seasonal_naive,5,100028,BEVERAGES,0.9903846153846154,-5.333333333333333,16.016360682870797
1,seasonal_naive,5,100029,BEVERAGES,2.2439024390243905,4.533333333333333,7.434155410446211
1,seasonal_naive,5,100030,BEVERAGES,1.3109243697478992,1.2,13.949910393977447
1,seasonal_naive,5,100031,BEVERAGES,1.553921568627451,6.333333333333333,30.9969276511322
1,seasonal_naive,5,100032,BEVERAGES,1.2487562189054726,0.4666666666666667,21.433840622005285
1,seasonal_naive,5,100033,PRODUCE,0.6228584151420075,-8.676866666666665,20.872378469665414
1,seasonal_naive,5,100034,PRODUCE,1.039899267370186,-7.3928666666666665,25.71674073680041
1,seasonal_naive,5,100035,PRODUCE,1.0,-0.13333333333333333,2.5597618936887376
1,seasonal_naive,5,100036,PRODUCE,0.8684863523573201,-6.4,25.010854786329418
1,seasonal_naive,5,100037,PRODUCE,1.0,-0.9333333333333333,2.1536237457121516
1,seasonal_naive,5,100038,PRODUCE,0.8444969887856659,-0.349666666666666,15.095781656129102
1,seasonal_naive,5,100039,PRODUCE,1.152074074074074,-2.028266666666667,9.523106871984483
1,seasonal_naive,5,100040,PRODUCE,1.0,-4.066666666666666,5.147352532636373
1,seasonal_naive,5,100041,CLEANING,1.2857142857142858,-0.26666666666666666,1.9073791542572853
1,seasonal_naive,5,100042,CLEANING,2.3,1.0,5.331845030434721
1,seasonal_naive,5,100043,CLEANING,2.75,0.4,2.164651077128664
1,seasonal_naive,5,100044,CLEANING,0.6,-3.8,11.289691884951639
1,seasonal_naive,5,100045,CLEANING,0.6259259259259259,-7.933333333333334,13.312006753661288
1,seasonal_naive,5,100046,CLEANING,1.9166666666666667,0.6666666666666666,5.219012860502955
1,seasonal_naive,5,100047,DAIRY,1.2071764705882353,-0.2607999999999999,7.532753653213412
1,seasonal_naive,5,100048,DAIRY,1.1515479541026197,-1.2290666666666668,5.018389645901884
1,seasonal_naive,5,100049,DAIRY,1.3060162800660995,0.08813333333333327,4.497008304999903
1,seasonal_naive,5,100050,DAIRY,1.1185110086908963,4.506600000000001,12.333590826913072
1,seasonal_naive,5,100051,DAIRY,2.3689677419354838,3.295866666666667,6.509854429650335
1,seasonal_naive,5,100052,DAIRY,1.0643863179074446,-6.733333333333333,41.335675816878755
1,seasonal_naive,5,100053,BREAD/BAKERY,1.0504019555958772,-1.5787333333333333,3.7455397945264117
1,seasonal_naive,5,100054,BREAD/BAKERY,0.6906419180201082,-1.699,11.686388223667983
1,seasonal_naive,5,100055,BREAD/BAKERY,2.2294681015395703,3.1064666666666665,7.5948799376070895
1,seasonal_naive,5,100056,BREAD/BAKERY,0.8108707482993198,0.4798666666666667,12.126457266576056
1,seasonal_naive,5,100057,BREAD/BAKERY,1.3217197354253192,-0.6425333333333333,3.4106792131829247
1,seasonal_naive,5,100058,DELI,1.0385497581002678,-0.25873333333333337,4.756739706783969
1,seasonal_naive,5,100059,DELI,1.9018070826540876,1.0112666666666665,4.77772343376255
1,seasonal_naive,5,100060,EGGS,5.768857142857144,1.7588,3.7781921262499534
1,seasonal_naive,6,100001,GROCERY I,1.0588235294117647,-0.5333333333333333,4.033195589934445
1,seasonal_naive,6,100002,GROCERY I,0.627208480565371,1.4,30.309828674634804
1,seasonal_naive,6,100003,GROCERY I,1.3333333333333333,-0.6666666666666666,10.860588425696877
1,seasonal_naive,6,100004,GROCERY I,0.7461139896373057,0.0,11.161157134071205
1,seasonal_naive,6,100005,GROCERY I,5.0,1.9333333333333333,3.863134675857098
1,seasonal_naive,6,100006,GROCERY I,1.0224719101123596,-3.6666666666666665,8.715066319448232
1,seasonal_naive,6,100007,GROCERY I,1.825,2.466666666666667,5.05493629558088
1,seasonal_naive,6,100008,GROCERY I,2.0,0.0,0.5345224838248488
1,seasonal_naive,6,100009,GROCERY I,1.1111111111111112,0.0,2.449489742783178
1,seasonal_naive,6,100010,GROCERY I,1.1875,-0.8666666666666667,1.9223002094465096
1,seasonal_naive,6,100011,GROCERY I,1.3333333333333333,-0.26666666666666666,1.162919151265879
1,seasonal_naive,6,100012,GROCERY I,4.083333333333333,1.6666666666666667,4.2370250120079485
1,seasonal_naive,6,100013,GROCERY I,0.6451612903225806,2.4,17.16225093461977
1,seasonal_naive,6,100014,GROCERY I,1.0,-1.2,6.559616713541381
1,seasonal_naive,6,100015,GROCERY I,0.5725806451612904,-0.13333333333333333,14.262171076295633
1,seasonal_naive,6,100016,GROCERY I,0.7547169811320755,-0.9333333333333333,7.205817755384154
1,seasonal_naive,6,100017,GROCERY I,0.784688995215311,0.26666666666666666,12.847827313077751
1,seasonal_naive,6,100018,GROCERY I,1.2142857142857142,0.3333333333333333,4.8501350005757065
1,seasonal_naive,6,100019,GROCERY I,0.9794520547945206,-1.2666666666666666,12.103521722839105
1,seasonal_naive,6,100020,BEVERAGES,0.8209876543209876,-3.2666666666666666,10.680199748444158
1,seasonal_naive,6,100021,BEVERAGES,1.103448275862069,-0.6666666666666666,5.936168397046637
1,seasonal_naive,6,100022,BEVERAGES,1.0701754385964912,-2.6666666666666665,9.506889732239054
1,seasonal_naive,6,100023,BEVERAGES,0.7588652482269503,-3.2666666666666666,9.742885071877298
1,seasonal_naive,6,100024,BEVERAGES,0.9583333333333334,-0.8,3.7834224868874626
1,seasonal_naive,6,100025,BEVERAGES,2.7058823529411766,0.9333333333333333,4.043807729403186
1,seasonal_naive,6,100026,BEVERAGES,1.0,-1.5333333333333334,2.065591117977289
1,seasonal_naive,6,100027,BEVERAGES,1.5614035087719298,3.1333333333333333,7.567474259399015
1,seasonal_naive,6,100028,BEVERAGES,0.9504132231404959,-5.666666666666667,10.223688645680165
1,seasonal_naive,6,100029,BEVERAGES,3.6,1.8666666666666667,2.5597618936887376
1,seasonal_naive,6,100030,BEVERAGES,1.064516129032258,-3.4,7.989278529915667
1,seasonal_naive,6,100031,BEVERAGES,0.6597222222222222,-1.9333333333333333,7.77786848019675
1,seasonal_naive,6,100032,BEVERAGES,1.5333333333333334,2.0,12.955969390869324
1,seasonal_naive,6,100033,PRODUCE,0.7616314140608278,-1.7709333333333335,13.656968935134842
1,seasonal_naive,6,100034,PRODUCE,0.8166021641260562,-2.4238,8.92047821588058
1,seasonal_naive,6,100035,PRODUCE,2.7142857142857144,1.4666666666666666,2.996823715361379
1,seasonal_naive,6,100036,PRODUCE,0.8166211130225207,-4.3355999999999995,14.705644556719417
1,seasonal_naive,6,100037,PRODUCE,1.3946329913180742,-0.8272,3.8239710698248155
1,seasonal_naive,6,100038,PRODUCE,0.7501413042587876,-0.35006666666666675,7.921278995453293
1,seasonal_naive,6,100039,PRODUCE,0.9310344827586207,-1.2666666666666666,2.7115274205474953
1,seasonal_naive,6,100040,PRODUCE,1.6923076923076923,0.4,3.8135098194258186
1,seasonal_naive,6,100041,CLEANING,1.4,-0.4,2.063284482843521
1,seasonal_naive,6,100042,CLEANING,1.4444444444444444,0.3333333333333333,3.7922226175361042
1,seasonal_naive,6,100043,CLEANING,2.3333333333333335,0.2,0.9411239481143203
1,seasonal_naive,6,100044,CLEANING,0.5283018867924528,-1.8666666666666667,5.343442799579776
1,seasonal_naive,6,100045,CLEANING,1.1045751633986929,-2.2,13.401492454200762
1,seasonal_naive,6,100046,CLEANING,0.85,-0.2,1.740279123753264
1,seasonal_naive,6,100047,DAIRY,0.929282393083818,-2.4375333333333336,4.9059543831474635
1,seasonal_naive,6,100048,DAIRY,1.0,-1.2916,1.5967593879032442
1,seasonal_naive,6,100049,DAIRY,3.5,0.8,1.8973665961010278
1,seasonal_naive,6,100050,DAIRY,1.9546363636363635,2.666933333333333,6.683412339160146
1,seasonal_naive,6,100051,DAIRY,1.8569047619047618,0.8663333333333334,3.77064482296495
1,seasonal_naive,6,100052,DAIRY,0.601973078989395,-5.306066666666667,12.73424341499647
1,seasonal_naive,6,100053,BREAD/BAKERY,1.105263157894737,-0.4666666666666667,2.231804736295804
1,seasonal_naive,6,100054,BREAD/BAKERY,0.9242153846153845,1.9950666666666668,5.4018540000721265
1,seasonal_naive,6,100055,BREAD/BAKERY,1.40625,0.4522666666666666,3.9734399538267424
1,seasonal_naive,6,100056,BREAD/BAKERY,0.909876079609463,-2.038333333333333,4.971408131457706
1,seasonal_naive,6,100057,BREAD/BAKERY,1.0,-1.4624,2.061324844435179
1,seasonal_naive,6,100058,DELI,1.4666666666666666,-0.26666666666666666,1.9444671200491874
1,seasonal_naive,6,100059,DELI,1.1213021130782412,0.30413333333333337,1.6855724702251613
1,seasonal_naive,6,100060,EGGS,2.0714285714285716,1.0,2.7255405754769875
1,weekday_mean_8w,1,100001,GROCERY I,1.0424528301886793,-1.0,4.471886386877785
1,weekday_mean_8w,1,100002,GROCERY I,0.6315632458233891,-0.43333333333333335,41.811862494250306
1,weekday_mean_8w,1,100003,GROCERY I,1.229368932038835,3.058333333333333,10.156022433347943
1,weekday_mean_8w,1,100004,GROCERY I,0.49802839116719244,-4.308333333333334,11.792179864316052
1,weekday_mean_8w,1,100005,GROCERY I,1.103448275862069,0.7666666666666667,5.344988195452242
1,weekday_mean_8w,1,100006,GROCERY I,0.9954710144927537,-4.191666666666666,10.933225355157859
1,weekday_mean_8w,1,100007,GROCERY I,1.139344262295082,-1.1,5.829650197788151
1,weekday_mean_8w,1,100008,GROCERY I,1.4895833333333333,-0.20833333333333334,1.9931056766000237
1,weekday_mean_8w,1,100009,GROCERY I,2.8875,1.225,2.014013406112283
1,weekday_mean_8w,1,100010,GROCERY I,1.0321428571428573,-0.875,3.027035914648425
1,weekday_mean_8w,1,100011,GROCERY I,1.4,0.25,1.4910446960820074
1,weekday_mean_8w,1,100012,GROCERY I,1.5451388888888888,-0.10833333333333334,4.4277096895842325
1,weekday_mean_8w,1,100013,GROCERY I,0.38147948164146867,-4.141666666666667,14.283237136421075
1,weekday_mean_8w,1,100014,GROCERY I,1.021153846153846,-2.1166666666666667,10.641842393298706
1,weekday_mean_8w,1,100015,GROCERY I,0.7567034700315457,4.175,19.668559483166458
1,weekday_mean_8w,1,100016,GROCERY I,1.2645833333333334,3.6,11.028898727563744
1,weekday_mean_8w,1,100017,GROCERY I,0.6172106824925816,-4.45,16.439404425256495
1,weekday_mean_8w,1,100018,GROCERY I,0.9818548387096774,-1.925,4.887072962710619
1,weekday_mean_8w,1,100019,GROCERY I,0.9768211920529801,4.2,11.294831308422198
1,weekday_mean_8w,1,100020,BEVERAGES,0.8595971563981043,2.908333333333333,13.482004098939056
1,weekday_mean_8w,1,100021,BEVERAGES,0.9521276595744681,0.21666666666666667,3.946762537043434
1,weekday_mean_8w,1,100022,BEVERAGES,0.7142857142857143,3.35,11.69365288766273
1,weekday_mean_8w,1,100023,BEVERAGES,0.8854748603351955,-3.4166666666666665,13.317857462105245
1,weekday_mean_8w,1,100024,BEVERAGES,1.0950704225352113,-0.7666666666666667,6.780662279776288
1,weekday_mean_8w,1,100025,BEVERAGES,1.4908536585365855,-0.425,5.67729657747166
1,weekday_mean_8w,1,100026,BEVERAGES,1.5,0.36666666666666664,2.66150914940771
1,weekday_mean_8w,1,100027,BEVERAGES,1.1555851063829787,5.291666666666667,8.547616975062754
1,weekday_mean_8w,1,100028,BEVERAGES,0.924812030075188,3.3,8.720588323862428
1,weekday_mean_8w,1,100029,BEVERAGES,1.7620967741935485,1.775,4.090821608011211
1,weekday_mean_8w,1,100030,BEVERAGES,1.3661764705882353,0.058333333333333334,9.51195989017936
1,weekday_mean_8w,1,100031,BEVERAGES,1.329724409448819,10.091666666666667,9.550788424198785
1,weekday_mean_8w,1,100032,BEVERAGES,0.7654639175257731,2.566666666666667,12.568106128875051
1,weekday_mean_8w,1,100033,PRODUCE,0.8676257273425542,6.415275,11.954106578389704
1,weekday_mean_8w,1,100034,PRODUCE,1.3005336879432623,5.117733333333334,15.052931182570468
1,weekday_mean_8w,1,100035,PRODUCE,1.3704852941176469,-0.6366833333333334,4.0235222849920165
1,weekday_mean_8w,1,100036,PRODUCE,0.36827265758435646,-6.902699999999999,10.420399041856212
1,weekday_mean_8w,1,100037,PRODUCE,0.8879310344827587,-2.9166666666666665,4.295363641127933
1,weekday_mean_8w,1,100038,PRODUCE,0.6496743076209754,0.02916666666666643,9.044268858729716
1,weekday_mean_8w,1,100039,PRODUCE,0.7130451807228916,-1.0154833333333333,4.781852650830633
1,weekday_mean_8w,1,100040,PRODUCE,1.0035997165776755,0.26428333333333337,3.3340265300125282
1,weekday_mean_8w,1,100041,CLEANING,1.55,0.26666666666666666,1.2025518501839962
1,weekday_mean_8w,1,100042,CLEANING,1.18125,0.4,3.698817378568453
1,weekday_mean_8w,1,100043,CLEANING,2.5,0.3333333333333333,0.7405154253883542
1,weekday_mean_8w,1,100044,CLEANING,0.6274630541871922,-2.075,11.40506231585656
1,weekday_mean_8w,1,100045,CLEANING,0.895579268292683,5.691666666666666,11.560001338770725
1,weekday_mean_8w,1,100046,CLEANING,5.925,1.725,1.2923193435503029
1,weekday_mean_8w,1,100047,DAIRY,1.2315671875,1.2468583333333334,7.892676120945849
1,weekday_mean_8w,1,100048,DAIRY,1.8338750000000001,0.4557333333333332,2.319698302363498
1,weekday_mean_8w,1,100049,DAIRY,1.0420914890136852,-0.2691,3.1227229386843964
1,weekday_mean_8w,1,100050,DAIRY,0.6540893462697814,-0.6041916666666668,8.552530381213352
1,weekday_mean_8w,1,100051,DAIRY,0.8489239013309258,-1.2077833333333332,4.292363129751351
1,weekday_mean_8w,1,100052,DAIRY,0.5389853413463068,-4.165233333333334,14.78041827800948
1,weekday_mean_8w,1,100053,BREAD/BAKERY,3.0809946177504397,1.236625,1.8260702555282478
1,weekday_mean_8w,1,100054,BREAD/BAKERY,0.6493366700179218,1.1158333333333332,4.5415161856896376
1,weekday_mean_8w,1,100055,BREAD/BAKERY,0.8595023196963307,-0.6863333333333335,3.790590343636965
1,weekday_mean_8w,1,100056,BREAD/BAKERY,1.05857802318625,2.4924083333333327,4.9808832324794805
1,weekday_mean_8w,1,100057,BREAD/BAKERY,1.3150256550384067,-0.48951666666666677,3.493368840972476
1,weekday_mean_8w,1,100058,DELI,1.6725436865161512,1.4079666666666666,2.4344382517303855
1,weekday_mean_8w,1,100059,DELI,0.7632003683085324,-1.4266916666666665,2.8736391732290723
1,weekday_mean_8w,1,100060,EGGS,4.973,0.8446,0.9638110032573813
1,weekday_mean_8w,2,100001,GROCERY I,1.045,-0.6333333333333333,4.944889738286338
1,weekday_mean_8w,2,100002,GROCERY I,0.889269406392694,6.666666666666667,44.13657442961509
1,weekday_mean_8w,2,100003,GROCERY I,1.1919191919191918,2.7666666666666666,8.14679311724792
1,weekday_mean_8w,2,100004,GROCERY I,0.6685924369747899,3.625,13.169821427360791
1,weekday_mean_8w,2,100005,GROCERY I,1.0863970588235294,-0.075,5.508272998733036
1,weekday_mean_8w,2,100006,GROCERY I,0.9866504854368932,-0.041666666666666664,8.329522938377226
1,weekday_mean_8w,2,100007,GROCERY I,1.4005681818181819,-0.008333333333333333,5.19302989822026
1,weekday_mean_8w,2,100008,GROCERY I,1.2875,-0.4666666666666667,2.184291865200471
1,weekday_mean_8w,2,100009,GROCERY I,1.8863636363636365,0.21666666666666667,4.5218879064053805
1,weekday_mean_8w,2,100010,GROCERY I,1.2175925925925926,-0.275,3.0030490457913888
1,weekday_mean_8w,2,100011,GROCERY I,2.5277777777777777,0.6166666666666667,1.9800718481432749
1,weekday_mean_8w,2,100012,GROCERY I,1.1063829787234043,-1.15,4.405049861887409
1,weekday_mean_8w,2,100013,GROCERY I,0.5647551546391752,3.675,19.0916960258343
1,weekday_mean_8w,2,100014,GROCERY I,0.6824596774193549,-1.1083333333333334,7.230556851374061
1,weekday_mean_8w,2,100015,GROCERY I,0.625,-8.091666666666667,24.751103270263286
1,weekday_mean_8w,2,100016,GROCERY I,1.1091269841269842,2.55,10.757347987040566
1,weekday_mean_8w,2,100017,GROCERY I,1.1639492753623188,4.691666666666666,11.53051722087749
1,weekday_mean_8w,2,100018,GROCERY I,2.46875,1.1666666666666667,4.9737405680328
1,weekday_mean_8w,2,100019,GROCERY I,0.7265193370165746,-0.65,10.791055323739194
1,weekday_mean_8w,2,100020,BEVERAGES,0.8187086092715232,2.1083333333333334,9.960958012350495
1,weekday_mean_8w,2,100021,BEVERAGES,0.9964285714285714,0.8,5.4889906045777535
1,weekday_mean_8w,2,100022,BEVERAGES,0.9660852713178295,2.058333333333333,10.38799387113155
1,weekday_mean_8w,2,100023,BEVERAGES,1.0040322580645162,4.1,16.97103625087671
1,weekday_mean_8w,2,100024,BEVERAGES,2.5580357142857144,2.6416666666666666,4.783217187904671
1,weekday_mean_8w,2,100025,BEVERAGES,3.175,1.85,1.4617137691275757
1,weekday_mean_8w,2,100026,BEVERAGES,1.4555555555555555,-0.8833333333333333,5.8149412436125845
1,weekday_mean_8w,2,100027,BEVERAGES,1.6045081967213115,3.675,6.655220829222294
1,weekday_mean_8w,2,100028,BEVERAGES,1.0218120805369129,0.55,14.184671681582401
1,weekday_mean_8w,2,100029,BEVERAGES,1.0607638888888888,-1.0916666666666666,6.321283963909623
1,weekday_mean_8w,2,100030,BEVERAGES,1.2518115942028984,3.058333333333333,6.069513003136092
1,weekday_mean_8w,2,100031,BEVERAGES,0.5556083650190115,-0.09166666666666666,12.710589183076936
1,weekday_mean_8w,2,100032,BEVERAGES,0.7412935323383084,-0.9666666666666667,11.733315154883103
1,weekday_mean_8w,2,100033,PRODUCE,0.5920654925823933,3.123091666666667,11.318832158775995
1,weekday_mean_8w,2,100034,PRODUCE,0.7205850903614457,3.9761583333333337,10.205289606907934
1,weekday_mean_8w,2,100035,PRODUCE,1.4935468749999998,0.34219166666666667,3.2269308273395825
1,weekday_mean_8w,2,100036,PRODUCE,0.35954288677198987,-1.9976916666666669,10.537812568430933
1,weekday_mean_8w,2,100037,PRODUCE,1.8876047068209014,1.3218666666666665,3.7902094379639437
1,weekday_mean_8w,2,100038,PRODUCE,1.0154175802272274,5.173116666666666,6.278809705332199
1,weekday_mean_8w,2,100039,PRODUCE,0.8832174781573479,-3.585483333333334,6.382256190237695
1,weekday_mean_8w,2,100040,PRODUCE,1.3890961931757024,0.015299999999999987,3.083171074125052
1,weekday_mean_8w,2,100041,CLEANING,1.9285714285714286,0.05,1.34446617127925
1,weekday_mean_8w,2,100042,CLEANING,1.263586956521739,-0.4583333333333333,4.668393600535821
1,weekday_mean_8w,2,100043,CLEANING,11.875,0.7583333333333333,0.5678646300794213
1,weekday_mean_8w,2,100044,CLEANING,0.7333333333333333,-1.25,10.76172533299643
1,weekday_mean_8w,2,100045,CLEANING,0.511520737327189,1.6,9.570602309751909
1,weekday_mean_8w,2,100046,CLEANING,1.395,0.39166666666666666,2.988021721728912
1,weekday_mean_8w,2,100047,DAIRY,0.905045413170809,-1.765083333333333,7.023300721601038
1,weekday_mean_8w,2,100048,DAIRY,1.4624394113749695,0.2818083333333334,3.3020103335704376
1,weekday_mean_8w,2,100049,DAIRY,2.001531754447979,1.6426833333333335,2.059534134251921
1,weekday_mean_8w,2,100050,DAIRY,1.1998133700988634,3.054641666666667,6.676953007137597
1,weekday_mean_8w,2,100051,DAIRY,1.8561483939922374,1.9216666666666666,5.326880476285436
1,weekday_mean_8w,2,100052,DAIRY,0.823264446952167,1.0134499999999995,18.051132593930515
1,weekday_mean_8w,2,100053,BREAD/BAKERY,1.161861861861862,-0.3640666666666667,3.066928823098505
1,weekday_mean_8w,2,100054,BREAD/BAKERY,0.9983979126382073,2.085733333333333,6.120527796573671
1,weekday_mean_8w,2,100055,BREAD/BAKERY,0.935573369961589,0.3698916666666667,3.065625341803777
1,weekday_mean_8w,2,100056,BREAD/BAKERY,0.8636228988010363,-1.3550833333333334,7.139061571993916
1,weekday_mean_8w,2,100057,BREAD/BAKERY,1.10175,-0.42250000000000004,3.140318717474617
1,weekday_mean_8w,2,100058,DELI,1.0812911026571115,-0.9081333333333335,3.459607074570271
1,weekday_mean_8w,2,100059,DELI,0.9254997134259922,-0.46083333333333343,2.0727715597692122
1,weekday_mean_8w,2,100060,EGGS,1.3908541666666665,0.01268333333333332,1.5345348039176316
1,weekday_mean_8w,3,100001,GROCERY I,2.3828125,1.375,2.510691424403132
1,weekday_mean_8w,3,100002,GROCERY I,0.5360845295055822,4.825,27.83356144759673
1,weekday_mean_8w,3,100003,GROCERY I,0.43037974683544306,-2.85,4.8796223507269785
1,weekday_mean_8w,3,100004,GROCERY I,0.603405315614618,-6.341666666666667,13.821362433704195
1,weekday_mean_8w,3,100005,GROCERY I,1.496875,1.175,5.098319050712416
1,weekday_mean_8w,3,100006,GROCERY I,2.1153846153846154,3.1,7.372911326509456
1,weekday_mean_8w,3,100007,GROCERY I,1.1736111111111112,-0.15833333333333333,5.214263290884597
1,weekday_mean_8w,3,100008,GROCERY I,1.3660714285714286,0.10833333333333334,1.549673544730662
1,weekday_mean_8w,3,100009,GROCERY I,2.9910714285714284,0.925,4.227302838183501
1,weekday_mean_8w,3,100010,GROCERY I,1.0056818181818181,-0.2916666666666667,1.7078251276599332
1,weekday_mean_8w,3,100011,GROCERY I,2.4,0.2,1.3626064833881528
1,weekday_mean_8w,3,100012,GROCERY I,1.1546052631578947,-0.14166666666666666,4.050150643876749
1,weekday_mean_8w,3,100013,GROCERY I,0.8580357142857142,9.3,18.178725792215786
1,weekday_mean_8w,3,100014,GROCERY I,1.2321428571428572,-0.23333333333333334,9.78882684249655
1,weekday_mean_8w,3,100015,GROCERY I,0.345873786407767,-6.441666666666666,13.153444234803873
1,weekday_mean_8w,3,100016,GROCERY I,1.0734126984126984,1.8666666666666667,10.025800051201236
1,weekday_mean_8w,3,100017,GROCERY I,0.5348939929328622,-2.691666666666667,13.169810128074126
1,weekday_mean_8w,3,100018,GROCERY I,1.5029761904761905,0.7583333333333333,4.965386140453683
1,weekday_mean_8w,3,100019,GROCERY I,1.0148648648648648,-0.9666666666666667,14.234128588244053
1,weekday_mean_8w,3,100020,BEVERAGES,0.7969512195121952,1.5583333333333333,13.228407833504521
1,weekday_mean_8w,3,100021,BEVERAGES,1.34375,1.5166666666666666,4.3264826800707725
1,weekday_mean_8w,3,100022,BEVERAGES,0.85546875,1.0083333333333333,11.609481449393401
1,weekday_mean_8w,3,100023,BEVERAGES,0.7666184971098265,1.0916666666666666,11.905643419744068
1,weekday_mean_8w,3,100024,BEVERAGES,2.7797619047619047,2.341666666666667,4.103424818136094
1,weekday_mean_8w,3,100025,BEVERAGES,1.3475609756097562,-0.06666666666666667,4.604895169687311
1,weekday_mean_8w,3,100026,BEVERAGES,0.9583333333333334,-0.4583333333333333,2.51853249976667
1,weekday_mean_8w,3,100027,BEVERAGES,1.1025280898876404,2.808333333333333,8.266199823607552
1,weekday_mean_8w,3,100028,BEVERAGES,0.9551886792452831,4.083333333333333,7.8562228898649575
1,weekday_mean_8w,3,100029,BEVERAGES,3.0729166666666665,2.125,1.758271269498213
1,weekday_mean_8w,3,100030,BEVERAGES,1.195754716981132,-0.21666666666666667,10.02891652506225
1,weekday_mean_8w,3,100031,BEVERAGES,1.0293624161073827,6.191666666666666,10.816124151777599
1,weekday_mean_8w,3,100032,BEVERAGES,0.8282374100719424,4.525,8.067267416630527
1,weekday_mean_8w,3,100033,PRODUCE,0.39947216386554624,-0.2022750000000001,7.947774033495166
1,weekday_mean_8w,3,100034,PRODUCE,0.6878048780487804,0.23546666666666644,12.240347144122627
1,weekday_mean_8w,3,100035,PRODUCE,1.315376304860254,0.35747500000000004,1.9076533020919033
1,weekday_mean_8w,3,100036,PRODUCE,0.8665299976693696,1.5618750000000001,17.232557785687344
1,weekday_mean_8w,3,100037,PRODUCE,1.6554782608695648,0.6038499999999999,3.376442707582832
1,weekday_mean_8w,3,100038,PRODUCE,0.725213527408302,-2.1761,10.209716413701914
1,weekday_mean_8w,3,100039,PRODUCE,0.932519022827393,-1.0814666666666668,4.327274973379677
1,weekday_mean_8w,3,100040,PRODUCE,1.1407187924462165,0.49796666666666656,4.194280485254664
1,weekday_mean_8w,3,100041,CLEANING,3.875,0.7166666666666667,0.9595230710147225
1,weekday_mean_8w,3,100042,CLEANING,0.978448275862069,-0.65,4.9303632871074665
1,weekday_mean_8w,3,100043,CLEANING,1.4464285714285714,0.19166666666666668,0.8849771318003217
1,weekday_mean_8w,3,100044,CLEANING,0.6527777777777778,2.075,7.908347759533232
1,weekday_mean_8w,3,100045,CLEANING,1.1149328859060403,8.158333333333333,11.493444042252127
1,weekday_mean_8w,3,100046,CLEANING,1.405,0.275,3.3190467650473727
1,weekday_mean_8w,3,100047,DAIRY,0.8551582922582701,-1.58925,5.073680006688228
1,weekday_mean_8w,3,100048,DAIRY,4.812875,1.2578583333333335,1.3151953657722526
1,weekday_mean_8w,3,100049,DAIRY,1.5239130434782608,1.1578833333333334,3.3388651687184003
1,weekday_mean_8w,3,100050,DAIRY,0.7925019841269841,1.1368500000000001,8.179398979350065
1,weekday_mean_8w,3,100051,DAIRY,0.8733941094830444,-3.315041666666666,4.815711737344999
1,weekday_mean_8w,3,100052,DAIRY,0.6762301024682605,5.102316666666666,9.975606551652039
1,weekday_mean_8w,3,100053,BREAD/BAKERY,1.1428657588591649,-0.39003333333333345,3.8285169246797803
1,weekday_mean_8w,3,100054,BREAD/BAKERY,0.5614354809651178,-1.9958999999999998,7.503202158257404
1,weekday_mean_8w,3,100055,BREAD/BAKERY,0.898119052887807,-0.76185,3.271660524147922
1,weekday_mean_8w,3,100056,BREAD/BAKERY,0.9822769903981492,1.5068666666666666,5.743180996894948
1,weekday_mean_8w,3,100057,BREAD/BAKERY,1.4210173639435963,0.07185,3.3913181020359073
1,weekday_mean_8w,3,100058,DELI,1.2790006455546392,0.6769083333333333,2.556754972593376
1,weekday_mean_8w,3,100059,DELI,0.8369271802025214,-0.9669583333333333,2.8991690283699443
1,weekday_mean_8w,3,100060,EGGS,1.3358088235294117,-0.08494999999999996,2.1869648344346033
1,weekday_mean_8w,4,100001,GROCERY I,1.3238636363636365,-0.325,7.0066613712544
1,weekday_mean_8w,4,100002,GROCERY I,0.35741666666666666,-20.741666666666667,42.20360054319446
1,weekday_mean_8w,4,100003,GROCERY I,1.1925133689839573,2.0833333333333335,18.620784917730536
1,weekday_mean_8w,4,100004,GROCERY I,0.6269662921348315,-6.516666666666667,23.334517401929535
1,weekday_mean_8w,4,100005,GROCERY I,2.364130434782609,4.133333333333334,6.660361601795105
1,weekday_mean_8w,4,100006,GROCERY I,0.9021739130434783,-0.4166666666666667,9.249477140949773
1,weekday_mean_8w,4,100007,GROCERY I,1.2346938775510203,0.5,4.584523654956657
1,weekday_mean_8w,4,100008,GROCERY I,1.3452380952380953,-0.4,2.6701892656300066
1,weekday_mean_8w,4,100009,GROCERY I,2.22,1.6833333333333333,3.549983232690114
1,weekday_mean_8w,4,100010,GROCERY I,1.2211538461538463,0.08333333333333333,2.7833475904967044
1,weekday_mean_8w,4,100011,GROCERY I,1.411764705882353,0.016666666666666666,1.9570537866419317
1,weekday_mean_8w,4,100012,GROCERY I,1.0697115384615385,-0.625,5.162969107015845
1,weekday_mean_8w,4,100013,GROCERY I,0.8067956349206349,6.425,31.664176750481204
1,weekday_mean_8w,4,100014,GROCERY I,1.0068681318681318,-5.666666666666667,14.84215060305647
1,weekday_mean_8w,4,100015,GROCERY I,0.7165789473684211,7.258333333333334,28.877027861177787
1,weekday_mean_8w,4,100016,GROCERY I,0.8745247148288974,-3.05,17.687313855658562
1,weekday_mean_8w,4,100017,GROCERY I,0.4451073985680191,-5.316666666666666,15.471089589787724
1,weekday_mean_8w,4,100018,GROCERY I,1.0906593406593406,-0.1,7.932499831164737
1,weekday_mean_8w,4,100019,GROCERY I,0.834915611814346,1.3916666666666666,15.05383691795487
1,weekday_mean_8w,4,100020,BEVERAGES,0.8518867924528302,5.433333333333334,19.373782603842553
1,weekday_mean_8w,4,100021,BEVERAGES,1.0317307692307693,-4.341666666666667,10.755030661221264
1,weekday_mean_8w,4,100022,BEVERAGES,1.5576388888888888,10.525,19.00112778607778
1,weekday_mean_8w,4,100023,BEVERAGES,1.0057339449541285,1.3833333333333333,19.251650362155104
1,weekday_mean_8w,4,100024,BEVERAGES,0.8866279069767442,1.0,5.646387909856303
1,weekday_mean_8w,4,100025,BEVERAGES,1.019396551724138,-0.525,5.208209522337924
1,weekday_mean_8w,4,100026,BEVERAGES,0.9884259259259259,0.49166666666666664,4.397256314480439
1,weekday_mean_8w,4,100027,BEVERAGES,0.8726851851851852,0.35833333333333334,11.364189001713527
1,weekday_mean_8w,4,100028,BEVERAGES,0.6785087719298246,-0.9083333333333333,16.62214440208632
1,weekday_mean_8w,4,100029,BEVERAGES,1.486328125,0.25833333333333336,9.025196212086842
1,weekday_mean_8w,4,100030,BEVERAGES,1.2543478260869565,1.7666666666666666,10.522495743247733
1,weekday_mean_8w,4,100031,BEVERAGES,0.5109315589353612,-1.075,12.215311673703388
1,weekday_mean_8w,4,100032,BEVERAGES,1.5235849056603774,9.283333333333333,17.068367428276982
1,weekday_mean_8w,4,100033,PRODUCE,0.9201954732510288,8.308058333333333,19.660335033151746
1,weekday_mean_8w,4,100034,PRODUCE,0.46427971451595546,-6.301783333333333,14.688865630620853
1,weekday_mean_8w,4,100035,PRODUCE,2.3234884368904987,1.0429333333333333,2.177434383681422
1,weekday_mean_8w,4,100036,PRODUCE,0.5530878544987731,-8.461916666666665,24.15032746804871
1,weekday_mean_8w,4,100037,PRODUCE,0.9666089911702177,-1.8289000000000002,5.689720130497884
1,weekday_mean_8w,4,100038,PRODUCE,0.5992292057928963,-0.05888333333333359,13.849470257360887
1,weekday_mean_8w,4,100039,PRODUCE,0.9205046989840768,-0.5689166666666665,8.047028304873454
1,weekday_mean_8w,4,100040,PRODUCE,1.0272167968750001,-0.5911749999999998,5.257027664316867
1,weekday_mean_8w,4,100041,CLEANING,1.9772727272727273,0.23333333333333334,1.9791697994962674
1,weekday_mean_8w,4,100042,CLEANING,1.3695652173913044,0.6666666666666666,7.329561394660342
1,weekday_mean_8w,4,100043,CLEANING,0.9296875,-0.24166666666666667,1.5319999378341402
1,weekday_mean_8w,4,100044,CLEANING,0.7845588235294118,5.658333333333333,9.017773455528703
1,weekday_mean_8w,4,100045,CLEANING,0.4505208333333333,2.375,13.39151183719427
1,weekday_mean_8w,4,100046,CLEANING,0.774390243902439,-0.21666666666666667,2.641304241324368
1,weekday_mean_8w,4,100047,DAIRY,0.9421742310711486,2.288925,6.024440438005129
1,weekday_mean_8w,4,100048,DAIRY,1.0314295108601048,-1.3218666666666665,5.397898809016425
1,weekday_mean_8w,4,100049,DAIRY,1.5966748935477744,0.02526666666666664,5.085120555765288
1,weekday_mean_8w,4,100050,DAIRY,0.8936094054437033,5.726216666666667,8.182320194854938
1,weekday_mean_8w,4,100051,DAIRY,1.036231884057971,0.6656,5.879340813770221
1,weekday_mean_8w,4,100052,DAIRY,0.5523639803626034,3.2092833333333317,17.560090255464505
1,weekday_mean_8w,4,100053,BREAD/BAKERY,1.38991893475713,-0.3579166666666667,3.584826928997144
1,weekday_mean_8w,4,100054,BREAD/BAKERY,0.5063519656336396,-3.453775,10.237975255866374
1,weekday_mean_8w,4,100055,BREAD/BAKERY,0.7452181232759721,-2.244175,6.572447564691939
1,weekday_mean_8w,4,100056,BREAD/BAKERY,0.7818442787580706,4.119816666666667,6.281347016462332
1,weekday_mean_8w,4,100057,BREAD/BAKERY,2.8229166666666665,1.3367333333333336,2.416158742025587
1,weekday_mean_8w,4,100058,DELI,1.721581174166929,1.7625333333333335,3.484337630954855
1,weekday_mean_8w,4,100059,DELI,1.0853711969767503,0.11606666666666664,3.255818711109864
1,weekday_mean_8w,4,100060,EGGS,2.222706113830502,0.8699416666666668,1.628619181147754
1,weekday_mean_8w,5,100001,GROCERY I,1.0828651685393258,-1.8916666666666666,7.3396347385437455
1,weekday_mean_8w,5,100002,GROCERY I,0.8046440489432704,14.241666666666667,56.131551213793
1,weekday_mean_8w,5,100003,GROCERY I,1.1314516129032257,2.1083333333333334,14.337362736504062
1,weekday_mean_8w,5,100004,GROCERY I,0.41383219954648526,-1.4333333333333333,15.239008529178692
1,weekday_mean_8w,5,100005,GROCERY I,1.3088235294117647,1.3333333333333333,6.267594282915742
1,weekday_mean_8w,5,100006,GROCERY I,1.3193069306930694,2.783333333333333,9.822244554847842
1,weekday_mean_8w,5,100007,GROCERY I,0.8229166666666666,-0.11666666666666667,6.015134681625611
1,weekday_mean_8w,5,100008,GROCERY I,1.703125,-0.075,1.383738466205642
1,weekday_mean_8w,5,100009,GROCERY I,1.8625,1.1833333333333333,2.869508212386293
1,weekday_mean_8w,5,100010,GROCERY I,1.0611111111111111,-1.0666666666666667,4.399895155677278
1,weekday_mean_8w,5,100011,GROCERY I,1.046875,-1.0583333333333333,2.519950160126944
1,weekday_mean_8w,5,100012,GROCERY I,1.2391304347826086,-0.18333333333333332,5.1345439589769475
1,weekday_mean_8w,5,100013,GROCERY I,0.430859375,-0.6,23.3339593878597
1,weekday_mean_8w,5,100014,GROCERY I,1.244140625,0.5333333333333333,12.591137992746365
1,weekday_mean_8w,5,100015,GROCERY I,0.611984282907662,2.6,27.86079074100887
1,weekday_mean_8w,5,100016,GROCERY I,0.5254491017964071,-6.4,15.083413904020537
1,weekday_mean_8w,5,100017,GROCERY I,0.8289473684210527,-0.9166666666666666,25.01243738242085
1,weekday_mean_8w,5,100018,GROCERY I,1.189516129032258,-0.9333333333333333,6.165838103924682
1,weekday_mean_8w,5,100019,GROCERY I,1.011111111111111,3.55,17.37293153155218
1,weekday_mean_8w,5,100020,BEVERAGES,0.8198529411764706,1.4,17.20330117822075
1,weekday_mean_8w,5,100021,BEVERAGES,1.176948051948052,0.7416666666666667,8.993110789191173
1,weekday_mean_8w,5,100022,BEVERAGES,0.8371323529411765,-2.725,24.820795212885503
1,weekday_mean_8w,5,100023,BEVERAGES,1.229878048780488,9.491666666666667,19.87255525545098
1,weekday_mean_8w,5,100024,BEVERAGES,1.8869047619047619,2.4833333333333334,5.92378428355517
1,weekday_mean_8w,5,100025,BEVERAGES,3.783333333333333,2.6,3.9944716260637745
1,weekday_mean_8w,5,100026,BEVERAGES,1.19,-0.6666666666666666,7.585916619129224
1,weekday_mean_8w,5,100027,BEVERAGES,2.0513392857142856,8.933333333333334,16.74565953001667
1,weekday_mean_8w,5,100028,BEVERAGES,0.7193509615384616,-2.0083333333333333,13.03330783397822
1,weekday_mean_8w,5,100029,BEVERAGES,2.2042682926829267,4.775,4.923340909817815
1,weekday_mean_8w,5,100030,BEVERAGES,1.4474789915966386,5.816666666666666,14.197181770974662
1,weekday_mean_8w,5,100031,BEVERAGES,1.5287990196078431,8.158333333333333,24.142918339595585
1,weekday_mean_8w,5,100032,BEVERAGES,0.6131840796019901,4.233333333333333,9.150510654498756
1,weekday_mean_8w,5,100033,PRODUCE,0.5650628872233063,-5.907525000000001,19.18866242629402
1,weekday_mean_8w,5,100034,PRODUCE,0.6613159073081967,-1.5842000000000003,18.3828193037174
1,weekday_mean_8w,5,100035,PRODUCE,2.201388888888889,1.4803166666666667,2.4184917234136316
1,weekday_mean_8w,5,100036,PRODUCE,0.5639571960297767,-1.3840999999999994,19.485058355653297
1,weekday_mean_8w,5,100037,PRODUCE,2.4642857142857144,1.5,2.254954861759195
1,weekday_mean_8w,5,100038,PRODUCE,0.84175807717967,2.0025333333333335,14.855052380018565
1,weekday_mean_8w,5,100039,PRODUCE,0.7849016203703703,-1.6661416666666669,6.0053116839659015
1,weekday_mean_8w,5,100040,PRODUCE,0.9270245901639345,-1.0972,5.113168256360937
1,weekday_mean_8w,5,100041,CLEANING,1.0,-0.1,1.3571898488105065
1,weekday_mean_8w,5,100042,CLEANING,2.4125,4.808333333333334,3.4261555228370275
1,weekday_mean_8w,5,100043,CLEANING,2.390625,0.675,1.3022987916976436
1,weekday_mean_8w,5,100044,CLEANING,0.6067073170731707,1.6416666666666666,10.516129901025284
1,weekday_mean_8w,5,100045,CLEANING,0.7662037037037037,5.341666666666667,18.10956649976812
1,weekday_mean_8w,5,100046,CLEANING,2.0052083333333335,2.2083333333333335,3.354323791055076
1,weekday_mean_8w,5,100047,DAIRY,0.8990367647058823,1.7794166666666669,4.44828867818114
1,weekday_mean_8w,5,100048,DAIRY,0.9158584109114526,-0.5600999999999999,3.3393217350234465
1,weekday_mean_8w,5,100049,DAIRY,1.1092325111695944,-0.10906666666666667,2.9281218283511814
1,weekday_mean_8w,5,100050,DAIRY,0.8039345814963282,1.6269,9.916572794758784
1,weekday_mean_8w,5,100051,DAIRY,1.705,1.937116666666667,3.60526043320316
1,weekday_mean_8w,5,100052,DAIRY,0.5996340543259557,-6.436291666666666,25.037206091753774
1,weekday_mean_8w,5,100053,BREAD/BAKERY,1.2534840351805652,-0.15018333333333345,4.166728036327814
1,weekday_mean_8w,5,100054,BREAD/BAKERY,0.6090073872576474,-2.422416666666666,11.091627114556415
1,weekday_mean_8w,5,100055,BREAD/BAKERY,1.540883579630297,2.237433333333333,4.586555289031763
1,weekday_mean_8w,5,100056,BREAD/BAKERY,0.8181071428571428,0.9862333333333334,10.615635828127143
1,weekday_mean_8w,5,100057,BREAD/BAKERY,1.6508950546069838,0.6103583333333334,3.528603873570591
1,weekday_mean_8w,5,100058,DELI,1.1458192787340258,-0.28538333333333327,4.626548889886061
1,weekday_mean_8w,5,100059,DELI,1.1857375741389475,0.2923000000000001,2.798557926957331
1,weekday_mean_8w,5,100060,EGGS,3.505214285714285,0.9691,1.6274040576833664
1,weekday_mean_8w,6,100001,GROCERY I,1.1433823529411764,-0.575,3.7831274854845396
1,weekday_mean_8w,6,100002,GROCERY I,0.36859540636042404,1.2416666666666667,20.772065863512356
1,weekday_mean_8w,6,100003,GROCERY I,0.9558823529411765,0.0,8.069314672617143
1,weekday_mean_8w,6,100004,GROCERY I,0.5317357512953368,-1.275,8.525722633804799
1,weekday_mean_8w,6,100005,GROCERY I,4.291666666666667,2.3583333333333334,1.4148973545135788
1,weekday_mean_8w,6,100006,GROCERY I,0.9157303370786517,-2.433333333333333,8.127591161914955
1,weekday_mean_8w,6,100007,GROCERY I,1.3,-0.13333333333333333,4.015446366695678
1,weekday_mean_8w,6,100008,GROCERY I,1.8125,0.125,0.31339158526400435
1,weekday_mean_8w,6,100009,GROCERY I,1.1875,-0.15833333333333333,1.8080096265019745
1,weekday_mean_8w,6,100010,GROCERY I,1.3125,-0.25,1.804631937147137
1,weekday_mean_8w,6,100011,GROCERY I,1.7708333333333333,0.125,1.0044543650303739
1,weekday_mean_8w,6,100012,GROCERY I,3.125,1.2333333333333334,2.5044008883411237
1,weekday_mean_8w,6,100013,GROCERY I,0.46653225806451615,-2.6083333333333334,11.470835171155128
1,weekday_mean_8w,6,100014,GROCERY I,0.7375,-0.5833333333333334,5.112935858705651
1,weekday_mean_8w,6,100015,GROCERY I,0.5932459677419355,-0.8416666666666667,12.461948034297198
1,weekday_mean_8w,6,100016,GROCERY I,0.7216981132075472,-0.25,6.234623943293269
1,weekday_mean_8w,6,100017,GROCERY I,0.534688995215311,-2.5,8.591030413834453
1,weekday_mean_8w,6,100018,GROCERY I,0.8571428571428571,-0.8333333333333334,2.9830872470998098
1,weekday_mean_8w,6,100019,GROCERY I,0.5958904109589042,-0.6833333333333333,7.010334633001956
1,weekday_mean_8w,6,100020,BEVERAGES,0.8063271604938271,0.5083333333333333,10.4955843890022
1,weekday_mean_8w,6,100021,BEVERAGES,0.8017241379310345,-0.26666666666666666,3.6335695095804046
1,weekday_mean_8w,6,100022,BEVERAGES,0.930921052631579,0.7416666666666667,8.656962859593483
1,weekday_mean_8w,6,100023,BEVERAGES,0.6914893617021277,-0.31666666666666665,8.937639442801652
1,weekday_mean_8w,6,100024,BEVERAGES,0.8255208333333334,-0.7083333333333334,3.1790562765581565
1,weekday_mean_8w,6,100025,BEVERAGES,1.75,0.5166666666666667,2.2459619850067005
1,weekday_mean_8w,6,100026,BEVERAGES,1.12,-0.5333333333333333,2.2041289716823567
1,weekday_mean_8w,6,100027,BEVERAGES,1.4736842105263157,2.7333333333333334,5.9502901089738796
1,weekday_mean_8w,6,100028,BEVERAGES,0.7221074380165289,0.725,6.932905492751836
1,weekday_mean_8w,6,100029,BEVERAGES,3.625,1.7,2.0797707634668368
1,weekday_mean_8w,6,100030,BEVERAGES,0.7432795698924731,-1.575,5.8686896201062515
1,weekday_mean_8w,6,100031,BEVERAGES,0.78125,0.45,8.658423850299117
1,weekday_mean_8w,6,100032,BEVERAGES,1.1291666666666667,0.475,8.052312223383861
1,weekday_mean_8w,6,100033,PRODUCE,0.6175728726819871,-0.667633333333333,10.199591089871948
1,weekday_mean_8w,6,100034,PRODUCE,0.805883852345427,1.3446500000000001,8.651654976278898
1,weekday_mean_8w,6,100035,PRODUCE,1.3920892857142857,0.19743333333333332,1.5021032931439198
1,weekday_mean_8w,6,100036,PRODUCE,0.5582746448125606,-2.3473083333333324,10.148879531296734
1,weekday_mean_8w,6,100037,PRODUCE,1.205324256774533,-0.6883,3.322435695121018
1,weekday_mean_8w,6,100038,PRODUCE,0.3864753393350099,-0.7555499999999998,3.9035257594211266
1,weekday_mean_8w,6,100039,PRODUCE,1.2902370689655172,0.7067583333333333,2.8501517031471115
1,weekday_mean_8w,6,100040,PRODUCE,1.0204807692307691,0.12991666666666662,1.9533902657958424
1,weekday_mean_8w,6,100041,CLEANING,1.55,-0.16666666666666666,1.8825245840423463
1,weekday_mean_8w,6,100042,CLEANING,1.4768518518518519,0.7583333333333333,3.229491151131722
1,weekday_mean_8w,6,100043,CLEANING,3.4583333333333335,0.475,0.6324555320336759
1,weekday_mean_8w,6,100044,CLEANING,0.5070754716981132,0.9833333333333333,4.5720586433351045
1,weekday_mean_8w,6,100045,CLEANING,0.6062091503267973,0.65,8.275151056023086
1,weekday_mean_8w,6,100046,CLEANING,1.125,-0.45,2.0104636991784472
1,weekday_mean_8w,6,100047,DAIRY,0.9731361490727154,-0.5759500000000002,4.770201821641976
1,weekday_mean_8w,6,100048,DAIRY,1.0245432022297922,-0.42330000000000007,1.7584463571776732
1,weekday_mean_8w,6,100049,DAIRY,4.968062500000001,0.9081499999999999,1.378430184219664
1,weekday_mean_8w,6,100050,DAIRY,1.4705539772727276,3.385358333333334,4.037785934387127
1,weekday_mean_8w,6,100051,DAIRY,1.9717023809523808,1.0961666666666665,2.9881131127690566
1,weekday_mean_8w,6,100052,DAIRY,0.578266785154439,-5.350475,11.584417382692518
1,weekday_mean_8w,6,100053,BREAD/BAKERY,1.3717565789473685,0.22892500000000002,1.9569146867125886
1,weekday_mean_8w,6,100054,BREAD/BAKERY,0.805973076923077,1.1906333333333337,4.320671719815874
1,weekday_mean_8w,6,100055,BREAD/BAKERY,1.1782265625,0.02865000000000002,3.4539076337404735
1,weekday_mean_8w,6,100056,BREAD/BAKERY,0.7136612842658655,0.48683333333333345,3.966169944451928
1,weekday_mean_8w,6,100057,BREAD/BAKERY,0.9648849999999999,-0.7448083333333333,2.0818121317579363
1,weekday_mean_8w,6,100058,DELI,1.2794833333333335,0.20411666666666672,1.5799660170019332
1,weekday_mean_8w,6,100059,DELI,0.7382781267846945,-0.06391666666666666,1.275797885556982
1,weekday_mean_8w,6,100060,EGGS,1.1789553571428573,-0.034408333333333325,1.4026716261384236
1,lightgbm_recursive,1,100001,GROCERY I,1.1181807851328853,-0.8950729254093589,4.5394243617217205
1,lightgbm_recursive,1,100002,GROCERY I,0.555309391510952,-0.09147842229886484,40.204678903603686
1,lightgbm_recursive,1,100003,GROCERY I,0.9361285980292081,2.75439306997784,7.8755016151090755
1,lightgbm_recursive,1,100004,GROCERY I,0.39982436758612616,-2.2231704549533218,11.023359217688304
1,lightgbm_recursive,1,100005,GROCERY I,1.0887103177961062,0.44770014657852786,4.950899214928509
1,lightgbm_recursive,1,100006,GROCERY I,0.9985139234141845,-3.0792615192003323,10.72549214208538
1,lightgbm_recursive,1,100007,GROCERY I,1.1526932782634127,-0.6212873071018646,5.5686210561732725
1,lightgbm_recursive,1,100008,GROCERY I,1.3755946289858578,-0.14964536454248806,1.8570798702671718
1,lightgbm_recursive,1,100009,GROCERY I,2.51001546434523,1.2834471911194905,1.2768440253701088
1,lightgbm_recursive,1,100010,GROCERY I,0.9969363596829717,-0.9910114564118406,2.6904002672406375
1,lightgbm_recursive,1,100011,GROCERY I,1.6466236823356326,0.19365111690662432,1.6066290753881305
1,lightgbm_recursive,1,100012,GROCERY I,1.0580089621518727,-0.030613647231671415,2.8810601433583383
1,lightgbm_recursive,1,100013,GROCERY I,0.36204448514393145,-3.8699776388294045,13.536102590218189
1,lightgbm_recursive,1,100014,GROCERY I,0.9686879063278964,-2.0107603061204187,9.7505709207823
1,lightgbm_recursive,1,100015,GROCERY I,0.8724173284089972,4.184802421334287,21.68822660326841
1,lightgbm_recursive,1,100016,GROCERY I,1.096748319474471,3.6041138805447757,9.457398336718342
1,lightgbm_recursive,1,100017,GROCERY I,0.591923169070029,-5.6854175883651505,14.16428518849388
1,lightgbm_recursive,1,100018,GROCERY I,0.9630967041663762,-1.1500196075343492,4.786495514061484
1,lightgbm_recursive,1,100019,GROCERY I,1.0170032316709803,2.8370027479346396,11.49237737984508
1,lightgbm_recursive,1,100020,BEVERAGES,0.8608196580286624,-1.4277755938272663,14.33034483523624
1,lightgbm_recursive,1,100021,BEVERAGES,1.164604569738568,0.5209626015316215,4.404330462505474
1,lightgbm_recursive,1,100022,BEVERAGES,0.5932000183828141,-0.9867593168101016,11.82890541184512
1,lightgbm_recursive,1,100023,BEVERAGES,0.8929056244203677,-1.0587331197256407,12.697771028970346
1,lightgbm_recursive,1,100024,BEVERAGES,1.1859519044053033,-1.0110350097417824,6.76331144199928
1,lightgbm_recursive,1,100025,BEVERAGES,1.390017519701939,-0.6401482827722563,5.392107608883548
1,lightgbm_recursive,1,100026,BEVERAGES,1.7328369217882085,0.7310414087793398,2.584519816206999
1,lightgbm_recursive,1,100027,BEVERAGES,0.9088619496759558,0.7619161666118238,6.562346334757846
1,lightgbm_recursive,1,100028,BEVERAGES,0.9236637475360513,-0.5499101866822308,9.785898250067556
1,lightgbm_recursive,1,100029,BEVERAGES,1.5868149519925525,0.5967361469536986,4.007478580945882
1,lightgbm_recursive,1,100030,BEVERAGES,1.212645321359333,0.05666929065765031,8.273369855879801
1,lightgbm_recursive,1,100031,BEVERAGES,0.8379459631717282,3.8651018782887574,8.306383401464885
1,lightgbm_recursive,1,100032,BEVERAGES,0.7489752412347039,-2.409045518962783,11.510801182598641
1,lightgbm_recursive,1,100033,PRODUCE,0.8299085845567827,5.566167900817662,11.216600577665783
1,lightgbm_recursive,1,100034,PRODUCE,1.2305952179158968,5.513818151371277,14.455527246367659
1,lightgbm_recursive,1,100035,PRODUCE,1.0644740006939386,-0.6970326422008507,3.2549632464355525
1,lightgbm_recursive,1,100036,PRODUCE,0.3479812738133825,-7.441257290519741,11.267889214059215
1,lightgbm_recursive,1,100037,PRODUCE,0.8630278779935298,-1.733594906753659,4.186826148825354
1,lightgbm_recursive,1,100038,PRODUCE,0.6127224798934321,0.5608650211765582,8.712063450896094
1,lightgbm_recursive,1,100039,PRODUCE,0.7106164185264999,-1.3778800664313058,4.534581433490216
1,lightgbm_recursive,1,100040,PRODUCE,1.0648296498632372,-0.11900552074282936,3.333032234435388
1,lightgbm_recursive,1,100041,CLEANING,1.319311332738463,-0.02630447549275276,1.108816800667745
1,lightgbm_recursive,1,100042,CLEANING,1.0878425844907313,0.09837383547507568,3.444344380573764
1,lightgbm_recursive,1,100043,CLEANING,2.867419584316207,0.5150429977415615,0.6399735388055076
1,lightgbm_recursive,1,100044,CLEANING,0.5008078224182834,-3.8305470270603763,8.76379647585272
1,lightgbm_recursive,1,100045,CLEANING,0.7616193985293813,2.4419812804756953,10.871967954944736
1,lightgbm_recursive,1,100046,CLEANING,4.438915553056847,1.2308273422312397,0.9266590280093302
1,lightgbm_recursive,1,100047,DAIRY,1.0288408341265016,-0.7460941923712556,7.151303724101037
1,lightgbm_recursive,1,100048,DAIRY,1.8335937147535462,0.7837146818741367,1.9106361182118514
1,lightgbm_recursive,1,100049,DAIRY,1.006188925285236,-0.4413487783005256,3.185336523346259
1,lightgbm_recursive,1,100050,DAIRY,0.5368169897725208,-0.7792333188247481,7.244009303598629
1,lightgbm_recursive,1,100051,DAIRY,0.7478466424424315,-1.3004781912365353,3.697882277821895
1,lightgbm_recursive,1,100052,DAIRY,0.5341983981152153,-2.783883764204404,14.606940008411028
1,lightgbm_recursive,1,100053,BREAD/BAKERY,2.87928995446689,1.0917130288127863,1.6708266397168912
1,lightgbm_recursive,1,100054,BREAD/BAKERY,0.765341341139265,1.3423988679120564,5.572084763055291
1,lightgbm_recursive,1,100055,BREAD/BAKERY,0.8977058569455868,-0.8298633568001089,3.952255341802309
1,lightgbm_recursive,1,100056,BREAD/BAKERY,1.1467055669029536,2.1016563588488726,5.1612504640041195
1,lightgbm_recursive,1,100057,BREAD/BAKERY,1.132305785198622,-0.5625412722631328,2.9941801486819704
1,lightgbm_recursive,1,100058,DELI,1.4092966503643145,0.6181176081560259,2.0903168022020804
1,lightgbm_recursive,1,100059,DELI,0.7924072818730525,-1.3994829809153702,2.742169434429138
1,lightgbm_recursive,1,100060,EGGS,5.075935275031907,0.8991959588054499,0.5524151582099482
1,lightgbm_recursive,2,100001,GROCERY I,1.0838531069225505,-0.4869325208674483,4.750465892996891
1,lightgbm_recursive,2,100002,GROCERY I,0.8317280251152297,12.000665212104622,41.52758918737025
1,lightgbm_recursive,2,100003,GROCERY I,1.293553532028928,2.769664037370154,9.275181580603341
1,lightgbm_recursive,2,100004,GROCERY I,0.7204354199162547,4.584031460756942,13.70337392157645
1,lightgbm_recursive,2,100005,GROCERY I,0.9452050895934135,-0.3181709313663346,4.646944261401865
1,lightgbm_recursive,2,100006,GROCERY I,0.9521249940919206,-0.2790735800280705,8.545324996636403
1,lightgbm_recursive,2,100007,GROCERY I,1.3945879983765357,0.5053941340673402,4.918323481266256
1,lightgbm_recursive,2,100008,GROCERY I,1.096026408845305,-0.6890328257600087,1.8359029645713272
1,lightgbm_recursive,2,100009,GROCERY I,1.8417178051397924,0.43707956716921464,4.148586607863697
1,lightgbm_recursive,2,100010,GROCERY I,1.175464657416606,-0.42938447356604875,3.0076088793994895
1,lightgbm_recursive,2,100011,GROCERY I,1.891820614848329,0.275029346452064,1.4025980917220395
1,lightgbm_recursive,2,100012,GROCERY I,1.1204080197388464,-0.7958864180701148,4.160350209110083
1,lightgbm_recursive,2,100013,GROCERY I,0.51511983638122,2.002625382796785,17.48640133449021
1,lightgbm_recursive,2,100014,GROCERY I,0.8401343691867347,-1.5540161876214298,8.370096154263184
1,lightgbm_recursive,2,100015,GROCERY I,0.5773549825798568,-6.934930592929322,23.974185674218706
1,lightgbm_recursive,2,100016,GROCERY I,1.042014246979976,2.2387940632255643,9.492697899709565
1,lightgbm_recursive,2,100017,GROCERY I,1.2204801823350704,6.2483910976976444,11.649897958944964
1,lightgbm_recursive,2,100018,GROCERY I,2.108070796130136,1.4422943315057355,3.7106563564112602
1,lightgbm_recursive,2,100019,GROCERY I,0.824840912490765,0.929005611672139,11.613490187860505
1,lightgbm_recursive,2,100020,BEVERAGES,0.9206163510265523,1.6585599094148331,10.711980742643641
1,lightgbm_recursive,2,100021,BEVERAGES,0.9620985963617157,-0.8291139253982521,5.495135276829018
1,lightgbm_recursive,2,100022,BEVERAGES,1.0665209326943585,2.682814100074618,10.67730046633531
1,lightgbm_recursive,2,100023,BEVERAGES,0.7787437107323147,0.9390161565446824,11.978577983349743
1,lightgbm_recursive,2,100024,BEVERAGES,2.244684097385164,1.7660163537642242,4.299994006054396
1,lightgbm_recursive,2,100025,BEVERAGES,2.817913680579182,1.377725087303952,1.530760480753628
1,lightgbm_recursive,2,100026,BEVERAGES,1.2001616529258936,-0.9608058814746718,5.102004834934835
1,lightgbm_recursive,2,100027,BEVERAGES,1.3547407928383108,2.1065935954751125,5.930413070754648
1,lightgbm_recursive,2,100028,BEVERAGES,0.9028049318300321,-0.5426964418663773,11.188531028115525
1,lightgbm_recursive,2,100029,BEVERAGES,0.8723944743028065,-2.0073607235937376,4.898340742654055
1,lightgbm_recursive,2,100030,BEVERAGES,1.3415379044115987,2.739876490356837,6.2525839674433685
1,lightgbm_recursive,2,100031,BEVERAGES,0.6378553897460584,-4.440963833051066,13.544657464553529
1,lightgbm_recursive,2,100032,BEVERAGES,0.6894115387599616,-1.8548652933324423,10.493411255709658
1,lightgbm_recursive,2,100033,PRODUCE,0.5697034840948627,1.23001410526818,10.967277299976955
1,lightgbm_recursive,2,100034,PRODUCE,0.6840072961725475,2.5373756205097626,9.223656237849658
1,lightgbm_recursive,2,100035,PRODUCE,1.3240912357952195,-0.14205226569143822,3.2061410097722636
1,lightgbm_recursive,2,100036,PRODUCE,0.3734858752922048,-3.781536986941238,10.50876854273782
1,lightgbm_recursive,2,100037,PRODUCE,1.4631378691436376,0.6748936022656341,3.267602887853603
1,lightgbm_recursive,2,100038,PRODUCE,1.135006971188634,5.793521213153924,7.388500891671785
1,lightgbm_recursive,2,100039,PRODUCE,0.8096242653231621,-2.698122081659922,6.335888428523288
1,lightgbm_recursive,2,100040,PRODUCE,1.5901202788462956,0.6933456314339395,3.1272258639974715
1,lightgbm_recursive,2,100041,CLEANING,1.7920814392211104,0.15615146626431273,1.1094258625460511
1,lightgbm_recursive,2,100042,CLEANING,1.0383747090834508,-0.26631991233728514,3.91402055859387
1,lightgbm_recursive,2,100043,CLEANING,11.100826106119527,0.7181596478367737,0.2653249753394071
1,lightgbm_recursive,2,100044,CLEANING,0.6958614723793046,-2.5342412455519905,9.827930252465352
1,lightgbm_recursive,2,100045,CLEANING,0.4895276694229903,-1.9162889414841113,8.69499470326598
1,lightgbm_recursive,2,100046,CLEANING,1.3073732271724847,-0.08992176919684296,2.843760286617372
1,lightgbm_recursive,2,100047,DAIRY,0.7913845373310731,-2.3102755732790032,5.690666425670917
1,lightgbm_recursive,2,100048,DAIRY,1.1877261974736788,-0.07800041321112973,2.845398856271378
1,lightgbm_recursive,2,100049,DAIRY,1.8355341169782926,0.835144582146807,2.1464856649676807
1,lightgbm_recursive,2,100050,DAIRY,1.127384492038775,3.144222276627151,5.814283007838977
1,lightgbm_recursive,2,100051,DAIRY,1.43108009224607,0.9555931864584086,4.527684038648667
1,lightgbm_recursive,2,100052,DAIRY,0.8155602281302067,0.217841062795641,16.800933674183497
1,lightgbm_recursive,2,100053,BREAD/BAKERY,1.267920499810698,-0.2604852043735981,3.289457537535581
1,lightgbm_recursive,2,100054,BREAD/BAKERY,0.9231450869131392,2.055784584170598,5.546131465981174
1,lightgbm_recursive,2,100055,BREAD/BAKERY,0.9671810162114436,0.3415997985666316,3.102574718893425
1,lightgbm_recursive,2,100056,BREAD/BAKERY,0.7154212843354004,-0.5525515074229171,6.145577857585921
1,lightgbm_recursive,2,100057,BREAD/BAKERY,0.8293021379771037,-0.4792836675935571,2.099801307341827
1,lightgbm_recursive,2,100058,DELI,1.2207475017025233,-0.43558411864185487,3.3907534942729667
1,lightgbm_recursive,2,100059,DELI,0.9160761793551881,-0.16953086835295136,2.0309160773694583
1,lightgbm_recursive,2,100060,EGGS,1.5060727481370428,0.26343152616188953,1.4832756099639814
1,lightgbm_recursive,3,100001,GROCERY I,2.58145406366114,1.7261868803569242,2.345607899381243
1,lightgbm_recursive,3,100002,GROCERY I,0.5770532445032998,10.916928668535139,31.55855375152166
1,lightgbm_recursive,3,100003,GROCERY I,0.4157980889422149,-0.7565332666349853,5.97214520647413
1,lightgbm_recursive,3,100004,GROCERY I,0.5863752485203327,-3.9835408702063715,13.96052184311925
1,lightgbm_recursive,3,100005,GROCERY I,1.634311769332633,1.3920743616971083,4.9974923524319514
1,lightgbm_recursive,3,100006,GROCERY I,1.9150079900236614,2.419521087577786,6.681131996182969
1,lightgbm_recursive,3,100007,GROCERY I,1.204806290952496,-0.23533445698959055,5.219753538584255
1,lightgbm_recursive,3,100008,GROCERY I,1.1363640291456127,-0.3019526662760865,1.3461990996303888
1,lightgbm_recursive,3,100009,GROCERY I,2.6731672753197695,0.9037432435016732,3.5615245689563695
1,lightgbm_recursive,3,100010,GROCERY I,1.0675561137882505,-0.203724270240118,1.7919784609865914
1,lightgbm_recursive,3,100011,GROCERY I,3.080730225693328,0.4841367769325082,1.2631514531942234
1,lightgbm_recursive,3,100012,GROCERY I,1.10104384240558,-0.024851853071319496,3.6533057006359315
1,lightgbm_recursive,3,100013,GROCERY I,0.7513779994020536,7.602018400882666,16.45441402424098
1,lightgbm_recursive,3,100014,GROCERY I,0.9525023168858667,-0.6985619827551925,7.500349184847639
1,lightgbm_recursive,3,100015,GROCERY I,0.34959898275189216,-8.279043072019013,11.944627333458165
1,lightgbm_recursive,3,100016,GROCERY I,0.8738789885444324,3.197071466965633,8.048401994668144
1,lightgbm_recursive,3,100017,GROCERY I,0.4831339768755557,-2.3700595758518412,12.61018904398742
1,lightgbm_recursive,3,100018,GROCERY I,1.275549101275687,0.3536901361873224,4.439398284131547
1,lightgbm_recursive,3,100019,GROCERY I,0.8504497279222341,0.1655986808016087,11.902892898008613
1,lightgbm_recursive,3,100020,BEVERAGES,0.7621205935833897,0.7567850131003335,13.131905392693083
1,lightgbm_recursive,3,100021,BEVERAGES,1.363691639440619,0.8182461211690284,4.396018291051864
1,lightgbm_recursive,3,100022,BEVERAGES,0.72322960894044,1.4113024408159367,9.64689210070624
1,lightgbm_recursive,3,100023,BEVERAGES,0.7554613410217572,-0.7144373021939351,10.823968243849167
1,lightgbm_recursive,3,100024,BEVERAGES,2.5885024480920977,2.2529628014320053,3.6450264250961735
1,lightgbm_recursive,3,100025,BEVERAGES,1.1207955996994285,-0.6853935721981607,3.6063629952429292
1,lightgbm_recursive,3,100026,BEVERAGES,1.4440224720990964,0.10502052303533868,3.242276974365864
1,lightgbm_recursive,3,100027,BEVERAGES,0.9463253981638553,0.5232548317474772,7.1834840333062955
1,lightgbm_recursive,3,100028,BEVERAGES,0.9116663631625642,1.5835360181504932,7.2145823784130325
1,lightgbm_recursive,3,100029,BEVERAGES,3.041027711734019,1.9455831185371857,1.733988368947999
1,lightgbm_recursive,3,100030,BEVERAGES,1.0110985824348873,-1.1139379138064736,8.451486675415428
1,lightgbm_recursive,3,100031,BEVERAGES,0.8665407389173907,1.7982227212462842,10.02277422753373
1,lightgbm_recursive,3,100032,BEVERAGES,0.7391018081832198,4.013488648699905,7.695588546582755
1,lightgbm_recursive,3,100033,PRODUCE,0.37470159683200455,0.04715093656661307,7.793394114884444
1,lightgbm_recursive,3,100034,PRODUCE,0.7258291233096686,0.7666530771420724,12.292664490668518
1,lightgbm_recursive,3,100035,PRODUCE,1.2197097909555483,0.2859067114018313,1.802713609381087
1,lightgbm_recursive,3,100036,PRODUCE,0.7582175140893709,1.111724843847242,15.521593931479178
1,lightgbm_recursive,3,100037,PRODUCE,1.683667653566145,0.6517651642866426,3.3256119847901293
1,lightgbm_recursive,3,100038,PRODUCE,0.6700144564435438,-0.2881100267668047,9.619198983767786
1,lightgbm_recursive,3,100039,PRODUCE,0.9504146418529319,-0.1871321742182655,4.558511378375853
1,lightgbm_recursive,3,100040,PRODUCE,1.0390763652795205,-0.39344201601345385,3.7901034085321883
1,lightgbm_recursive,3,100041,CLEANING,2.6640378885684255,0.34449875790007495,0.811390522570141
1,lightgbm_recursive,3,100042,CLEANING,0.8667740289470645,-1.0519751450430448,4.447024504651998
1,lightgbm_recursive,3,100043,CLEANING,1.6123669094604358,0.2738308042536625,0.856430753786386
1,lightgbm_recursive,3,100044,CLEANING,0.5808270984835077,0.4979821162532195,7.165703633691411
1,lightgbm_recursive,3,100045,CLEANING,0.5629764552524789,3.664813273479445,5.9904837013215415
1,lightgbm_recursive,3,100046,CLEANING,1.3140794284395383,-0.08505860381650668,3.158231910437765
1,lightgbm_recursive,3,100047,DAIRY,0.8234434986731729,-1.0189782122713007,5.044880602654989
1,lightgbm_recursive,3,100048,DAIRY,5.101771871291094,1.4684951512077826,1.018922703818131
1,lightgbm_recursive,3,100049,DAIRY,1.2756679411071643,0.1275466189064943,2.79516114499983
1,lightgbm_recursive,3,100050,DAIRY,0.7680239404664495,0.07712503405575658,7.465437787061838
1,lightgbm_recursive,3,100051,DAIRY,0.7037947569477057,-2.2525673391977477,4.126206766859144
1,lightgbm_recursive,3,100052,DAIRY,0.6761217883354096,5.078095823860289,9.95490992973588
1,lightgbm_recursive,3,100053,BREAD/BAKERY,1.0372144118595628,-0.7496431341334931,3.3895151321352714
1,lightgbm_recursive,3,100054,BREAD/BAKERY,0.4657326988373714,-1.9244781463278537,6.268928857618865
1,lightgbm_recursive,3,100055,BREAD/BAKERY,0.9193734422676634,-0.06984742513495788,3.257845619906627
1,lightgbm_recursive,3,100056,BREAD/BAKERY,0.9082119245406314,2.0658949233851,4.823061906256349
1,lightgbm_recursive,3,100057,BREAD/BAKERY,1.4332229565847878,-0.06658165697802083,3.3415118758874227
1,lightgbm_recursive,3,100058,DELI,1.106321350762363,0.042514251372446195,2.4645051172485117
1,lightgbm_recursive,3,100059,DELI,0.86113303967015,-0.917459037020009,2.775643366576021
1,lightgbm_recursive,3,100060,EGGS,1.3211916319243584,-0.08730205724186212,1.9804999789284166
1,lightgbm_recursive,4,100001,GROCERY I,1.3035516807752496,-0.427282200161813,6.7778611239865
1,lightgbm_recursive,4,100002,GROCERY I,0.3983386853713598,-29.059537645086248,41.18570062287441
1,lightgbm_recursive,4,100003,GROCERY I,1.045463546830393,2.1656442721594695,16.718845893206524
1,lightgbm_recursive,4,100004,GROCERY I,0.679699540743236,-6.6089094614973645,24.894916025926314
1,lightgbm_recursive,4,100005,GROCERY I,1.9571972594954214,2.800412576626092,5.641663181461758
1,lightgbm_recursive,4,100006,GROCERY I,0.928495810748222,-0.784083269321115,9.528453602023747
1,lightgbm_recursive,4,100007,GROCERY I,1.3811751609233918,1.160812292383489,4.748196145819095
1,lightgbm_recursive,4,100008,GROCERY I,1.2804615615519117,-0.47617415768832544,2.598820529116837
1,lightgbm_recursive,4,100009,GROCERY I,1.874018698296575,1.031086854298384,3.2650160564381836
1,lightgbm_recursive,4,100010,GROCERY I,1.4082108903585593,0.07879823991283805,3.0817696391265845
1,lightgbm_recursive,4,100011,GROCERY I,1.2174457856630716,-0.07221224899580067,1.6678020581553337
1,lightgbm_recursive,4,100012,GROCERY I,1.2190691686540363,-0.13815977375251165,5.197079980924427
1,lightgbm_recursive,4,100013,GROCERY I,0.786624265253967,0.9439558955812036,29.97654467711957
1,lightgbm_recursive,4,100014,GROCERY I,0.9889206346362853,-3.5798838681664518,14.286829609887922
1,lightgbm_recursive,4,100015,GROCERY I,0.6420744259876439,2.6614126179568767,25.81331126434914
1,lightgbm_recursive,4,100016,GROCERY I,0.8962167929767942,-3.0562442278098794,18.39398381924614
1,lightgbm_recursive,4,100017,GROCERY I,0.40409740706956365,-6.2634229307522125,12.135149287379283
1,lightgbm_recursive,4,100018,GROCERY I,1.0283314728166868,-1.9120506624214286,7.5373509739837585
1,lightgbm_recursive,4,100019,GROCERY I,0.7963185244711846,0.6444360055916236,14.099828101424503
1,lightgbm_recursive,4,100020,BEVERAGES,0.8123358203407683,0.9570201912176816,18.54179237150881
1,lightgbm_recursive,4,100021,BEVERAGES,0.9595871616323853,-3.865289619471879,9.833806443966184
1,lightgbm_recursive,4,100022,BEVERAGES,1.0764239832230655,4.29128332282764,14.68293712698091
1,lightgbm_recursive,4,100023,BEVERAGES,0.7977259506966722,0.34979292601899964,14.902203311061612
1,lightgbm_recursive,4,100024,BEVERAGES,1.0696146074428667,-1.2027903978607417,7.105644063647602
1,lightgbm_recursive,4,100025,BEVERAGES,1.03166819606812,-0.7832818056548727,4.85888814742696
1,lightgbm_recursive,4,100026,BEVERAGES,1.0219286103600025,-0.7059715487151752,4.501470444889953
1,lightgbm_recursive,4,100027,BEVERAGES,0.9843647974255684,-2.663429034544204,12.657638492599226
1,lightgbm_recursive,4,100028,BEVERAGES,0.6802396833684592,-6.706499300422684,15.803203516703912
1,lightgbm_recursive,4,100029,BEVERAGES,1.293434617867451,-0.42586615769008207,7.706175832515965
1,lightgbm_recursive,4,100030,BEVERAGES,1.4019494372886765,1.5859911679575618,11.41847186717548
1,lightgbm_recursive,4,100031,BEVERAGES,0.47849150733604173,-2.185274565783781,11.278576346501218
1,lightgbm_recursive,4,100032,BEVERAGES,1.3835398196762039,6.469684175902856,16.014190295436006
1,lightgbm_recursive,4,100033,PRODUCE,0.7989066678911454,4.784662343812796,19.48601123688098
1,lightgbm_recursive,4,100034,PRODUCE,0.476517160370029,-7.397755990383331,13.649642972227705
1,lightgbm_recursive,4,100035,PRODUCE,2.0797944952938274,1.2515452934558953,1.738807801428264
1,lightgbm_recursive,4,100036,PRODUCE,0.5404545203166043,-8.856831623072862,21.99138905161126
1,lightgbm_recursive,4,100037,PRODUCE,1.0006827817344555,-1.3251330364104956,5.665072628639422
1,lightgbm_recursive,4,100038,PRODUCE,0.6287720958415439,-1.468793626567931,14.092916695491898
1,lightgbm_recursive,4,100039,PRODUCE,0.7817440449796915,-1.962080160222466,6.470882378545927
1,lightgbm_recursive,4,100040,PRODUCE,0.7985985574957947,-0.5786114495300846,3.994241171146209
1,lightgbm_recursive,4,100041,CLEANING,1.6503401890814262,0.1042818605295882,1.6623665045737845
1,lightgbm_recursive,4,100042,CLEANING,1.197032492767171,-0.4549804898540091,6.673566257377917
1,lightgbm_recursive,4,100043,CLEANING,1.2101513002950817,-0.09281823820043612,1.7563080460760552
1,lightgbm_recursive,4,100044,CLEANING,0.6257861291894147,2.5080903324478836,8.713993005817704
1,lightgbm_recursive,4,100045,CLEANING,0.5266052392138797,-1.1184885599597016,14.602415193391733
1,lightgbm_recursive,4,100046,CLEANING,0.9201560317749755,-0.6499960446413724,3.1742644096772676
1,lightgbm_recursive,4,100047,DAIRY,0.9887208922710293,1.4447920532183878,6.19627259305149
1,lightgbm_recursive,4,100048,DAIRY,0.9311506111311435,-1.146231889067683,4.675567147394817
1,lightgbm_recursive,4,100049,DAIRY,1.3528872777315273,0.14703840171379443,4.233946743085036
1,lightgbm_recursive,4,100050,DAIRY,0.7529495256528828,3.842668694729304,8.013882443390719
1,lightgbm_recursive,4,100051,DAIRY,1.0703676687203911,0.09972807971627204,5.480812296250407
1,lightgbm_recursive,4,100052,DAIRY,0.4666786851454205,2.8984694391628714,15.186947440562685
1,lightgbm_recursive,4,100053,BREAD/BAKERY,1.4007614178919539,0.2770598223606091,3.236973082555073
1,lightgbm_recursive,4,100054,BREAD/BAKERY,0.5662973312232722,-4.967162239280364,10.957216183286423
1,lightgbm_recursive,4,100055,BREAD/BAKERY,0.7184817719646971,-2.5552831750921943,5.634427226091549
1,lightgbm_recursive,4,100056,BREAD/BAKERY,0.8317885883885539,3.0926621285255633,6.257925522049315
1,lightgbm_recursive,4,100057,BREAD/BAKERY,2.8688245914379955,1.4776209924256447,1.8895655273624892
1,lightgbm_recursive,4,100058,DELI,1.177315848918105,0.8975787442565274,2.447317764319512
1,lightgbm_recursive,4,100059,DELI,1.0930208534295498,-0.08984712009147418,3.1091130078499063
1,lightgbm_recursive,4,100060,EGGS,2.0371623655360507,0.7098055334710065,1.5836535259967435
1,lightgbm_recursive,5,100001,GROCERY I,0.8269153134877427,-1.8696491776171293,5.41091378014345
1,lightgbm_recursive,5,100002,GROCERY I,0.7445875935316009,8.899666427838351,51.70052980635251
1,lightgbm_recursive,5,100003,GROCERY I,1.156330939080061,3.9267708920234417,13.478822621035047
1,lightgbm_recursive,5,100004,GROCERY I,0.4012440787521204,-2.826414372006178,14.538108987163222
1,lightgbm_recursive,5,100005,GROCERY I,1.2181099142908263,1.0692263544044083,5.893886803058491
1,lightgbm_recursive,5,100006,GROCERY I,1.2161710123547789,1.6278003583969571,9.159508615660839
1,lightgbm_recursive,5,100007,GROCERY I,0.8761532721445416,-1.6704125759957136,6.746913064107858
1,lightgbm_recursive,5,100008,GROCERY I,1.9061759609828588,0.3248316045418649,1.1554627624514244
1,lightgbm_recursive,5,100009,GROCERY I,2.0309395153863568,1.3653491039699952,2.743995994735019
1,lightgbm_recursive,5,100010,GROCERY I,1.0158600365430295,-1.2899792651247137,4.044556534197049
1,lightgbm_recursive,5,100011,GROCERY I,1.2140565269667059,-0.5893129144415032,2.618266309588166
1,lightgbm_recursive,5,100012,GROCERY I,1.20104563242052,0.11538204831392591,4.478598241564142
1,lightgbm_recursive,5,100013,GROCERY I,0.4380774496102502,-1.9920624185549438,22.544903132764066
1,lightgbm_recursive,5,100014,GROCERY I,1.195970514281999,0.3407245745582041,11.873624167232057
1,lightgbm_recursive,5,100015,GROCERY I,0.6351935705131223,0.5892173084212772,29.221507580015363
1,lightgbm_recursive,5,100016,GROCERY I,0.6031539616628139,-7.598628613382061,17.056074337663645
1,lightgbm_recursive,5,100017,GROCERY I,0.7536931469342999,0.2384262851077054,23.83200025993465
1,lightgbm_recursive,5,100018,GROCERY I,1.301844505501647,-0.12983898653329407,6.4402747651363335
1,lightgbm_recursive,5,100019,GROCERY I,0.8278292773207429,3.653569205957773,15.333787511587378
1,lightgbm_recursive,5,100020,BEVERAGES,0.7855938426108265,-1.2146258300564383,16.909932582611194
1,lightgbm_recursive,5,100021,BEVERAGES,1.1604222462354579,-0.0021569147671394026,9.18849677941337
1,lightgbm_recursive,5,100022,BEVERAGES,0.7534304915952971,-5.999680102387409,22.159037676733117
1,lightgbm_recursive,5,100023,BEVERAGES,0.8112146630204686,2.1789605097708913,13.110752732380394
1,lightgbm_recursive,5,100024,BEVERAGES,1.749369883425384,1.8321139575368939,4.897498683470182
1,lightgbm_recursive,5,100025,BEVERAGES,3.2354853058706223,2.077552838193073,2.7437745963080777
1,lightgbm_recursive,5,100026,BEVERAGES,1.2712928292944812,-0.5306863787572537,7.308006130408086
1,lightgbm_recursive,5,100027,BEVERAGES,1.3908633324053379,3.2096956725819665,14.429999071321083
1,lightgbm_recursive,5,100028,BEVERAGES,0.8346304477416859,-3.0286149635299964,13.721172933838787
1,lightgbm_recursive,5,100029,BEVERAGES,1.6787735912240505,1.553394536334238,4.755017035680673
1,lightgbm_recursive,5,100030,BEVERAGES,0.8497484209328112,1.0491473732956116,9.157360994793956
1,lightgbm_recursive,5,100031,BEVERAGES,1.1484833095042626,2.8532014052921926,17.241075873181227
1,lightgbm_recursive,5,100032,BEVERAGES,0.6965209244674927,3.3825883838677426,11.884614572547797
1,lightgbm_recursive,5,100033,PRODUCE,0.4932622813546805,-8.193141293887185,15.963789250477813
1,lightgbm_recursive,5,100034,PRODUCE,0.7183464984911782,-2.5227157778033584,18.89607947651942
1,lightgbm_recursive,5,100035,PRODUCE,2.0484378049920977,1.1029218438860378,2.4540924620923517
1,lightgbm_recursive,5,100036,PRODUCE,0.5030479000633402,-2.2186860485107,17.74022057128624
1,lightgbm_recursive,5,100037,PRODUCE,3.0968632792702246,1.9350577665099393,2.3828830167281985
1,lightgbm_recursive,5,100038,PRODUCE,0.6848910837431879,1.4772749050218392,12.40494029878262
1,lightgbm_recursive,5,100039,PRODUCE,0.8347285520831728,-1.7756743065888478,6.32861655032138
1,lightgbm_recursive,5,100040,PRODUCE,1.0690620641477624,-0.5007939172587537,5.429612228698713
1,lightgbm_recursive,5,100041,CLEANING,0.9563596640675792,-0.10697923041021404,1.1457301738278538
1,lightgbm_recursive,5,100042,CLEANING,1.753642507461017,2.1426379481381557,3.072998949651597
1,lightgbm_recursive,5,100043,CLEANING,2.033121998034454,0.46114589525622846,1.1671095184951341
1,lightgbm_recursive,5,100044,CLEANING,0.5294944212872459,-0.09584757066001082,10.107207783490717
1,lightgbm_recursive,5,100045,CLEANING,0.5922772933853462,1.3704585455791338,13.237295453884176
1,lightgbm_recursive,5,100046,CLEANING,1.3696316876969101,0.5961013892873507,2.5283648299347616
1,lightgbm_recursive,5,100047,DAIRY,0.878978299074795,1.866263054811905,4.394338374774151
1,lightgbm_recursive,5,100048,DAIRY,0.922199222721171,-0.7584094309078765,3.5457483849744507
1,lightgbm_recursive,5,100049,DAIRY,1.2447973953741152,0.34530546425977765,2.9726773823667947
1,lightgbm_recursive,5,100050,DAIRY,0.7643623621532577,1.9405095737138667,10.071664006870257
1,lightgbm_recursive,5,100051,DAIRY,1.7496880891895128,2.5810074868064032,3.009269875541089
1,lightgbm_recursive,5,100052,DAIRY,0.5674075953743164,-6.9491092261396075,22.762183593971145
1,lightgbm_recursive,5,100053,BREAD/BAKERY,1.1112513637398806,-0.13498461652828203,3.614203239251673
1,lightgbm_recursive,5,100054,BREAD/BAKERY,0.5469067402415964,-1.8704359783516584,10.450536725036036
1,lightgbm_recursive,5,100055,BREAD/BAKERY,1.3613132211985663,1.53170023604003,3.9387703441786734
1,lightgbm_recursive,5,100056,BREAD/BAKERY,0.7776007202116311,-0.14781313402390323,10.127054198054653
1,lightgbm_recursive,5,100057,BREAD/BAKERY,1.4844727890296592,0.48755997648685195,2.8559721513023733
1,lightgbm_recursive,5,100058,DELI,0.9626693705214492,-0.6748358430909429,4.216085916682423
1,lightgbm_recursive,5,100059,DELI,1.1750782002656688,0.47597108342650224,2.646631163774827
1,lightgbm_recursive,5,100060,EGGS,3.2907217838836558,0.9352135535896109,1.3270690160977154
1,lightgbm_recursive,6,100001,GROCERY I,1.3628092871727642,-0.4672705250283775,4.060824633520293
1,lightgbm_recursive,6,100002,GROCERY I,0.3810592918945105,-1.3143196775609949,21.2816102309035
1,lightgbm_recursive,6,100003,GROCERY I,0.9477338333207396,0.5622373489623338,7.7327751849640745
1,lightgbm_recursive,6,100004,GROCERY I,0.55446119953883,-0.674307467737877,9.974450348897149
1,lightgbm_recursive,6,100005,GROCERY I,4.209938541530825,2.1692016553716,1.4749077598687665
1,lightgbm_recursive,6,100006,GROCERY I,0.8708156504217441,-1.9431032024198451,7.434752711297896
1,lightgbm_recursive,6,100007,GROCERY I,1.1332677762992156,-0.32707914513541003,3.572730070527864
1,lightgbm_recursive,6,100008,GROCERY I,3.4011402687139722,0.3077170597365677,0.35275614994886373
1,lightgbm_recursive,6,100009,GROCERY I,1.2008242610493778,0.12007510844449813,1.8296395357145787
1,lightgbm_recursive,6,100010,GROCERY I,1.2647937347342446,-0.1511753133210273,1.703313351621777
1,lightgbm_recursive,6,100011,GROCERY I,2.0757624214920725,0.22278121996849964,1.0188736220496508
1,lightgbm_recursive,6,100012,GROCERY I,2.5275597963960776,0.8677228269702585,2.130082344866519
1,lightgbm_recursive,6,100013,GROCERY I,0.4953058635703396,-3.312227250996597,12.068228383089833
1,lightgbm_recursive,6,100014,GROCERY I,0.7335788570664723,-0.8615142710387208,4.6834419404950625
1,lightgbm_recursive,6,100015,GROCERY I,0.46834538065175124,0.7409012128374359,10.469716710817604
1,lightgbm_recursive,6,100016,GROCERY I,0.7487700777192974,0.5934116833006678,6.022414809907032
1,lightgbm_recursive,6,100017,GROCERY I,0.48913117793425875,-1.7698874744608102,8.398168366442178
1,lightgbm_recursive,6,100018,GROCERY I,0.8067097918301566,-0.7429504035949226,2.955864938101693
1,lightgbm_recursive,6,100019,GROCERY I,0.6325606863146173,-1.325955470716967,7.317228695195817
1,lightgbm_recursive,6,100020,BEVERAGES,0.7466906106488994,-1.1364306896691085,9.803519934070243
1,lightgbm_recursive,6,100021,BEVERAGES,0.9239526305167756,-1.3485838018049998,4.315559017844334
1,lightgbm_recursive,6,100022,BEVERAGES,0.7288829274544648,0.3907018355004717,6.948968479500463
1,lightgbm_recursive,6,100023,BEVERAGES,0.7172789048163906,-2.122727667072098,9.378027556418484
1,lightgbm_recursive,6,100024,BEVERAGES,0.8821366554946741,-0.8441209223569771,3.398495451041974
1,lightgbm_recursive,6,100025,BEVERAGES,1.5302694813871773,0.2723490848366606,2.1234115068081887
1,lightgbm_recursive,6,100026,BEVERAGES,1.075315014390531,-0.339508666244,2.0676223593603797
1,lightgbm_recursive,6,100027,BEVERAGES,1.0715499700571804,0.8875155384949968,4.552995905433177
1,lightgbm_recursive,6,100028,BEVERAGES,0.7061082961156243,-1.963659539144954,8.159689655193548
1,lightgbm_recursive,6,100029,BEVERAGES,2.8089971364040394,1.2406388985045897,1.6014755183692029
1,lightgbm_recursive,6,100030,BEVERAGES,0.7629395679063148,-2.0998828423760054,6.069780667707661
1,lightgbm_recursive,6,100031,BEVERAGES,0.5454246932400095,-1.7466045625089113,6.7848837040725405
1,lightgbm_recursive,6,100032,BEVERAGES,1.1309970932988629,1.0115337586699495,7.740171096720727
1,lightgbm_recursive,6,100033,PRODUCE,0.6798996622781183,-1.1080464037512803,11.053456859759335
1,lightgbm_recursive,6,100034,PRODUCE,0.7552606643972405,0.5199510790045456,8.227419133818163
1,lightgbm_recursive,6,100035,PRODUCE,1.271769273425317,0.09446047851915734,1.3383240453431413
1,lightgbm_recursive,6,100036,PRODUCE,0.5405022034411339,-3.0758500081141213,9.17294368237369
1,lightgbm_recursive,6,100037,PRODUCE,1.1238653419406597,-0.6103097524718031,3.0345716469843946
1,lightgbm_recursive,6,100038,PRODUCE,0.3890783978410617,-0.10502158075769685,4.024268095395581
1,lightgbm_recursive,6,100039,PRODUCE,1.3746086874047994,0.7786821613847187,2.960655305203339
1,lightgbm_recursive,6,100040,PRODUCE,1.0919324705360185,-0.1375144705826252,2.0514662978053533
1,lightgbm_recursive,6,100041,CLEANING,1.3589412808893175,-0.2351143559654555,1.8121866025738798
1,lightgbm_recursive,6,100042,CLEANING,1.2496845801774161,0.11849995835636658,2.9718820735208893
1,lightgbm_recursive,6,100043,CLEANING,2.8683030939348204,0.2963970960086658,0.5814060665324131
1,lightgbm_recursive,6,100044,CLEANING,0.5571642672739048,-0.8191362882706971,4.667375344775549
1,lightgbm_recursive,6,100045,CLEANING,0.5633425105298986,-0.4959723279314659,7.687420078895671
1,lightgbm_recursive,6,100046,CLEANING,1.0976054679650673,-0.2772885854051252,1.8982291664792441
1,lightgbm_recursive,6,100047,DAIRY,0.8914634888981805,-0.4569124315526242,4.362498992885135
1,lightgbm_recursive,6,100048,DAIRY,1.069241516359618,-0.10019284323435708,1.6152084581172221
1,lightgbm_recursive,6,100049,DAIRY,4.939745883808715,0.9746144604360171,0.9963006432197707
1,lightgbm_recursive,6,100050,DAIRY,1.0766624217260738,2.4597178298110203,3.105557668275445
1,lightgbm_recursive,6,100051,DAIRY,1.901375468960222,0.8421537879096924,2.8929888198307716
1,lightgbm_recursive,6,100052,DAIRY,0.5716428310299178,-6.182381985113511,10.936538670826469
1,lightgbm_recursive,6,100053,BREAD/BAKERY,1.2717648435430213,-0.053136078477146555,1.9495293018832647
1,lightgbm_recursive,6,100054,BREAD/BAKERY,0.6871841788590697,0.9805336688169988,3.9755259812846933
1,lightgbm_recursive,6,100055,BREAD/BAKERY,1.0988156355303365,-0.045606790887522335,3.1821596114251225
1,lightgbm_recursive,6,100056,BREAD/BAKERY,0.7160116247728603,-0.006117516426948437,3.77164636607202
1,lightgbm_recursive,6,100057,BREAD/BAKERY,0.9528626582761389,-0.5801547184365502,1.913901206406335
1,lightgbm_recursive,6,100058,DELI,1.3203064829662436,0.24053979508578577,1.5943887113180062
1,lightgbm_recursive,6,100059,DELI,0.8591460381520379,-0.08139537544941303,1.2769358476563137
1,lightgbm_recursive,6,100060,EGGS,1.1821633773139877,-0.23868942195279416,1.3534364893144926
2,seasonal_naive,1,100001,GROCERY I,3.75,2.3333333333333335,6.768273325562717
2,seasonal_naive,1,100002,GROCERY I,0.6264236902050114,0.0,51.106331729611966
2,seasonal_naive,1,100003,GROCERY I,1.1418439716312057,-1.8,13.31057581667407
2,seasonal_naive,1,100004,GROCERY I,0.636963696369637,-1.5333333333333334,16.513486551762412
2,seasonal_naive,1,100005,GROCERY I,1.6818181818181819,1.7333333333333334,7.497301101698118
2,seasonal_naive,1,100006,GROCERY I,2.3043478260869565,3.533333333333333,13.637483359511476
2,seasonal_naive,1,100007,GROCERY I,1.2456140350877194,-1.5333333333333334,6.5885904266029325
2,seasonal_naive,1,100008,GROCERY I,2.8181818181818183,0.8666666666666667,3.1137177288954914
2,seasonal_naive,1,100009,GROCERY I,1.05,-0.7333333333333333,2.086236073022646
2,seasonal_naive,1,100010,GROCERY I,2.6363636363636362,0.4666666666666667,2.850229731760148
2,seasonal_naive,1,100011,GROCERY I,1.0,-2.0,2.9277002188455996
2,seasonal_naive,1,100012,GROCERY I,1.3541666666666667,-0.8666666666666667,6.7280507330627835
2,seasonal_naive,1,100013,GROCERY I,0.6447688564476886,-0.3333333333333333,23.13212567178464
2,seasonal_naive,1,100014,GROCERY I,2.111111111111111,4.133333333333334,12.743999521717026
2,seasonal_naive,1,100015,GROCERY I,0.8220183486238533,0.5333333333333333,35.97790327144599
2,seasonal_naive,1,100016,GROCERY I,1.1527777777777777,-1.4666666666666666,15.080103574230643
2,seasonal_naive,1,100017,GROCERY I,0.8306878306878307,6.466666666666667,12.944202600097888
2,seasonal_naive,1,100018,GROCERY I,2.76,1.8,6.073361036997084
2,seasonal_naive,1,100019,GROCERY I,0.6455696202531646,-3.8,13.528805247639996
2,seasonal_naive,1,100020,BEVERAGES,1.0714285714285714,2.0,18.943525090572315
2,seasonal_naive,1,100021,BEVERAGES,1.8695652173913044,1.8666666666666667,8.626095513586884
2,seasonal_naive,1,100022,BEVERAGES,1.1231884057971016,2.2,14.94848296173036
2,seasonal_naive,1,100023,BEVERAGES,0.898989898989899,-0.5333333333333333,16.71554736793037
2,seasonal_naive,1,100024,BEVERAGES,3.302325581395349,5.2,10.136215129073433
2,seasonal_naive,1,100025,BEVERAGES,1.5333333333333334,0.0,5.0142653642240695
2,seasonal_naive,1,100026,BEVERAGES,1.0,-2.7333333333333334,4.0614330100640705
2,seasonal_naive,1,100027,BEVERAGES,0.9642857142857143,-2.4,9.876378746426097
2,seasonal_naive,1,100028,BEVERAGES,0.98,1.4,12.263767773404714
2,seasonal_naive,1,100029,BEVERAGES,1.3571428571428572,-1.2,4.195235392680606
2,seasonal_naive,1,100030,BEVERAGES,1.1058823529411765,-3.066666666666667,9.098403836989892
2,seasonal_naive,1,100031,BEVERAGES,0.7621621621621621,0.8666666666666667,11.764757702967103
2,seasonal_naive,1,100032,BEVERAGES,1.1012658227848102,-0.6666666666666666,13.323806120017267
2,seasonal_naive,1,100033,PRODUCE,1.1616356589147288,-2.9134666666666664,23.95967755824853
2,seasonal_naive,1,100034,PRODUCE,1.2558191492002546,-7.713466666666666,24.76482199141893
2,seasonal_naive,1,100035,PRODUCE,3.4444444444444446,1.4,2.7979584393931636
2,seasonal_naive,1,100036,PRODUCE,1.0348173913043477,12.971333333333332,15.102865450288693
2,seasonal_naive,1,100037,PRODUCE,1.4052367179174914,2.5436666666666667,4.0644840063771
2,seasonal_naive,1,100038,PRODUCE,0.6666282208022883,-2.2292,10.616791970405052
2,seasonal_naive,1,100039,PRODUCE,1.3703894624035162,3.4188666666666667,7.448214195042869
2,seasonal_naive,1,100040,PRODUCE,1.0007802818194336,-0.4981333333333335,4.507096719407654
2,seasonal_naive,1,100041,CLEANING,1.0909090909090908,0.0,1.3093073414159542
2,seasonal_naive,1,100042,CLEANING,1.5714285714285714,0.6,3.3763886032268267
2,seasonal_naive,1,100043,CLEANING,1.1333333333333333,-0.7333333333333333,1.6676187756655838
2,seasonal_naive,1,100044,CLEANING,1.362962962962963,7.333333333333333,15.504223694882384
2,seasonal_naive,1,100045,CLEANING,1.1731843575418994,7.333333333333333,14.797039600960083
2,seasonal_naive,1,100046,CLEANING,1.16,-1.4,2.898275349237887
2,seasonal_naive,1,100047,DAIRY,1.2413793103448276,1.3333333333333333,8.715066319448233
2,seasonal_naive,1,100048,DAIRY,1.0,-3.066666666666667,3.65409098851971
2,seasonal_naive,1,100049,DAIRY,1.8104712890545853,0.6815333333333332,3.4569872694229553
2,seasonal_naive,1,100050,DAIRY,1.2419680345171542,5.261333333333334,7.703999588958106
2,seasonal_naive,1,100051,DAIRY,1.0984357411792105,-0.7960666666666666,7.009539066430083
2,seasonal_naive,1,100052,DAIRY,1.1794475243284401,6.257000000000001,18.76301508286981
2,seasonal_naive,1,100053,BREAD/BAKERY,1.9730883224659157,0.38486666666666663,1.9490019741493585
2,seasonal_naive,1,100054,BREAD/BAKERY,0.648567914250571,-3.1262,6.69290964059301
2,seasonal_naive,1,100055,BREAD/BAKERY,1.505837954678337,-0.3927333333333331,6.539397847625101
2,seasonal_naive,1,100056,BREAD/BAKERY,1.0566615085690352,-3.405266666666667,8.62690508539308
2,seasonal_naive,1,100057,BREAD/BAKERY,1.2539999999999998,0.45826666666666677,3.5617593258441946
2,seasonal_naive,1,100058,DELI,2.1214443784746586,1.4833333333333334,2.8258855165029164
2,seasonal_naive,1,100059,DELI,1.919083857211132,2.7866,2.9564373782355973
2,seasonal_naive,1,100060,EGGS,0.9513926019540174,-0.9048666666666667,1.6943724867364687
2,seasonal_naive,2,100001,GROCERY I,3.75,2.2666666666666666,5.725465254540663
2,seasonal_naive,2,100002,GROCERY I,0.7063492063492064,-16.266666666666666,45.89190197264291
2,seasonal_naive,2,100003,GROCERY I,0.6815642458100558,1.7333333333333334,11.707547423208101
2,seasonal_naive,2,100004,GROCERY I,1.096654275092937,-7.8,21.095700306663712
2,seasonal_naive,2,100005,GROCERY I,2.84,4.466666666666667,5.4885161495443855
2,seasonal_naive,2,100006,GROCERY I,1.123076923076923,-2.466666666666667,7.491582578054487
2,seasonal_naive,2,100007,GROCERY I,2.1,2.6666666666666665,7.779704976656218
2,seasonal_naive,2,100008,GROCERY I,1.5333333333333334,0.7333333333333333,2.051712409068047
2,seasonal_naive,2,100009,GROCERY I,1.0,-1.8666666666666667,2.53170373652286
2,seasonal_naive,2,100010,GROCERY I,3.0,0.8,3.255764119219941
2,seasonal_naive,2,100011,GROCERY I,2.3846153846153846,0.3333333333333333,2.870208222079931
2,seasonal_naive,2,100012,GROCERY I,1.2641509433962264,-0.7333333333333333,5.662743740155179
2,seasonal_naive,2,100013,GROCERY I,1.0382165605095541,6.133333333333334,28.74236958783687
2,seasonal_naive,2,100014,GROCERY I,1.0984848484848484,1.4,14.014278433083883
2,seasonal_naive,2,100015,GROCERY I,1.1970149253731344,7.666666666666667,33.042541122158326
2,seasonal_naive,2,100016,GROCERY I,0.8444444444444444,-5.6,12.743625857659195
2,seasonal_naive,2,100017,GROCERY I,0.7740384615384616,-9.266666666666667,12.481223993701594
2,seasonal_naive,2,100018,GROCERY I,1.1944444444444444,0.2,5.143650732421756
2,seasonal_naive,2,100019,GROCERY I,0.8311111111111111,-3.4,16.021414241124727
2,seasonal_naive,2,100020,BEVERAGES,1.289655172413793,-2.8666666666666667,20.255040524932717
2,seasonal_naive,2,100021,BEVERAGES,2.0980392156862746,3.533333333333333,8.83068244140578
2,seasonal_naive,2,100022,BEVERAGES,1.0597014925373134,-6.066666666666666,16.104421161668025
2,seasonal_naive,2,100023,BEVERAGES,1.3025641025641026,1.3333333333333333,18.878054782761712
2,seasonal_naive,2,100024,BEVERAGES,1.736842105263158,-1.0,8.16788134795589
2,seasonal_naive,2,100025,BEVERAGES,1.0,-3.6666666666666665,6.586421819239365
2,seasonal_naive,2,100026,BEVERAGES,0.9166666666666666,-2.6666666666666665,4.864839839775475
2,seasonal_naive,2,100027,BEVERAGES,1.3582089552238805,1.1333333333333333,7.753954444269681
2,seasonal_naive,2,100028,BEVERAGES,1.1794871794871795,-3.2,17.97299561644
2,seasonal_naive,2,100029,BEVERAGES,2.4814814814814814,1.6666666666666667,5.936168397046637
2,seasonal_naive,2,100030,BEVERAGES,1.089171974522293,-4.466666666666667,13.184767545849843
2,seasonal_naive,2,100031,BEVERAGES,1.3229813664596273,8.2,16.695593943997835
2,seasonal_naive,2,100032,BEVERAGES,0.8142857142857143,-2.066666666666667,14.053299900565635
2,seasonal_naive,2,100033,PRODUCE,0.6668940821572265,-0.21086666666666645,16.548093540891507
2,seasonal_naive,2,100034,PRODUCE,0.8032128514056225,-0.5333333333333333,15.788181233652807
2,seasonal_naive,2,100035,PRODUCE,1.3555555555555556,-0.4666666666666667,5.755328793718872
2,seasonal_naive,2,100036,PRODUCE,0.6310596540014438,7.947133333333334,9.793143744963812
2,seasonal_naive,2,100037,PRODUCE,1.375,-0.4,2.6403462976338106
2,seasonal_naive,2,100038,PRODUCE,1.1057945205479451,-2.8878666666666666,12.77583851800324
2,seasonal_naive,2,100039,PRODUCE,1.4678454013310882,1.3568,7.821872558044251
2,seasonal_naive,2,100040,PRODUCE,1.8317161075686164,1.2238666666666667,3.8006429882073274
2,seasonal_naive,2,100041,CLEANING,1.0,-1.1333333333333333,1.8073922282301278
2,seasonal_naive,2,100042,CLEANING,1.4,0.4666666666666667,4.51769009666708
2,seasonal_naive,2,100043,CLEANING,1.0,-1.0,1.647508942095828
2,seasonal_naive,2,100044,CLEANING,1.45,7.8,10.00142846940233
2,seasonal_naive,2,100045,CLEANING,0.9,4.266666666666667,12.109421754902058
2,seasonal_naive,2,100046,CLEANING,0.9459459459459459,-1.1333333333333333,3.181793444554427
2,seasonal_naive,2,100047,DAIRY,1.86925292874976,2.079466666666667,8.214684141972896
2,seasonal_naive,2,100048,DAIRY,1.0154847492236356,0.2328666666666667,2.6142937004822073
2,seasonal_naive,2,100049,DAIRY,2.219333333333333,0.5298666666666667,3.883720342048085
2,seasonal_naive,2,100050,DAIRY,0.7005388152385166,-1.5715999999999999,8.513234275442644
2,seasonal_naive,2,100051,DAIRY,1.6666666666666667,-0.5333333333333333,3.6423435679060625
2,seasonal_naive,2,100052,DAIRY,0.7628729881811003,-3.3105999999999995,19.77585876697719
2,seasonal_naive,2,100053,BREAD/BAKERY,3.277668495703489,2.5788,4.898191957972132
2,seasonal_naive,2,100054,BREAD/BAKERY,1.05899487482025,-2.9070000000000005,10.857638160694592
2,seasonal_naive,2,100055,BREAD/BAKERY,2.5373187124159884,2.3358666666666665,3.0790329851772498
2,seasonal_naive,2,100056,BREAD/BAKERY,1.2203362308799808,0.24153333333333318,10.062125484541856
2,seasonal_naive,2,100057,BREAD/BAKERY,1.413760491783899,0.5442666666666667,3.8833463564057134
2,seasonal_naive,2,100058,DELI,1.5522541441401188,0.10793333333333331,3.5389503784247074
2,seasonal_naive,2,100059,DELI,1.2183803457688809,0.16833333333333333,3.214927052419845
2,seasonal_naive,2,100060,EGGS,8.0,0.8,1.9346465162548798
2,seasonal_naive,3,100001,GROCERY I,1.3333333333333333,-0.9333333333333333,5.147352532636375
2,seasonal_naive,3,100002,GROCERY I,0.464247598719317,-6.733333333333333,42.894333070043295
2,seasonal_naive,3,100003,GROCERY I,1.213740458015267,2.2,13.023056476879765
2,seasonal_naive,3,100004,GROCERY I,2.1619718309859155,17.4,18.348997637084004
2,seasonal_naive,3,100005,GROCERY I,0.8554216867469879,-4.333333333333333,5.887840577551898
2,seasonal_naive,3,100006,GROCERY I,1.1935483870967742,-0.8666666666666667,9.731147830304405
2,seasonal_naive,3,100007,GROCERY I,1.462962962962963,2.7333333333333334,6.659758325373448
2,seasonal_naive,3,100008,GROCERY I,6.333333333333333,1.1333333333333333,1.505545305418162
2,seasonal_naive,3,100009,GROCERY I,1.0,-2.4,3.397478056273085
2,seasonal_naive,3,100010,GROCERY I,1.8235294117647058,-0.06666666666666667,3.3266599866332394
2,seasonal_naive,3,100011,GROCERY I,2.0,0.0,2.5634797778466227
2,seasonal_naive,3,100012,GROCERY I,1.05,-1.3333333333333333,4.270608298368657
2,seasonal_naive,3,100013,GROCERY I,0.6318681318681318,-11.333333333333334,19.638397762207248
2,seasonal_naive,3,100014,GROCERY I,1.010204081632653,-3.0,8.23754471047914
2,seasonal_naive,3,100015,GROCERY I,0.909375,15.8,17.42002132194857
2,seasonal_naive,3,100016,GROCERY I,1.9090909090909092,6.733333333333333,10.832930395436913
2,seasonal_naive,3,100017,GROCERY I,0.6988950276243094,-7.0,19.831432481939228
2,seasonal_naive,3,100018,GROCERY I,1.5365853658536586,-0.8666666666666667,6.092931111034288
2,seasonal_naive,3,100019,GROCERY I,0.7974683544303798,-6.6,15.211837495845133
2,seasonal_naive,3,100020,BEVERAGES,1.1195652173913044,2.6666666666666665,18.607474176741324
2,seasonal_naive,3,100021,BEVERAGES,1.3,0.13333333333333333,4.688384837121669
2,seasonal_naive,3,100022,BEVERAGES,1.5473684210526315,3.6666666666666665,15.173598625181018
2,seasonal_naive,3,100023,BEVERAGES,0.8620689655172413,2.7333333333333334,10.402380679898416
2,seasonal_naive,3,100024,BEVERAGES,1.303030303030303,0.8666666666666667,5.125101625008686
2,seasonal_naive,3,100025,BEVERAGES,2.7777777777777777,2.066666666666667,5.921711464320654
2,seasonal_naive,3,100026,BEVERAGES,5.571428571428571,1.6666666666666667,4.43471156521669
2,seasonal_naive,3,100027,BEVERAGES,0.9318181818181818,-2.1333333333333333,7.6799057533899715
2,seasonal_naive,3,100028,BEVERAGES,1.3300970873786409,3.933333333333333,11.460906637451549
2,seasonal_naive,3,100029,BEVERAGES,1.25,-1.0666666666666667,5.2977982848223535
2,seasonal_naive,3,100030,BEVERAGES,1.4869565217391305,-2.7333333333333334,14.20496224496751
2,seasonal_naive,3,100031,BEVERAGES,0.9581151832460733,-2.466666666666667,17.041406157049476
2,seasonal_naive,3,100032,BEVERAGES,0.9277777777777778,2.6,13.151860270373488
2,seasonal_naive,3,100033,PRODUCE,0.5453521308098364,-2.102933333333333,12.211847312382856
2,seasonal_naive,3,100034,PRODUCE,1.7534810100493814,8.713266666666668,16.05534481752179
2,seasonal_naive,3,100035,PRODUCE,1.303,0.6302666666666666,2.5628782777702623
2,seasonal_naive,3,100036,PRODUCE,1.1359895055265652,-1.1008666666666662,23.192690830969838
2,seasonal_naive,3,100037,PRODUCE,1.5074596098843054,-0.05393333333333335,5.268925838844013
2,seasonal_naive,3,100038,PRODUCE,1.1732283464566928,3.6666666666666665,12.3847063905832
2,seasonal_naive,3,100039,PRODUCE,1.7610275878432304,2.8614,6.188479697908734
2,seasonal_naive,3,100040,PRODUCE,4.114859146415185,3.4930666666666665,4.430821908060893
2,seasonal_naive,3,100041,CLEANING,1.0,-0.06666666666666667,0.25819888974716115
2,seasonal_naive,3,100042,CLEANING,1.0555555555555556,1.0666666666666667,4.542917040635372
2,seasonal_naive,3,100043,CLEANING,2.0,0.0,0.5345224838248488
2,seasonal_naive,3,100044,CLEANING,0.7391304347826086,0.0,8.831760866327848
2,seasonal_naive,3,100045,CLEANING,0.5955555555555555,-2.533333333333333,10.822375410408267
2,seasonal_naive,3,100046,CLEANING,1.5384615384615385,0.0,3.946064947695181
2,seasonal_naive,3,100047,DAIRY,1.1245620159549021,1.7182,7.190075741703183
2,seasonal_naive,3,100048,DAIRY,1.0,-3.1056000000000004,3.6791864939335244
2,seasonal_naive,3,100049,DAIRY,1.1885147394961944,-1.4958,5.876634753715041
2,seasonal_naive,3,100050,DAIRY,1.0435118498766416,-0.2920666666666667,10.99445839935911
2,seasonal_naive,3,100051,DAIRY,1.1606239460370995,1.924266666666667,3.6519388092719556
2,seasonal_naive,3,100052,DAIRY,0.9655172413793104,4.4272,15.224364247575567
2,seasonal_naive,3,100053,BREAD/BAKERY,2.6666666666666665,0.7061333333333333,3.7939036411188987
2,seasonal_naive,3,100054,BREAD/BAKERY,1.8635403726708073,3.7878666666666674,13.872605465792061
2,seasonal_naive,3,100055,BREAD/BAKERY,1.0,-1.9746666666666668,4.696674912967177
2,seasonal_naive,3,100056,BREAD/BAKERY,1.1090505573583067,1.469133333333333,6.169326981893877
2,seasonal_naive,3,100057,BREAD/BAKERY,4.07337869968025,1.6859333333333335,5.1577773378332905
2,seasonal_naive,3,100058,DELI,1.2780867630700778,-0.45120000000000005,3.246273714364121
2,seasonal_naive,3,100059,DELI,1.6794797126771501,1.266133333333333,4.494377072149895
2,seasonal_naive,3,100060,EGGS,2.279006029599854,1.0036,2.3266579587775373
2,seasonal_naive,4,100001,GROCERY I,1.0,-5.866666666666666,5.730453318725774
2,seasonal_naive,4,100002,GROCERY I,0.8448098663926003,21.466666666666665,68.44692069319811
2,seasonal_naive,4,100003,GROCERY I,1.111587982832618,-5.533333333333333,20.430602629622157
2,seasonal_naive,4,100004,GROCERY I,1.474025974025974,11.2,34.73820457569529
2,seasonal_naive,4,100005,GROCERY I,0.8,-0.26666666666666666,5.378086046523384
2,seasonal_naive,4,100006,GROCERY I,0.6645161290322581,2.2,10.08676643641842
2,seasonal_naive,4,100007,GROCERY I,0.6746987951807228,-2.2666666666666666,4.949266419908923
2,seasonal_naive,4,100008,GROCERY I,1.588235294117647,0.7333333333333333,2.5485756993344526
2,seasonal_naive,4,100009,GROCERY I,1.3829787234042554,-1.0,6.380774695464941
2,seasonal_naive,4,100010,GROCERY I,1.8333333333333333,-0.26666666666666666,4.876571785686373
2,seasonal_naive,4,100011,GROCERY I,3.2,0.8,1.52127765851133
2,seasonal_naive,4,100012,GROCERY I,3.75,3.7333333333333334,9.837731058580141
2,seasonal_naive,4,100013,GROCERY I,0.9540636042402827,-18.0,41.189457735826394
2,seasonal_naive,4,100014,GROCERY I,2.1180555555555554,9.666666666666666,20.46832628605429
2,seasonal_naive,4,100015,GROCERY I,0.8716094032549728,-10.666666666666666,41.03250743820887
2,seasonal_naive,4,100016,GROCERY I,1.4270833333333333,15.2,18.044389709823935
2,seasonal_naive,4,100017,GROCERY I,0.8213058419243986,11.533333333333333,18.28686752315781
2,seasonal_naive,4,100018,GROCERY I,3.051282051282051,4.6,11.46298390472568
2,seasonal_naive,4,100019,GROCERY I,0.7330827067669173,-0.7333333333333333,17.798341281730508
2,seasonal_naive,4,100020,BEVERAGES,0.8345864661654135,-13.0,26.645825188948457
2,seasonal_naive,4,100021,BEVERAGES,1.1587301587301588,2.3333333333333335,6.736538605318936
2,seasonal_naive,4,100022,BEVERAGES,1.3495145631067962,1.1333333333333333,15.738336573324329
2,seasonal_naive,4,100023,BEVERAGES,0.7777777777777778,1.4666666666666666,20.43759374523425
2,seasonal_naive,4,100024,BEVERAGES,6.105263157894737,6.133333333333334,8.365461874932691
2,seasonal_naive,4,100025,BEVERAGES,1.0227272727272727,-1.0,4.053217416888888
2,seasonal_naive,4,100026,BEVERAGES,2.1875,1.2,7.002040518918142
2,seasonal_naive,4,100027,BEVERAGES,1.9433962264150944,5.866666666666666,16.847495221489016
2,seasonal_naive,4,100028,BEVERAGES,1.3525641025641026,7.133333333333334,16.513486551762412
2,seasonal_naive,4,100029,BEVERAGES,2.288135593220339,1.9333333333333333,12.941995135806462
2,seasonal_naive,4,100030,BEVERAGES,1.574468085106383,0.26666666666666666,16.04220623706044
2,seasonal_naive,4,100031,BEVERAGES,0.6621621621621622,2.2666666666666666,17.048111192683347
2,seasonal_naive,4,100032,BEVERAGES,1.0063492063492063,-8.066666666666666,28.536860040172268
2,seasonal_naive,4,100033,PRODUCE,0.8712836344790966,0.6919333333333336,23.309810210867585
2,seasonal_naive,4,100034,PRODUCE,1.3169642857142858,15.666666666666666,16.714692709737513
2,seasonal_naive,4,100035,PRODUCE,2.232,0.6474666666666666,3.8234359615901705
2,seasonal_naive,4,100036,PRODUCE,0.8572997962515044,-2.101133333333334,30.084491457670786
2,seasonal_naive,4,100037,PRODUCE,1.9452133135079488,3.4685333333333332,5.997594349483164
2,seasonal_naive,4,100038,PRODUCE,0.9655172413793104,4.4766666666666675,24.17038193937444
2,seasonal_naive,4,100039,PRODUCE,1.2532631578947369,1.4290666666666667,7.263241970622314
2,seasonal_naive,4,100040,PRODUCE,1.7822306306961853,1.3352666666666666,7.711590464699101
2,seasonal_naive,4,100041,CLEANING,1.8,0.4666666666666667,1.5055453054181618
2,seasonal_naive,4,100042,CLEANING,2.764705882352941,3.8666666666666667,8.271005006014915
2,seasonal_naive,4,100043,CLEANING,2.375,0.6,2.1974010622941433
2,seasonal_naive,4,100044,CLEANING,0.9235668789808917,-1.9333333333333333,13.603921003397025
2,seasonal_naive,4,100045,CLEANING,1.1310861423220975,1.6,23.240358984195698
2,seasonal_naive,4,100046,CLEANING,2.142857142857143,1.3333333333333333,4.514526816949078
2,seasonal_naive,4,100047,DAIRY,1.2659298245614032,-1.5896000000000001,11.850631766160943
2,seasonal_naive,4,100048,DAIRY,2.4234333333333336,2.9405999999999994,7.10377013382934
2,seasonal_naive,4,100049,DAIRY,2.8947368421052633,1.1333333333333333,5.591660457025862
2,seasonal_naive,4,100050,DAIRY,0.7789580327264912,-2.9248666666666665,10.547021210252867
2,seasonal_naive,4,100051,DAIRY,1.0,-2.6115333333333335,5.5298691132362086
2,seasonal_naive,4,100052,DAIRY,0.7509182061295816,1.5277333333333336,21.937663882877214
2,seasonal_naive,4,100053,BREAD/BAKERY,2.2263333333333333,1.4288,4.5791707795813235
2,seasonal_naive,4,100054,BREAD/BAKERY,1.1875485977917164,7.820266666666667,15.92963452843548
2,seasonal_naive,4,100055,BREAD/BAKERY,1.8212576539675243,4.4766,5.092143722020647
2,seasonal_naive,4,100056,BREAD/BAKERY,1.0986366330764672,-1.9189999999999998,9.46897198372513
2,seasonal_naive,4,100057,BREAD/BAKERY,1.1185193903371975,-0.7328666666666667,2.4636158926802425
2,seasonal_naive,4,100058,DELI,1.0489359094808217,-0.0855333333333333,2.5739522658096567
2,seasonal_naive,4,100059,DELI,1.6508802635642954,1.1602,4.211434523159198
2,seasonal_naive,4,100060,EGGS,1.0,-1.6376,2.750753683733138
2,seasonal_naive,5,100001,GROCERY I,1.8,3.533333333333333,7.567474259399015
2,seasonal_naive,5,100002,GROCERY I,0.7324444444444445,2.6666666666666665,68.05005160769184
2,seasonal_naive,5,100003,GROCERY I,1.2127659574468086,3.0,16.47508942095828
2,seasonal_naive,5,100004,GROCERY I,0.5303030303030303,-4.866666666666666,21.423840747656627
2,seasonal_naive,5,100005,GROCERY I,0.8584070796460177,-2.8666666666666667,8.773878981439871
2,seasonal_naive,5,100006,GROCERY I,1.7156862745098038,3.533333333333333,14.45123161665106
2,seasonal_naive,5,100007,GROCERY I,1.4754098360655739,1.2,8.427845005015898
2,seasonal_naive,5,100008,GROCERY I,2.0,0.13333333333333333,1.9591057240729093
2,seasonal_naive,5,100009,GROCERY I,1.6,-0.8,4.768947173418589
2,seasonal_naive,5,100010,GROCERY I,1.8235294117647058,0.4666666666666667,3.7581657126595047
2,seasonal_naive,5,100011,GROCERY I,2.3333333333333335,0.9333333333333333,3.2396354880199243
2,seasonal_naive,5,100012,GROCERY I,1.5263157894736843,-0.4,6.769680304753794
2,seasonal_naive,5,100013,GROCERY I,0.8327272727272728,5.466666666666667,34.465027132414896
2,seasonal_naive,5,100014,GROCERY I,1.2258064516129032,-4.0,16.444712567526725
2,seasonal_naive,5,100015,GROCERY I,0.9486238532110092,5.8,45.062179263768414
2,seasonal_naive,5,100016,GROCERY I,2.0704225352112675,14.8,16.92504484062429
2,seasonal_naive,5,100017,GROCERY I,0.5742092457420924,-8.266666666666667,19.728393847688764
2,seasonal_naive,5,100018,GROCERY I,2.7948717948717947,5.933333333333334,9.121925444198927
2,seasonal_naive,5,100019,GROCERY I,0.6835016835016835,-0.2,19.1169334062015
2,seasonal_naive,5,100020,BEVERAGES,1.0801526717557253,11.4,19.29766825292631
2,seasonal_naive,5,100021,BEVERAGES,1.0571428571428572,-4.4,6.185235877243717
2,seasonal_naive,5,100022,BEVERAGES,1.9270833333333333,16.933333333333334,29.52593694332074
2,seasonal_naive,5,100023,BEVERAGES,1.4370860927152318,0.7333333333333333,17.25633079136328
2,seasonal_naive,5,100024,BEVERAGES,1.3272727272727274,-0.8666666666666667,8.140434058861153
2,seasonal_naive,5,100025,BEVERAGES,1.631578947368421,-0.4666666666666667,3.4819261226811697
2,seasonal_naive,5,100026,BEVERAGES,1.0,-3.0,4.58257569495584
2,seasonal_naive,5,100027,BEVERAGES,1.1818181818181819,-3.6,11.102123349032961
2,seasonal_naive,5,100028,BEVERAGES,1.3910614525139664,-1.9333333333333333,20.246575254195697
2,seasonal_naive,5,100029,BEVERAGES,1.0,-0.6666666666666666,5.627314338711377
2,seasonal_naive,5,100030,BEVERAGES,1.1785714285714286,2.4,11.806777714516354
2,seasonal_naive,5,100031,BEVERAGES,0.8778625954198473,-8.666666666666666,17.090793957427433
2,seasonal_naive,5,100032,BEVERAGES,0.924812030075188,-13.666666666666666,28.464681541132606
2,seasonal_naive,5,100033,PRODUCE,1.1834954209551771,16.278733333333335,24.196718149565733
2,seasonal_naive,5,100034,PRODUCE,1.121272167082177,6.3596,28.73949718170349
2,seasonal_naive,5,100035,PRODUCE,1.3478260869565217,-0.3333333333333333,4.0473389258811
2,seasonal_naive,5,100036,PRODUCE,0.504755764199353,1.5110666666666666,16.14108075894135
2,seasonal_naive,5,100037,PRODUCE,1.0571428571428572,-4.0,5.542047068934521
2,seasonal_naive,5,100038,PRODUCE,0.559322033898305,-5.587999999999999,10.252073100458407
2,seasonal_naive,5,100039,PRODUCE,1.3623188405797102,1.6,8.148619514985345
2,seasonal_naive,5,100040,PRODUCE,2.1414547841223643,2.0638,6.302260322410412
2,seasonal_naive,5,100041,CLEANING,1.5555555555555556,0.5333333333333333,1.4573295865416043
2,seasonal_naive,5,100042,CLEANING,0.9111111111111111,-0.2,4.507137197189111
2,seasonal_naive,5,100043,CLEANING,,0.8,1.4735767952260148
2,seasonal_naive,5,100044,CLEANING,0.9090909090909091,-4.4,17.158088471621774
2,seasonal_naive,5,100045,CLEANING,0.5368421052631579,-1.6666666666666667,14.56348990095568
2,seasonal_naive,5,100046,CLEANING,1.0545454545454545,-0.6666666666666666,5.702964976554698
2,seasonal_naive,5,100047,DAIRY,0.7996135403993416,-4.5153333333333325,8.622305771052417
2,seasonal_naive,5,100048,DAIRY,1.275223696390003,0.5843333333333334,5.447337117038623
2,seasonal_naive,5,100049,DAIRY,0.8292682926829268,-3.3333333333333335,6.286796443643576
2,seasonal_naive,5,100050,DAIRY,1.4465595440826855,2.1568,13.62629339706353
2,seasonal_naive,5,100051,DAIRY,1.27590773645293,-0.4162666666666667,5.003791768915516
2,seasonal_naive,5,100052,DAIRY,1.0755134053456625,0.04406666666666676,31.248362006138287
2,seasonal_naive,5,100053,BREAD/BAKERY,2.1768,2.6908000000000003,4.647486359005572
2,seasonal_naive,5,100054,BREAD/BAKERY,0.4348868525634709,-2.5955999999999997,6.585396666651361
2,seasonal_naive,5,100055,BREAD/BAKERY,1.1946902654867255,-1.9068000000000003,7.256887410296117
2,seasonal_naive,5,100056,BREAD/BAKERY,1.0818181818181818,2.3333333333333335,10.026156268670936
2,seasonal_naive,5,100057,BREAD/BAKERY,1.2380319939738733,-0.6959333333333334,5.4434429292323365
2,seasonal_naive,5,100058,DELI,2.1699760889905395,1.127,6.238445525243333
2,seasonal_naive,5,100059,DELI,0.8702344986332903,-0.1451333333333333,3.7808908033248816
2,seasonal_naive,5,100060,EGGS,1.0813504169208867,-0.7056666666666668,2.818468978178114
2,seasonal_naive,6,100001,GROCERY I,1.6875,-0.6666666666666666,5.7404164441598615
2,seasonal_naive,6,100002,GROCERY I,1.2342342342342343,15.933333333333334,30.072452193866418
2,seasonal_naive,6,100003,GROCERY I,0.7024793388429752,-3.533333333333333,6.631813656983463
2,seasonal_naive,6,100004,GROCERY I,1.26,5.133333333333334,15.244983562127047
2,seasonal_naive,6,100005,GROCERY I,0.8690476190476191,-4.733333333333333,4.078982132603088
2,seasonal_naive,6,100006,GROCERY I,1.1791044776119404,-0.2,6.270110502557807
2,seasonal_naive,6,100007,GROCERY I,1.5918367346938775,-0.4,6.727342926976657
2,seasonal_naive,6,100008,GROCERY I,0.8333333333333334,-0.2,1.0823255385643318
2,seasonal_naive,6,100009,GROCERY I,1.1904761904761905,-0.6,2.4727081741050063
2,seasonal_naive,6,100010,GROCERY I,2.857142857142857,1.2,1.740279123753264
2,seasonal_naive,6,100011,GROCERY I,1.8181818181818181,-0.13333333333333333,2.2635833370586393
2,seasonal_naive,6,100012,GROCERY I,1.5,-0.8,4.056740422696879
2,seasonal_naive,6,100013,GROCERY I,0.8825757575757576,2.066666666666667,21.469136208143297
2,seasonal_naive,6,100014,GROCERY I,1.3466666666666667,2.2,7.766227251007128
2,seasonal_naive,6,100015,GROCERY I,0.8225806451612904,-0.6666666666666666,18.870485899818217
2,seasonal_naive,6,100016,GROCERY I,0.8933333333333333,-4.533333333333333,10.006188561275943
2,seasonal_naive,6,100017,GROCERY I,1.1704545454545454,2.8,16.423850253301055
2,seasonal_naive,6,100018,GROCERY I,1.75,2.6,3.3123146848433005
2,seasonal_naive,6,100019,GROCERY I,1.6071428571428572,5.533333333333333,9.046441026066287
2,seasonal_naive,6,100020,BEVERAGES,1.6952380952380952,7.333333333333333,14.3858395984517
2,seasonal_naive,6,100021,BEVERAGES,1.744186046511628,1.5333333333333334,5.962581735488492
2,seasonal_naive,6,100022,BEVERAGES,1.3396226415094339,2.6,5.692099788303083
2,seasonal_naive,6,100023,BEVERAGES,1.2857142857142858,-2.533333333333333,12.771993169580444
2,seasonal_naive,6,100024,BEVERAGES,1.9655172413793103,1.6666666666666667,4.592955268151226
2,seasonal_naive,6,100025,BEVERAGES,1.0,-0.7333333333333333,3.390462814312833
2,seasonal_naive,6,100026,BEVERAGES,2.6842105263157894,1.5333333333333334,3.8705235280194823
2,seasonal_naive,6,100027,BEVERAGES,0.7619047619047619,-2.2666666666666666,5.687915343285355
2,seasonal_naive,6,100028,BEVERAGES,1.5584415584415585,5.066666666666666,11.18970615385068
2,seasonal_naive,6,100029,BEVERAGES,1.8888888888888888,0.06666666666666667,2.282438128301359
2,seasonal_naive,6,100030,BEVERAGES,1.5666666666666667,5.333333333333333,6.090586022316579
2,seasonal_naive,6,100031,BEVERAGES,0.7818181818181819,0.6666666666666666,7.907199853539149
2,seasonal_naive,6,100032,BEVERAGES,1.5454545454545454,-0.06666666666666667,10.187293673049401
2,seasonal_naive,6,100033,PRODUCE,1.1254089362469075,4.137266666666666,16.23586625990507
2,seasonal_naive,6,100034,PRODUCE,1.0079159641248505,3.6448666666666667,10.113043676832598
2,seasonal_naive,6,100035,PRODUCE,4.25,0.8666666666666667,1.1872336794093272
2,seasonal_naive,6,100036,PRODUCE,0.6556224986385678,-1.487066666666667,12.375585639629728
2,seasonal_naive,6,100037,PRODUCE,2.5555555555555554,0.3333333333333333,2.9920529661723827
2,seasonal_naive,6,100038,PRODUCE,0.6038230157189987,0.3436,6.517309390056167
2,seasonal_naive,6,100039,PRODUCE,1.1904761904761905,-1.3333333333333333,4.577377082170635
2,seasonal_naive,6,100040,PRODUCE,1.0,-1.6346666666666667,3.756407605044758
2,seasonal_naive,6,100041,CLEANING,1.8888888888888888,0.7333333333333333,2.086236073022646
2,seasonal_naive,6,100042,CLEANING,2.6363636363636362,1.1333333333333333,3.3137520095734962
2,seasonal_naive,6,100043,CLEANING,1.0,-0.3333333333333333,0.9759000729485333
2,seasonal_naive,6,100044,CLEANING,1.4444444444444444,5.333333333333333,5.789974915645967
2,seasonal_naive,6,100045,CLEANING,1.0298507462686568,-0.4,10.595147137116259
2,seasonal_naive,6,100046,CLEANING,1.0555555555555556,-0.6,1.8822478962286406
2,seasonal_naive,6,100047,DAIRY,0.910972374679839,-0.2886666666666666,7.0514838728826295
2,seasonal_naive,6,100048,DAIRY,2.028862077123255,0.28293333333333337,1.6808362912833712
2,seasonal_naive,6,100049,DAIRY,1.0,-1.2923333333333331,2.2741771405646185
2,seasonal_naive,6,100050,DAIRY,0.9169262720664589,-1.4816666666666667,5.449435300582813
2,seasonal_naive,6,100051,DAIRY,1.0,-2.8574,2.726147197577039
2,seasonal_naive,6,100052,DAIRY,1.6035321717217421,11.756599999999999,13.203341318447713
2,seasonal_naive,6,100053,BREAD/BAKERY,0.8977452835012015,-1.1706,1.6205847621857274
2,seasonal_naive,6,100054,BREAD/BAKERY,1.1660684597336812,0.44273333333333337,6.274069953463412
2,seasonal_naive,6,100055,BREAD/BAKERY,5.5157750342935525,1.8778666666666666,3.852684367826573
2,seasonal_naive,6,100056,BREAD/BAKERY,0.9333466640005332,1.3325333333333333,4.321751197087103
2,seasonal_naive,6,100057,BREAD/BAKERY,1.8190679007289705,0.7860666666666667,1.9855400296956518
2,seasonal_naive,6,100058,DELI,1.4214075010535188,-0.1492,1.9675716432772077
2,seasonal_naive,6,100059,DELI,1.0,-0.4570666666666667,1.7235494715709154
2,seasonal_naive,6,100060,EGGS,1.2631702912773808,-0.7649333333333334,2.9446481105962548
2,weekday_mean_8w,1,100001,GROCERY I,2.3,1.3833333333333333,3.141196124924086
2,weekday_mean_8w,1,100002,GROCERY I,0.39863325740318906,-4.9,29.68067402729065
2,weekday_mean_8w,1,100003,GROCERY I,0.9946808510638298,-0.5,10.37510757259206
2,weekday_mean_8w,1,100004,GROCERY I,0.620049504950495,-2.1416666666666666,14.878065910530685
2,weekday_mean_8w,1,100005,GROCERY I,1.6875,1.3166666666666667,6.064178093722261
2,weekday_mean_8w,1,100006,GROCERY I,1.4057971014492754,2.316666666666667,7.116985885558443
2,weekday_mean_8w,1,100007,GROCERY I,1.1885964912280702,0.05,5.291460438426104
2,weekday_mean_8w,1,100008,GROCERY I,1.7045454545454546,-0.016666666666666666,1.7467231224972855
2,weekday_mean_8w,1,100009,GROCERY I,1.21875,0.20833333333333334,2.209792868983318
2,weekday_mean_8w,1,100010,GROCERY I,2.534090909090909,1.0083333333333333,1.7451889650721275
2,weekday_mean_8w,1,100011,GROCERY I,1.00390625,-1.5083333333333333,3.0316289036628166
2,weekday_mean_8w,1,100012,GROCERY I,1.0494791666666667,-0.925,4.502182010663591
2,weekday_mean_8w,1,100013,GROCERY I,0.4066301703163017,-0.44166666666666665,16.403251710153896
2,weekday_mean_8w,1,100014,GROCERY I,1.0538194444444444,1.8583333333333334,5.668456475048901
2,weekday_mean_8w,1,100015,GROCERY I,0.6511467889908257,-10.708333333333334,27.408763696689284
2,weekday_mean_8w,1,100016,GROCERY I,0.9340277777777778,0.4,10.204625176849957
2,weekday_mean_8w,1,100017,GROCERY I,0.8670634920634921,5.725,12.521784588696384
2,weekday_mean_8w,1,100018,GROCERY I,2.05,0.7666666666666667,4.348097558812634
2,weekday_mean_8w,1,100019,GROCERY I,0.6292194092827004,-3.091666666666667,11.36680107447415
2,weekday_mean_8w,1,100020,BEVERAGES,0.8132440476190477,1.4916666666666667,12.398828669715233
2,weekday_mean_8w,1,100021,BEVERAGES,1.326086956521739,0.4666666666666667,6.359130574745785
2,weekday_mean_8w,1,100022,BEVERAGES,1.5543478260869565,6.716666666666667,15.943851442155493
2,weekday_mean_8w,1,100023,BEVERAGES,0.875,-4.566666666666666,13.833582542218805
2,weekday_mean_8w,1,100024,BEVERAGES,1.6744186046511629,1.3166666666666667,5.47943938303737
2,weekday_mean_8w,1,100025,BEVERAGES,1.3541666666666667,0.49166666666666664,3.615278425687031
2,weekday_mean_8w,1,100026,BEVERAGES,1.1585365853658536,-0.9166666666666666,4.166904755102429
2,weekday_mean_8w,1,100027,BEVERAGES,0.9140625,1.7083333333333333,8.541739256369837
2,weekday_mean_8w,1,100028,BEVERAGES,0.6683333333333333,0.4666666666666667,8.543019637330206
2,weekday_mean_8w,1,100029,BEVERAGES,1.6517857142857142,1.4666666666666666,3.538521012002183
2,weekday_mean_8w,1,100030,BEVERAGES,1.0088235294117647,-0.8666666666666667,8.592649821352023
2,weekday_mean_8w,1,100031,BEVERAGES,0.9243243243243243,1.6166666666666667,14.664512152358382
2,weekday_mean_8w,1,100032,BEVERAGES,0.9319620253164557,2.2333333333333334,12.132993192511227
2,weekday_mean_8w,1,100033,PRODUCE,0.7611676356589148,0.6432500000000007,16.731233196666945
2,weekday_mean_8w,1,100034,PRODUCE,0.5396573052767457,-3.877,10.937678320383105
2,weekday_mean_8w,1,100035,PRODUCE,3.1781527777777776,1.3068916666666666,1.7717651615405496
2,weekday_mean_8w,1,100036,PRODUCE,0.5963309782608696,3.6460916666666674,12.329666303384995
2,weekday_mean_8w,1,100037,PRODUCE,1.1350281625818237,-0.31466666666666665,3.5277919372294266
2,weekday_mean_8w,1,100038,PRODUCE,0.6842056699960786,1.5286333333333333,9.90685544628723
2,weekday_mean_8w,1,100039,PRODUCE,1.0854806218375679,0.2774083333333335,6.384790769181104
2,weekday_mean_8w,1,100040,PRODUCE,1.1602073484187818,0.009641666666666696,4.28186586416719
2,weekday_mean_8w,1,100041,CLEANING,1.4090909090909092,0.23333333333333334,1.2561159902462755
2,weekday_mean_8w,1,100042,CLEANING,1.8035714285714286,1.6416666666666666,2.305789814069502
2,weekday_mean_8w,1,100043,CLEANING,1.1166666666666667,-0.65,1.5031217515557416
2,weekday_mean_8w,1,100044,CLEANING,0.7296296296296296,2.6166666666666667,8.209922495429076
2,weekday_mean_8w,1,100045,CLEANING,0.8903631284916201,1.0916666666666666,11.863854418639274
2,weekday_mean_8w,1,100046,CLEANING,1.27,-0.2,2.640177212666929
2,weekday_mean_8w,1,100047,DAIRY,1.371012931034483,2.261833333333334,5.81865219817045
2,weekday_mean_8w,1,100048,DAIRY,0.9014,-2.107266666666667,3.4026809702669256
2,weekday_mean_8w,1,100049,DAIRY,1.3837986789317986,0.7599666666666667,2.7633940648662643
2,weekday_mean_8w,1,100050,DAIRY,1.2211574149249578,4.580683333333335,7.15361653757501
2,weekday_mean_8w,1,100051,DAIRY,0.8004243812185435,-0.933033333333333,5.376827025754219
2,weekday_mean_8w,1,100052,DAIRY,0.9395322277475079,3.0700666666666665,15.750740146715177
2,weekday_mean_8w,1,100053,BREAD/BAKERY,2.539567279193835,1.0313666666666665,1.2751404942434867
2,weekday_mean_8w,1,100054,BREAD/BAKERY,0.611098378064526,-1.8681833333333333,6.906279762680967
2,weekday_mean_8w,1,100055,BREAD/BAKERY,1.0634733615634024,-0.6443166666666666,4.723147616126373
2,weekday_mean_8w,1,100056,BREAD/BAKERY,1.2613992018522613,0.7701,8.654658792533567
2,weekday_mean_8w,1,100057,BREAD/BAKERY,1.0357822580645162,-0.4093833333333334,2.5294226236588817
2,weekday_mean_8w,1,100058,DELI,1.8232512009499648,1.1060750000000001,2.2960158081057345
2,weekday_mean_8w,1,100059,DELI,1.178155214881806,0.5780999999999998,2.5091527593279084
2,weekday_mean_8w,1,100060,EGGS,0.9474554027122928,-0.5269333333333334,1.7072111433842148
2,weekday_mean_8w,2,100001,GROCERY I,2.65625,1.8,2.653249355574621
2,weekday_mean_8w,2,100002,GROCERY I,0.5324074074074074,4.733333333333333,33.87272220421337
2,weekday_mean_8w,2,100003,GROCERY I,0.6284916201117319,-2.933333333333333,9.620809229898244
2,weekday_mean_8w,2,100004,GROCERY I,0.6919144981412639,1.2083333333333333,15.485207995589425
2,weekday_mean_8w,2,100005,GROCERY I,3.31,3.25,5.18411033833193
2,weekday_mean_8w,2,100006,GROCERY I,1.4576923076923076,2.95,6.698847182271631
2,weekday_mean_8w,2,100007,GROCERY I,1.4875,0.6333333333333333,4.66619364099242
2,weekday_mean_8w,2,100008,GROCERY I,1.2833333333333334,-0.05,1.7209320564325437
2,weekday_mean_8w,2,100009,GROCERY I,1.09375,-0.058333333333333334,2.6937703706002503
2,weekday_mean_8w,2,100010,GROCERY I,3.453125,1.125,1.6737201933759076
2,weekday_mean_8w,2,100011,GROCERY I,1.8076923076923077,0.1,2.155868237426132
2,weekday_mean_8w,2,100012,GROCERY I,1.025943396226415,-1.175,4.269597672581608
2,weekday_mean_8w,2,100013,GROCERY I,0.7838375796178344,6.725,20.24157673135738
2,weekday_mean_8w,2,100014,GROCERY I,0.7528409090909091,-0.6416666666666667,10.454713849104943
2,weekday_mean_8w,2,100015,GROCERY I,0.6276119402985074,4.466666666666667,18.475639527561174
2,weekday_mean_8w,2,100016,GROCERY I,0.6083333333333333,-0.95,8.272534160012363
2,weekday_mean_8w,2,100017,GROCERY I,0.6875,-0.9166666666666666,11.273157382958528
2,weekday_mean_8w,2,100018,GROCERY I,1.0902777777777777,0.1,3.1150556060159547
2,weekday_mean_8w,2,100019,GROCERY I,0.5288888888888889,-4.05,10.479763662820428
2,weekday_mean_8w,2,100020,BEVERAGES,1.1525862068965518,0.675,15.811585941960407
2,weekday_mean_8w,2,100021,BEVERAGES,1.911764705882353,2.1166666666666667,7.74920310803142
2,weekday_mean_8w,2,100022,BEVERAGES,0.6082089552238806,-3.0166666666666666,10.699723238521283
2,weekday_mean_8w,2,100023,BEVERAGES,0.9057692307692308,2.2916666666666665,13.81394761860359
2,weekday_mean_8w,2,100024,BEVERAGES,0.9254385964912281,-0.8666666666666667,4.448481549387172
2,weekday_mean_8w,2,100025,BEVERAGES,1.0555555555555556,-2.4833333333333334,7.307326721142542
2,weekday_mean_8w,2,100026,BEVERAGES,1.0807291666666667,-0.775,4.973411447746047
2,weekday_mean_8w,2,100027,BEVERAGES,1.5186567164179106,1.4833333333333334,7.4556526174695765
2,weekday_mean_8w,2,100028,BEVERAGES,0.9046474358974359,-0.09166666666666666,12.363582997004126
2,weekday_mean_8w,2,100029,BEVERAGES,1.9722222222222223,2.7666666666666666,3.1203059984253985
2,weekday_mean_8w,2,100030,BEVERAGES,0.7842356687898089,-2.675,11.306781309082995
2,weekday_mean_8w,2,100031,BEVERAGES,0.7927018633540373,5.591666666666667,9.72208304889049
2,weekday_mean_8w,2,100032,BEVERAGES,0.763095238095238,0.06666666666666667,14.78075385505792
2,weekday_mean_8w,2,100033,PRODUCE,0.5127160600819433,-1.3427916666666664,11.254778987095353
2,weekday_mean_8w,2,100034,PRODUCE,0.7295582329317271,-3.4144666666666668,13.722149488134226
2,weekday_mean_8w,2,100035,PRODUCE,0.9583333333333334,-0.9627,3.8723699458240595
2,weekday_mean_8w,2,100036,PRODUCE,0.7052155710809687,4.9641833333333345,15.656984448189986
2,weekday_mean_8w,2,100037,PRODUCE,2.6933437500000004,1.9895666666666665,2.4540636688508735
2,weekday_mean_8w,2,100038,PRODUCE,0.6440008561643835,0.23245833333333307,8.256139558127261
2,weekday_mean_8w,2,100039,PRODUCE,1.2766042217945632,0.8033916666666667,5.954634200124443
2,weekday_mean_8w,2,100040,PRODUCE,1.3333737639774512,0.7374083333333333,2.19100033541569
2,weekday_mean_8w,2,100041,CLEANING,1.2647058823529411,-0.55,1.9666868441257097
2,weekday_mean_8w,2,100042,CLEANING,0.9571428571428572,0.4666666666666667,2.8368850288065373
2,weekday_mean_8w,2,100043,CLEANING,1.1916666666666667,-0.425,1.6934748722249007
2,weekday_mean_8w,2,100044,CLEANING,0.87875,4.475,6.025281558329275
2,weekday_mean_8w,2,100045,CLEANING,0.6368055555555555,2.2583333333333333,9.967185744565347
2,weekday_mean_8w,2,100046,CLEANING,0.8547297297297297,-0.5916666666666667,2.4894718793541806
2,weekday_mean_8w,2,100047,DAIRY,1.1912713654695601,1.15455,4.964335351903689
2,weekday_mean_8w,2,100048,DAIRY,1.4008540009358914,0.4548083333333334,2.5192663729225013
2,weekday_mean_8w,2,100049,DAIRY,2.2363472222222223,1.01695,3.1314460103321275
2,weekday_mean_8w,2,100050,DAIRY,0.7422456428650435,-1.2077166666666665,8.176661819196509
2,weekday_mean_8w,2,100051,DAIRY,1.93475,2.3455999999999997,2.8172457520916723
2,weekday_mean_8w,2,100052,DAIRY,0.43968795545832173,-2.7677583333333327,11.765037997827603
2,weekday_mean_8w,2,100053,BREAD/BAKERY,1.8093487938710011,0.3052666666666667,2.7164918955248845
2,weekday_mean_8w,2,100054,BREAD/BAKERY,0.7792015412411045,-2.7109083333333333,8.300027204998802
2,weekday_mean_8w,2,100055,BREAD/BAKERY,2.356635420351373,1.9389666666666665,2.4170319588042175
2,weekday_mean_8w,2,100056,BREAD/BAKERY,0.919238555051582,-0.6999333333333333,6.942777048150644
2,weekday_mean_8w,2,100057,BREAD/BAKERY,1.1422855834022936,-0.5958249999999999,3.182913031426558
2,weekday_mean_8w,2,100058,DELI,1.4684777266431348,0.22555,2.515116528381794
2,weekday_mean_8w,2,100059,DELI,1.113798908098271,-0.2313250000000001,2.878591267799854
2,weekday_mean_8w,2,100060,EGGS,7.2201249999999995,0.6960166666666666,0.8723883023910909
2,weekday_mean_8w,3,100001,GROCERY I,1.1428571428571428,-0.6833333333333333,3.789926340533107
2,weekday_mean_8w,3,100002,GROCERY I,0.4626467449306297,-14.5,34.9713530723975
2,weekday_mean_8w,3,100003,GROCERY I,1.20706106870229,1.3916666666666666,12.819738083276489
2,weekday_mean_8w,3,100004,GROCERY I,1.2975352112676057,5.416666666666667,13.184191923158078
2,weekday_mean_8w,3,100005,GROCERY I,0.9864457831325302,-2.1416666666666666,6.384248659974089
2,weekday_mean_8w,3,100006,GROCERY I,0.9032258064516129,-1.3833333333333333,6.7728559250106875
2,weekday_mean_8w,3,100007,GROCERY I,1.1990740740740742,-0.03333333333333333,5.254136692259955
2,weekday_mean_8w,3,100008,GROCERY I,4.458333333333333,0.6916666666666667,0.8383480070665051
2,weekday_mean_8w,3,100009,GROCERY I,1.1701388888888888,-0.875,3.6532153156989176
2,weekday_mean_8w,3,100010,GROCERY I,1.7279411764705883,0.09166666666666666,2.8813852488657172
2,weekday_mean_8w,3,100011,GROCERY I,1.3875,-0.30833333333333335,1.6682879019550323
2,weekday_mean_8w,3,100012,GROCERY I,1.153125,-0.19166666666666668,3.6681138918808838
2,weekday_mean_8w,3,100013,GROCERY I,0.5333104395604396,2.2583333333333333,16.41424323422743
2,weekday_mean_8w,3,100014,GROCERY I,1.0994897959183674,0.4166666666666667,8.266307835914123
2,weekday_mean_8w,3,100015,GROCERY I,0.66015625,9.633333333333333,14.717842265508247
2,weekday_mean_8w,3,100016,GROCERY I,1.87012987012987,6.65,8.342179828181258
2,weekday_mean_8w,3,100017,GROCERY I,0.5013812154696132,-6.166666666666667,15.772565090175078
2,weekday_mean_8w,3,100018,GROCERY I,1.399390243902439,0.5083333333333333,4.459506966128921
2,weekday_mean_8w,3,100019,GROCERY I,0.510548523206751,-4.65,9.14567130239375
2,weekday_mean_8w,3,100020,BEVERAGES,0.8430706521739131,1.8083333333333333,12.0625107944684
2,weekday_mean_8w,3,100021,BEVERAGES,0.96875,0.23333333333333334,3.242734552958719
2,weekday_mean_8w,3,100022,BEVERAGES,1.611842105263158,5.725,10.781225414050642
2,weekday_mean_8w,3,100023,BEVERAGES,0.6663793103448276,1.0916666666666666,8.049160707504734
2,weekday_mean_8w,3,100024,BEVERAGES,1.8181818181818181,1.3333333333333333,4.50462725057986
2,weekday_mean_8w,3,100025,BEVERAGES,1.4074074074074074,0.06666666666666667,3.3986823427126382
2,weekday_mean_8w,3,100026,BEVERAGES,3.7857142857142856,0.9833333333333333,2.120723989135606
2,weekday_mean_8w,3,100027,BEVERAGES,1.0142045454545454,0.5833333333333334,7.7304861856591325
2,weekday_mean_8w,3,100028,BEVERAGES,0.9939320388349514,2.7916666666666665,8.106801964723086
2,weekday_mean_8w,3,100029,BEVERAGES,1.184375,-0.325,4.301370213581448
2,weekday_mean_8w,3,100030,BEVERAGES,0.9510869565217391,-0.5916666666666667,9.465688350689609
2,weekday_mean_8w,3,100031,BEVERAGES,0.7179319371727748,1.0083333333333333,11.956064161675247
2,weekday_mean_8w,3,100032,BEVERAGES,0.8145833333333333,-0.14166666666666666,12.270288107379356
2,weekday_mean_8w,3,100033,PRODUCE,0.4307325865842668,-0.24743333333333314,8.929840797536384
2,weekday_mean_8w,3,100034,PRODUCE,0.9878958128951946,5.921833333333333,8.491341373725874
2,weekday_mean_8w,3,100035,PRODUCE,1.6215694444444446,0.32575,2.3284381481631478
2,weekday_mean_8w,3,100036,PRODUCE,0.8983968615896478,0.3273833333333331,16.2699682290762
2,weekday_mean_8w,3,100037,PRODUCE,0.8876935762323173,-0.6736666666666667,2.9544702195611667
2,weekday_mean_8w,3,100038,PRODUCE,1.1299557086614171,1.9788750000000002,10.808892726304114
2,weekday_mean_8w,3,100039,PRODUCE,1.2452546321261404,0.20513333333333333,4.775931668988286
2,weekday_mean_8w,3,100040,PRODUCE,2.8849292709466807,2.16875,2.760767416440322
2,weekday_mean_8w,3,100041,CLEANING,10.0,0.6666666666666666,0.38864079387870065
2,weekday_mean_8w,3,100042,CLEANING,1.4722222222222223,0.8,3.9096378166197
2,weekday_mean_8w,3,100043,CLEANING,4.6875,0.5083333333333333,0.701507729991691
2,weekday_mean_8w,3,100044,CLEANING,0.6431159420289855,1.75,7.0475109587914595
2,weekday_mean_8w,3,100045,CLEANING,0.5761111111111111,0.10833333333333334,12.00380024151082
2,weekday_mean_8w,3,100046,CLEANING,0.8653846153846154,0.03333333333333333,1.6859891825897115
2,weekday_mean_8w,3,100047,DAIRY,0.7362430989229795,-1.0281500000000001,4.442179794463445
2,weekday_mean_8w,3,100048,DAIRY,0.9593637300360639,-1.7258333333333333,3.5357816840918677
2,weekday_mean_8w,3,100049,DAIRY,1.1342755142917735,-0.24471666666666678,4.65194734724904
2,weekday_mean_8w,3,100050,DAIRY,0.9142285742766716,1.8079000000000007,8.879090509198322
2,weekday_mean_8w,3,100051,DAIRY,1.4372134538364247,0.7452249999999998,4.245466430236831
2,weekday_mean_8w,3,100052,DAIRY,0.7877229064039407,3.6507166666666673,12.890730068616538
2,weekday_mean_8w,3,100053,BREAD/BAKERY,3.204833333333333,1.5187999999999997,2.915605479110887
2,weekday_mean_8w,3,100054,BREAD/BAKERY,1.0629606625258798,1.3850333333333333,9.027166950658414
2,weekday_mean_8w,3,100055,BREAD/BAKERY,0.9188645833333333,-1.5232083333333333,4.156397579728606
2,weekday_mean_8w,3,100056,BREAD/BAKERY,1.2091165492543337,2.2846749999999996,4.905816463739023
2,weekday_mean_8w,3,100057,BREAD/BAKERY,2.52451422480938,0.8271333333333335,2.353912425862728
2,weekday_mean_8w,3,100058,DELI,1.0355733801446052,0.4227416666666668,2.404354128574915
2,weekday_mean_8w,3,100059,DELI,0.9493383161845598,0.019399999999999907,2.336293579621057
2,weekday_mean_8w,3,100060,EGGS,1.6535264023387541,0.2052333333333334,1.3946730750643765
2,weekday_mean_8w,4,100001,GROCERY I,0.7372159090909091,-1.8083333333333333,4.906688826295717
2,weekday_mean_8w,4,100002,GROCERY I,0.6941161356628982,19.908333333333335,55.52709012810988
2,weekday_mean_8w,4,100003,GROCERY I,0.7634120171673819,-0.35833333333333334,13.683268806761609
2,weekday_mean_8w,4,100004,GROCERY I,0.9602272727272727,2.8,22.83871048086059
2,weekday_mean_8w,4,100005,GROCERY I,1.61,2.5,5.929647062491518
2,weekday_mean_8w,4,100006,GROCERY I,0.7193548387096774,-1.6,8.477807162569475
2,weekday_mean_8w,4,100007,GROCERY I,0.875,-1.6583333333333334,5.230078416056038
2,weekday_mean_8w,4,100008,GROCERY I,1.338235294117647,0.1,1.7811011842597344
2,weekday_mean_8w,4,100009,GROCERY I,1.3484042553191489,0.19166666666666668,5.138889425139397
2,weekday_mean_8w,4,100010,GROCERY I,1.4947916666666667,0.7083333333333334,3.1737858570903406
2,weekday_mean_8w,4,100011,GROCERY I,3.925,0.825,1.2763298386948638
2,weekday_mean_8w,4,100012,GROCERY I,2.0546875,1.0333333333333334,5.59106163783724
2,weekday_mean_8w,4,100013,GROCERY I,0.39818904593639576,-1.9416666666666667,23.01444939494276
2,weekday_mean_8w,4,100014,GROCERY I,1.0998263888888888,-1.4083333333333334,11.574724875882836
2,weekday_mean_8w,4,100015,GROCERY I,0.6051084990958409,-1.4916666666666667,27.119093607553296
2,weekday_mean_8w,4,100016,GROCERY I,0.830078125,2.3916666666666666,13.08308499915972
2,weekday_mean_8w,4,100017,GROCERY I,0.7800687285223368,2.5,17.223128656381967
2,weekday_mean_8w,4,100018,GROCERY I,2.08974358974359,2.533333333333333,6.289600733031659
2,weekday_mean_8w,4,100019,GROCERY I,0.7843045112781954,-0.008333333333333333,16.500978506339152
2,weekday_mean_8w,4,100020,BEVERAGES,0.6130952380952381,-6.375,19.669819158149007
2,weekday_mean_8w,4,100021,BEVERAGES,1.3908730158730158,1.7416666666666667,6.712107042678993
2,weekday_mean_8w,4,100022,BEVERAGES,2.308252427184466,13.916666666666666,10.893525545456981
2,weekday_mean_8w,4,100023,BEVERAGES,0.7712962962962963,-4.75,16.389238629574677
2,weekday_mean_8w,4,100024,BEVERAGES,4.177631578947368,3.4583333333333335,5.107694359167027
2,weekday_mean_8w,4,100025,BEVERAGES,1.3267045454545454,0.3416666666666667,4.833723301181084
2,weekday_mean_8w,4,100026,BEVERAGES,2.08984375,1.775,5.618488294397855
2,weekday_mean_8w,4,100027,BEVERAGES,1.6356132075471699,3.5083333333333333,13.200671880447528
2,weekday_mean_8w,4,100028,BEVERAGES,1.2139423076923077,8.341666666666667,12.26533903594461
2,weekday_mean_8w,4,100029,BEVERAGES,1.4809322033898304,0.39166666666666666,7.395985075572776
2,weekday_mean_8w,4,100030,BEVERAGES,1.610372340425532,1.9583333333333333,12.729646452652322
2,weekday_mean_8w,4,100031,BEVERAGES,0.5637668918918919,-4.625,13.915160668442583
2,weekday_mean_8w,4,100032,BEVERAGES,0.9992063492063492,-5.083333333333333,25.57205622400767
2,weekday_mean_8w,4,100033,PRODUCE,0.5532532008991449,2.918816666666667,14.584898681701768
2,weekday_mean_8w,4,100034,PRODUCE,0.7388404017857144,6.056583333333333,12.486883097040936
2,weekday_mean_8w,4,100035,PRODUCE,1.8805625,0.6559333333333333,2.6585036397155735
2,weekday_mean_8w,4,100036,PRODUCE,0.6266886699155219,-0.2467999999999987,23.544314185084733
2,weekday_mean_8w,4,100037,PRODUCE,1.5853682946357086,0.9397666666666669,4.432572179047989
2,weekday_mean_8w,4,100038,PRODUCE,0.6518586206896553,-0.7492000000000006,15.284629068688933
2,weekday_mean_8w,4,100039,PRODUCE,1.265296052631579,2.047875,5.376629435741849
2,weekday_mean_8w,4,100040,PRODUCE,1.306275126885085,-0.12441666666666648,5.591483487680703
2,weekday_mean_8w,4,100041,CLEANING,2.3,0.5666666666666667,0.7601495780123678
2,weekday_mean_8w,4,100042,CLEANING,1.7941176470588236,2.8666666666666667,3.8138805072798916
2,weekday_mean_8w,4,100043,CLEANING,1.46875,0.08333333333333333,1.0314979860562479
2,weekday_mean_8w,4,100044,CLEANING,0.9235668789808917,4.55,11.389100365825966
2,weekday_mean_8w,4,100045,CLEANING,0.7172284644194756,4.7,14.807228567734843
2,weekday_mean_8w,4,100046,CLEANING,1.6383928571428572,0.8583333333333333,3.4462928668076835
2,weekday_mean_8w,4,100047,DAIRY,1.0425548245614036,-0.5341999999999995,9.610438572128782
2,weekday_mean_8w,4,100048,DAIRY,1.6195958333333331,0.38424166666666676,3.9239703260021264
2,weekday_mean_8w,4,100049,DAIRY,2.0214342105263157,1.2561833333333334,2.877345428727708
2,weekday_mean_8w,4,100050,DAIRY,0.7795244527676296,2.384383333333333,9.612274842531454
2,weekday_mean_8w,4,100051,DAIRY,1.8807134621773198,2.574516666666667,7.489980447843465
2,weekday_mean_8w,4,100052,DAIRY,0.8498057575115076,6.120466666666667,19.352594927832644
2,weekday_mean_8w,4,100053,BREAD/BAKERY,1.6608229166666668,0.2974333333333333,2.972538308080478
2,weekday_mean_8w,4,100054,BREAD/BAKERY,0.824669535016329,0.7753333333333333,13.965388460713541
2,weekday_mean_8w,4,100055,BREAD/BAKERY,1.1088535244822473,1.6658499999999998,4.019396250027128
2,weekday_mean_8w,4,100056,BREAD/BAKERY,1.255783531820876,3.3590750000000003,8.539547237260924
2,weekday_mean_8w,4,100057,BREAD/BAKERY,1.8415818278114515,0.6205333333333333,2.902166527334528
2,weekday_mean_8w,4,100058,DELI,1.4114976920877416,1.2960250000000002,2.454878348018783
2,weekday_mean_8w,4,100059,DELI,1.5540341123580081,0.2422333333333332,4.056994699927287
2,weekday_mean_8w,4,100060,EGGS,1.0708333333333333,-0.7105499999999999,2.8248695971009
2,weekday_mean_8w,5,100001,GROCERY I,0.9772727272727273,1.0833333333333333,4.076464095734135
2,weekday_mean_8w,5,100002,GROCERY I,0.5188888888888888,-5.566666666666666,54.30983095255626
2,weekday_mean_8w,5,100003,GROCERY I,1.2349290780141844,3.175,12.876629577871466
2,weekday_mean_8w,5,100004,GROCERY I,0.46645021645021645,-3.15,18.88896125102853
2,weekday_mean_8w,5,100005,GROCERY I,0.9258849557522124,-1.8916666666666666,7.863067301057036
2,weekday_mean_8w,5,100006,GROCERY I,1.3161764705882353,1.2833333333333334,10.688619058650767
2,weekday_mean_8w,5,100007,GROCERY I,1.4569672131147542,2.158333333333333,7.447654632420163
2,weekday_mean_8w,5,100008,GROCERY I,1.5625,-0.016666666666666666,1.519124121077042
2,weekday_mean_8w,5,100009,GROCERY I,1.1833333333333333,0.8666666666666667,2.7976659063958165
2,weekday_mean_8w,5,100010,GROCERY I,2.360294117647059,1.1416666666666666,3.220285405866706
2,weekday_mean_8w,5,100011,GROCERY I,1.6875,-0.08333333333333333,2.1300709802615456
2,weekday_mean_8w,5,100012,GROCERY I,1.5723684210526316,0.21666666666666667,4.988707486008012
2,weekday_mean_8w,5,100013,GROCERY I,0.5775,4.241666666666666,28.46608518838481
2,weekday_mean_8w,5,100014,GROCERY I,1.054032258064516,-0.475,13.012974294910446
2,weekday_mean_8w,5,100015,GROCERY I,0.6410550458715596,0.575,29.538896874653744
2,weekday_mean_8w,5,100016,GROCERY I,1.5625,8.425,14.43804498043772
2,weekday_mean_8w,5,100017,GROCERY I,0.45742092457420924,-4.216666666666667,15.970638982952734
2,weekday_mean_8w,5,100018,GROCERY I,1.9487179487179487,1.65,5.705025979657886
2,weekday_mean_8w,5,100019,GROCERY I,0.6540404040404041,-0.7833333333333333,16.306048030744677
2,weekday_mean_8w,5,100020,BEVERAGES,0.5143129770992366,1.0,12.636486994866436
2,weekday_mean_8w,5,100021,BEVERAGES,1.2178571428571427,1.3666666666666667,7.02744407577145
2,weekday_mean_8w,5,100022,BEVERAGES,0.9811197916666666,8.325,13.59792526191299
2,weekday_mean_8w,5,100023,BEVERAGES,1.2524834437086092,7.541666666666667,13.693036768824546
2,weekday_mean_8w,5,100024,BEVERAGES,1.1477272727272727,-0.09166666666666666,6.422697382460633
2,weekday_mean_8w,5,100025,BEVERAGES,2.5197368421052633,1.6416666666666666,3.5515548238295107
2,weekday_mean_8w,5,100026,BEVERAGES,1.1299019607843137,-0.5083333333333333,4.703595382663089
2,weekday_mean_8w,5,100027,BEVERAGES,1.5014204545454546,4.525,8.76162493083169
2,weekday_mean_8w,5,100028,BEVERAGES,1.1731843575418994,-0.6166666666666667,17.01630433129468
2,weekday_mean_8w,5,100029,BEVERAGES,1.6195652173913044,2.5166666666666666,4.870617688411468
2,weekday_mean_8w,5,100030,BEVERAGES,1.0747767857142858,1.375,9.740036117562838
2,weekday_mean_8w,5,100031,BEVERAGES,0.5687022900763359,-0.26666666666666666,12.275926160385541
2,weekday_mean_8w,5,100032,BEVERAGES,0.7192982456140351,-10.966666666666667,19.889340438919486
2,weekday_mean_8w,5,100033,PRODUCE,0.9363562813818871,5.5737499999999995,23.37507868631714
2,weekday_mean_8w,5,100034,PRODUCE,0.5517913001552285,-2.119533333333333,16.808030895486567
2,weekday_mean_8w,5,100035,PRODUCE,1.7806413043478262,0.9136500000000001,3.299222285995703
2,weekday_mean_8w,5,100036,PRODUCE,0.5026386498425401,2.723691666666666,15.116887292302753
2,weekday_mean_8w,5,100037,PRODUCE,0.8535714285714285,-2.9,4.899025048779749
2,weekday_mean_8w,5,100038,PRODUCE,0.5382574152542372,0.4133166666666669,11.018974482040655
2,weekday_mean_8w,5,100039,PRODUCE,0.959018115942029,1.6893999999999998,5.607342817760731
2,weekday_mean_8w,5,100040,PRODUCE,1.5206032588534086,1.1633666666666669,3.795729885658482
2,weekday_mean_8w,5,100041,CLEANING,1.5833333333333333,0.23333333333333334,1.2596650159391394
2,weekday_mean_8w,5,100042,CLEANING,1.1888888888888889,1.4,4.161419314883531
2,weekday_mean_8w,5,100043,CLEANING,,0.75,0.43042752832835535
2,weekday_mean_8w,5,100044,CLEANING,0.6539772727272727,-1.0916666666666666,13.760017995558554
2,weekday_mean_8w,5,100045,CLEANING,0.8078947368421052,2.55,17.947082433006845
2,weekday_mean_8w,5,100046,CLEANING,1.0954545454545455,-0.85,5.225751825609129
2,weekday_mean_8w,5,100047,DAIRY,0.6623005081228083,-3.227583333333333,6.307220764455401
2,weekday_mean_8w,5,100048,DAIRY,0.8545716342692584,-0.7909,4.203654188194905
2,weekday_mean_8w,5,100049,DAIRY,1.0513780487804878,-3.581166666666667,6.836580795921794
2,weekday_mean_8w,5,100050,DAIRY,0.9825384848842503,3.2896833333333344,8.318735406886775
2,weekday_mean_8w,5,100051,DAIRY,1.703257780598168,1.1460083333333335,4.472304367044812
2,weekday_mean_8w,5,100052,DAIRY,0.9332264132162189,9.260233333333334,20.42662944255931
2,weekday_mean_8w,5,100053,BREAD/BAKERY,1.354595,1.108125,2.504898395341045
2,weekday_mean_8w,5,100054,BREAD/BAKERY,0.37432943585027534,-1.5821833333333337,6.032378268794769
2,weekday_mean_8w,5,100055,BREAD/BAKERY,0.784192442307145,-0.9984833333333337,5.086382421753932
2,weekday_mean_8w,5,100056,BREAD/BAKERY,0.7260170454545455,3.9574583333333333,5.240457252760102
2,weekday_mean_8w,5,100057,BREAD/BAKERY,0.9282464765000892,-1.3994000000000002,4.121072033832425
2,weekday_mean_8w,5,100058,DELI,2.074236753647295,1.3219166666666669,4.7782182623493465
2,weekday_mean_8w,5,100059,DELI,0.8080158045091149,-1.2094916666666669,3.1201693347286383
2,weekday_mean_8w,5,100060,EGGS,1.1271100264388854,-0.4470666666666668,2.25014363423813
2,weekday_mean_8w,6,100001,GROCERY I,1.23828125,-0.025,3.2394058097126393
2,weekday_mean_8w,6,100002,GROCERY I,1.3753753753753755,16.666666666666668,30.626955719866555
2,weekday_mean_8w,6,100003,GROCERY I,0.5836776859504132,0.008333333333333333,6.009565787341125
2,weekday_mean_8w,6,100004,GROCERY I,0.8575,2.2083333333333335,10.062158009568515
2,weekday_mean_8w,6,100005,GROCERY I,0.8928571428571429,-3.5166666666666666,4.718614985454141
2,weekday_mean_8w,6,100006,GROCERY I,0.9813432835820896,0.13333333333333333,4.956612346389513
2,weekday_mean_8w,6,100007,GROCERY I,1.0714285714285714,-0.85,4.404289710854959
2,weekday_mean_8w,6,100008,GROCERY I,1.3125,-0.10833333333333334,1.2191429464215933
2,weekday_mean_8w,6,100009,GROCERY I,1.2261904761904763,-0.43333333333333335,2.2623010304512863
2,weekday_mean_8w,6,100010,GROCERY I,1.3392857142857142,0.425,0.7659028285997793
2,weekday_mean_8w,6,100011,GROCERY I,1.2954545454545454,-0.18333333333333332,1.524258211471434
2,weekday_mean_8w,6,100012,GROCERY I,1.3385416666666667,0.025,3.106444913401814
2,weekday_mean_8w,6,100013,GROCERY I,0.7722537878787878,1.9416666666666667,17.738921760865153
2,weekday_mean_8w,6,100014,GROCERY I,0.8333333333333334,-0.23333333333333334,5.627354004791071
2,weekday_mean_8w,6,100015,GROCERY I,0.6265120967741935,0.7583333333333333,13.70621817521765
2,weekday_mean_8w,6,100016,GROCERY I,0.85,-3.283333333333333,9.526451270516414
2,weekday_mean_8w,6,100017,GROCERY I,0.9794034090909091,-0.175,13.772611278496589
2,weekday_mean_8w,6,100018,GROCERY I,1.1964285714285714,0.4666666666666667,2.6581523300074075
2,weekday_mean_8w,6,100019,GROCERY I,0.8660714285714286,3.65,4.9346623853251455
2,weekday_mean_8w,6,100020,BEVERAGES,1.3571428571428572,4.433333333333334,10.326572288910546
2,weekday_mean_8w,6,100021,BEVERAGES,1.4738372093023255,0.5583333333333333,5.168773571950626
2,weekday_mean_8w,6,100022,BEVERAGES,1.7099056603773586,4.891666666666667,4.8822900315713476
2,weekday_mean_8w,6,100023,BEVERAGES,1.2020089285714286,0.225,10.947439361395364
2,weekday_mean_8w,6,100024,BEVERAGES,1.3017241379310345,0.7666666666666667,3.289888006488685
2,weekday_mean_8w,6,100025,BEVERAGES,0.95,-0.7833333333333333,2.6290218622866095
2,weekday_mean_8w,6,100026,BEVERAGES,1.4671052631578947,-0.275,2.7071334338320727
2,weekday_mean_8w,6,100027,BEVERAGES,1.0431547619047619,-0.8583333333333333,6.743029911023114
2,weekday_mean_8w,6,100028,BEVERAGES,1.1818181818181819,2.9,7.501815256513396
2,weekday_mean_8w,6,100029,BEVERAGES,2.5972222222222223,0.8583333333333333,1.6588955735095334
2,weekday_mean_8w,6,100030,BEVERAGES,0.9375,1.2166666666666666,4.427860926107818
2,weekday_mean_8w,6,100031,BEVERAGES,0.9318181818181818,1.7166666666666666,8.489550649951696
2,weekday_mean_8w,6,100032,BEVERAGES,1.1331168831168832,1.55,6.581528535009391
2,weekday_mean_8w,6,100033,PRODUCE,0.8320753480395637,0.105783333333333,12.54448240214194
2,weekday_mean_8w,6,100034,PRODUCE,0.5179435116800051,1.8234,5.492915503254429
2,weekday_mean_8w,6,100035,PRODUCE,3.9375,1.0242833333333332,0.5871423730410182
2,weekday_mean_8w,6,100036,PRODUCE,0.35058174211449855,-2.407166666666667,6.167515498610055
2,weekday_mean_8w,6,100037,PRODUCE,2.875777777777778,0.9754666666666666,1.8168832340878496
2,weekday_mean_8w,6,100038,PRODUCE,0.6164814994501584,0.15899999999999964,6.926426565607261
2,weekday_mean_8w,6,100039,PRODUCE,0.9077380952380952,-0.7471333333333334,3.291749575327179
2,weekday_mean_8w,6,100040,PRODUCE,0.9500235183443085,-1.1596666666666666,3.352023624760479
2,weekday_mean_8w,6,100041,CLEANING,1.2083333333333333,-0.125,1.0286086302796191
2,weekday_mean_8w,6,100042,CLEANING,1.7386363636363635,1.1583333333333334,0.8134838365824808
2,weekday_mean_8w,6,100043,CLEANING,1.0555555555555556,-0.06666666666666667,0.8289767071229329
2,weekday_mean_8w,6,100044,CLEANING,1.3402777777777777,2.933333333333333,7.090434115932602
2,weekday_mean_8w,6,100045,CLEANING,0.5736940298507462,1.3916666666666666,6.5039250969446645
2,weekday_mean_8w,6,100046,CLEANING,1.1944444444444444,-0.08333333333333333,1.7932578759129456
2,weekday_mean_8w,6,100047,DAIRY,0.7468298344310282,-2.64845,5.433343297039323
2,weekday_mean_8w,6,100048,DAIRY,1.4324284362431985,0.3859333333333333,0.9889436372005859
2,weekday_mean_8w,6,100049,DAIRY,1.2299458344080476,-0.2205166666666667,2.4779475111482796
2,weekday_mean_8w,6,100050,DAIRY,0.756723779854621,0.6873250000000001,4.144705661938751
2,weekday_mean_8w,6,100051,DAIRY,0.8236246237838594,-0.468525,3.0179243765967936
2,weekday_mean_8w,6,100052,DAIRY,0.9500577789225273,4.21605,10.470861347623735
2,weekday_mean_8w,6,100053,BREAD/BAKERY,0.959737205378598,0.11660000000000001,1.5318990003656991
2,weekday_mean_8w,6,100054,BREAD/BAKERY,0.6081025963734675,0.7378583333333333,3.6152162109526067
2,weekday_mean_8w,6,100055,BREAD/BAKERY,4.260588134430727,1.6565166666666664,0.7134422104479168
2,weekday_mean_8w,6,100056,BREAD/BAKERY,0.8301173098713591,0.6236166666666668,3.92602715531311
2,weekday_mean_8w,6,100057,BREAD/BAKERY,1.8036079941027112,0.31568333333333337,1.807697129678755
2,weekday_mean_8w,6,100058,DELI,1.483126141311982,0.2011833333333333,1.5861711042708504
2,weekday_mean_8w,6,100059,DELI,1.2215,0.037833333333333385,1.8962259548966756
2,weekday_mean_8w,6,100060,EGGS,1.0437406767684698,-0.9073166666666668,2.4874319413099144
2,lightgbm_recursive,1,100001,GROCERY I,2.02501475086823,1.5383958788404273,2.488797891505597
2,lightgbm_recursive,1,100002,GROCERY I,0.32940796990390026,-3.816987431820763,26.62801479364565
2,lightgbm_recursive,1,100003,GROCERY I,0.9955832606561303,-0.42751966413535347,10.261976664913176
2,lightgbm_recursive,1,100004,GROCERY I,0.5136306115527418,0.15325514820989455,13.590392436551161
2,lightgbm_recursive,1,100005,GROCERY I,1.6214017084233434,1.3095657724628416,5.177671766292572
2,lightgbm_recursive,1,100006,GROCERY I,1.3084221613259224,2.1391272688465803,6.67275869967758
2,lightgbm_recursive,1,100007,GROCERY I,1.0778782656612702,-0.30385832501649496,4.823617457719896
2,lightgbm_recursive,1,100008,GROCERY I,1.570351374442845,-0.06513860891192147,1.644689020787124
2,lightgbm_recursive,1,100009,GROCERY I,1.2111141280711917,0.5443977739866483,1.8666593811023255
2,lightgbm_recursive,1,100010,GROCERY I,1.9910243218729506,0.7011740362100111,1.4048757715236724
2,lightgbm_recursive,1,100011,GROCERY I,1.037501412178404,-1.2604547407163909,2.925733643227343
2,lightgbm_recursive,1,100012,GROCERY I,1.098316926450924,-0.8248410978141224,4.97972332301175
2,lightgbm_recursive,1,100013,GROCERY I,0.4368795421795449,0.2559127055500615,17.098567870959318
2,lightgbm_recursive,1,100014,GROCERY I,1.1260079631231767,2.362691535364635,5.713566701925517
2,lightgbm_recursive,1,100015,GROCERY I,0.5516021065616526,-10.738052272130448,23.267789756924916
2,lightgbm_recursive,1,100016,GROCERY I,0.8407240525364194,1.0506108524306565,9.210969770466573
2,lightgbm_recursive,1,100017,GROCERY I,0.823533846038358,5.797976577699344,12.598002607704307
2,lightgbm_recursive,1,100018,GROCERY I,2.1474415460287184,1.534872801785214,3.805630033259749
2,lightgbm_recursive,1,100019,GROCERY I,0.6490655959263286,-3.051146503662831,12.281157104004679
2,lightgbm_recursive,1,100020,BEVERAGES,0.8544833718584022,2.65260489553314,11.79859892473205
2,lightgbm_recursive,1,100021,BEVERAGES,1.329538227742284,0.6072029000030396,5.94894653873242
2,lightgbm_recursive,1,100022,BEVERAGES,0.9822092623240586,3.9170203752293515,10.973799449241866
2,lightgbm_recursive,1,100023,BEVERAGES,0.5463909667954636,-1.554781908777211,9.300689316488322
2,lightgbm_recursive,1,100024,BEVERAGES,1.3108763810282376,0.7306673221955987,4.526603597160339
2,lightgbm_recursive,1,100025,BEVERAGES,1.446722858751252,0.19124574807271888,3.5905711070813395
2,lightgbm_recursive,1,100026,BEVERAGES,1.1812755913573458,-0.6333155685762111,4.156520863460226
2,lightgbm_recursive,1,100027,BEVERAGES,0.9645651525820497,-0.7759655967813447,7.8565630863937015
2,lightgbm_recursive,1,100028,BEVERAGES,0.6390229383797875,-1.0969386426592598,7.776279988301964
2,lightgbm_recursive,1,100029,BEVERAGES,1.7045826802300457,0.8239084788864324,3.490757654342514
2,lightgbm_recursive,1,100030,BEVERAGES,0.9273415325697899,0.5299092898685037,6.8390583674117815
2,lightgbm_recursive,1,100031,BEVERAGES,0.7375993181227222,-0.990414382357771,10.699576389424779
2,lightgbm_recursive,1,100032,BEVERAGES,0.7622898253124213,1.4471414101747524,9.957600872552486
2,lightgbm_recursive,1,100033,PRODUCE,0.8054931441189596,-1.7394243219242536,16.71364649795218
2,lightgbm_recursive,1,100034,PRODUCE,0.5214261040389008,-2.383708457675423,10.415158262445356
2,lightgbm_recursive,1,100035,PRODUCE,2.9245861723848177,1.031765845758578,1.6471929058831438
2,lightgbm_recursive,1,100036,PRODUCE,0.5381154509376765,4.169097790563358,10.452073003476448
2,lightgbm_recursive,1,100037,PRODUCE,1.3726432282459042,0.21871010336184057,3.604972265015597
2,lightgbm_recursive,1,100038,PRODUCE,0.6288520673769916,0.6559897680990232,9.306317533125052
2,lightgbm_recursive,1,100039,PRODUCE,1.0944048371433677,-0.49147480610428323,6.521711483433336
2,lightgbm_recursive,1,100040,PRODUCE,1.0638335315877627,-0.3507503890553332,3.8905252455584263
2,lightgbm_recursive,1,100041,CLEANING,1.3007472270013969,-0.09111318469148291,1.3849451652112446
2,lightgbm_recursive,1,100042,CLEANING,1.9128620918382746,1.4276301548993435,2.5540490684285952
2,lightgbm_recursive,1,100043,CLEANING,1.1694318142185751,-0.2233978125559194,1.4274526648230752
2,lightgbm_recursive,1,100044,CLEANING,0.7387614985265945,1.6936732259639489,8.448822538173673
2,lightgbm_recursive,1,100045,CLEANING,0.9072006774801683,1.7726423123091979,13.090203196835269
2,lightgbm_recursive,1,100046,CLEANING,1.2783296042655088,-0.16599017788515713,2.580871601637626
2,lightgbm_recursive,1,100047,DAIRY,1.240870896471813,0.960680918918568,5.601512879309879
2,lightgbm_recursive,1,100048,DAIRY,0.8518495592621117,-1.60548472212293,3.462487173303051
2,lightgbm_recursive,1,100049,DAIRY,1.3163384426469016,0.3761775313535777,2.742110681989075
2,lightgbm_recursive,1,100050,DAIRY,1.1602291646179757,3.361610464980338,6.782702614616183
2,lightgbm_recursive,1,100051,DAIRY,0.7862899470503543,-1.681164854397663,4.903289999672061
2,lightgbm_recursive,1,100052,DAIRY,0.8207945319017853,5.61835916795403,13.495319562004186
2,lightgbm_recursive,1,100053,BREAD/BAKERY,2.363037463361784,1.089774877996036,0.9992303586398662
2,lightgbm_recursive,1,100054,BREAD/BAKERY,0.6557051479862991,-1.2305969424470788,7.143127809433792
2,lightgbm_recursive,1,100055,BREAD/BAKERY,0.8586904801729788,-0.523390930846966,3.985916824620597
2,lightgbm_recursive,1,100056,BREAD/BAKERY,1.124634592086541,0.1830382509683703,7.843101825439561
2,lightgbm_recursive,1,100057,BREAD/BAKERY,1.0353108137082705,-0.3353873201354923,2.4230320340935805
2,lightgbm_recursive,1,100058,DELI,1.6677520531780565,0.7040952321759986,2.2957225217794486
2,lightgbm_recursive,1,100059,DELI,1.0433891088585079,0.020269810180195174,2.1485083332584427
2,lightgbm_recursive,1,100060,EGGS,1.0004680535463888,-0.3117064836691562,1.7032965622579723
2,lightgbm_recursive,2,100001,GROCERY I,2.361215063135078,1.8427676685848402,2.108101442475819
2,lightgbm_recursive,2,100002,GROCERY I,0.5718147912213154,-1.2492792803529322,35.56204957705788
2,lightgbm_recursive,2,100003,GROCERY I,0.7372776230881731,-3.0277104104406902,10.401922019451472
2,lightgbm_recursive,2,100004,GROCERY I,0.6100582167857043,1.1922042639793957,13.542954251202474
2,lightgbm_recursive,2,100005,GROCERY I,2.5722690826847616,2.596171980405391,3.7242450847898976
2,lightgbm_recursive,2,100006,GROCERY I,1.5037328471786202,2.326143887111736,6.666524548336595
2,lightgbm_recursive,2,100007,GROCERY I,1.411561069035442,0.7673301825820672,4.254947969446554
2,lightgbm_recursive,2,100008,GROCERY I,1.230420263928946,-0.31667524865359803,1.6992691785594007
2,lightgbm_recursive,2,100009,GROCERY I,1.0997831082218397,-0.0024885340886413587,2.3588112200273077
2,lightgbm_recursive,2,100010,GROCERY I,2.940187015161484,0.8703804893740552,1.4683866229951281
2,lightgbm_recursive,2,100011,GROCERY I,1.4383912815044793,-0.006681864583729058,1.6837112189501713
2,lightgbm_recursive,2,100012,GROCERY I,0.84152863030572,-1.0375801285013382,3.470310661084678
2,lightgbm_recursive,2,100013,GROCERY I,0.645560843207732,6.4656462811016775,15.884316025790344
2,lightgbm_recursive,2,100014,GROCERY I,0.9148822494447015,-1.6581929078194728,10.01976478481075
2,lightgbm_recursive,2,100015,GROCERY I,0.62871489002815,5.174531569502459,18.686767950418442
2,lightgbm_recursive,2,100016,GROCERY I,0.6485339222338865,-1.7563743679104842,8.865098466036644
2,lightgbm_recursive,2,100017,GROCERY I,0.7292356184575642,0.9878413957040959,11.46415736825981
2,lightgbm_recursive,2,100018,GROCERY I,1.274582744153121,0.5530161321084424,3.3485907640549035
2,lightgbm_recursive,2,100019,GROCERY I,0.5984867314279925,-2.1186585698289435,11.490362335218352
2,lightgbm_recursive,2,100020,BEVERAGES,1.1906429095926012,2.5167410567303663,16.08945293269724
2,lightgbm_recursive,2,100021,BEVERAGES,1.6531260397688,0.4768949353222892,7.957976553226597
2,lightgbm_recursive,2,100022,BEVERAGES,0.5840541433756704,-2.296116370788754,9.31627359534721
2,lightgbm_recursive,2,100023,BEVERAGES,0.8559961818166069,0.043469292283659415,14.179550572605171
2,lightgbm_recursive,2,100024,BEVERAGES,0.8987757296079092,-0.3420202001818981,3.9874831245176203
2,lightgbm_recursive,2,100025,BEVERAGES,1.0119480318940046,-2.2081278735454934,6.831803303562798
2,lightgbm_recursive,2,100026,BEVERAGES,0.9340899051601336,-1.1052283934231346,4.5298357474291295
2,lightgbm_recursive,2,100027,BEVERAGES,1.4753016676239552,1.577147810532606,7.4703777614578275
2,lightgbm_recursive,2,100028,BEVERAGES,0.9149022317006836,-1.1317618500010638,12.531127066273854
2,lightgbm_recursive,2,100029,BEVERAGES,1.5262792050381198,1.104762318827315,2.939871108747749
2,lightgbm_recursive,2,100030,BEVERAGES,0.7508123097302504,-4.21994687605812,10.532023174938974
2,lightgbm_recursive,2,100031,BEVERAGES,0.8498601479896858,2.60780919006813,10.464225688983767
2,lightgbm_recursive,2,100032,BEVERAGES,0.6570821917026675,-1.8264581622645926,13.414458118508565
2,lightgbm_recursive,2,100033,PRODUCE,0.5482450128925862,-1.9737870817176366,11.67169822319847
2,lightgbm_recursive,2,100034,PRODUCE,0.6734483917476333,-3.4943654389075736,12.608980075326256
2,lightgbm_recursive,2,100035,PRODUCE,0.9761667211258173,-1.4770022045294802,3.9639010846410354
2,lightgbm_recursive,2,100036,PRODUCE,0.5225497963339556,3.2415412538036237,12.12677795801161
2,lightgbm_recursive,2,100037,PRODUCE,2.197139913611957,1.2341960558357323,2.299277993632144
2,lightgbm_recursive,2,100038,PRODUCE,0.6728371729857408,1.4022065261549828,8.183972089353235
2,lightgbm_recursive,2,100039,PRODUCE,1.334950039815956,1.0700745491625303,5.803419798507339
2,lightgbm_recursive,2,100040,PRODUCE,1.4737881462364795,1.1042014501829778,2.1983013397739257
2,lightgbm_recursive,2,100041,CLEANING,1.2032360321182487,-0.48860604154287957,1.8241022871456691
2,lightgbm_recursive,2,100042,CLEANING,1.025502373457313,0.5309378427283707,2.8305290470496294
2,lightgbm_recursive,2,100043,CLEANING,1.2177692223439964,-0.24246602587600113,1.6066583610052068
2,lightgbm_recursive,2,100044,CLEANING,0.8221424801525399,3.2947892526589464,6.203848536725866
2,lightgbm_recursive,2,100045,CLEANING,0.6391596275378825,2.111355054155559,9.862689915070801
2,lightgbm_recursive,2,100046,CLEANING,0.8581312771861604,-0.8990892445488539,2.4327280467305146
2,lightgbm_recursive,2,100047,DAIRY,1.1018839733997656,1.48878851572431,4.571931322713005
2,lightgbm_recursive,2,100048,DAIRY,1.345517296329026,0.29729022702025076,2.449127430334514
2,lightgbm_recursive,2,100049,DAIRY,1.801047478414179,0.6881636605563045,2.6050030511570834
2,lightgbm_recursive,2,100050,DAIRY,0.6349232627574262,-0.7967277498288273,7.052823397470565
2,lightgbm_recursive,2,100051,DAIRY,1.6363496069636998,1.7461927926699303,2.4594318124045715
2,lightgbm_recursive,2,100052,DAIRY,0.37084677651774933,-2.9773685352116432,9.833193979224587
2,lightgbm_recursive,2,100053,BREAD/BAKERY,1.6399157396794541,0.48857399636750076,2.240146620531122
2,lightgbm_recursive,2,100054,BREAD/BAKERY,0.7478513075290305,-2.1820763174913433,7.8767198210870815
2,lightgbm_recursive,2,100055,BREAD/BAKERY,2.3371887143926178,1.9960138398007683,2.173303313177106
2,lightgbm_recursive,2,100056,BREAD/BAKERY,0.9296356068137933,0.44478524621897864,6.571775344523017
2,lightgbm_recursive,2,100057,BREAD/BAKERY,1.1857658174115437,-0.5579963543155343,3.225932489053494
2,lightgbm_recursive,2,100058,DELI,1.3081009088420463,0.46610820099301903,2.1159028307017387
2,lightgbm_recursive,2,100059,DELI,1.1814088386236299,-0.10961628043881837,2.7706838305832258
2,lightgbm_recursive,2,100060,EGGS,7.730408205654122,0.9162004161644529,0.5083904729635524
2,lightgbm_recursive,3,100001,GROCERY I,1.1774585755346243,-0.06555438414061883,3.796700594574755
2,lightgbm_recursive,3,100002,GROCERY I,0.41637052861076274,-14.121213457961614,32.80588746144911
2,lightgbm_recursive,3,100003,GROCERY I,1.0712224361181266,0.7640723345561931,10.840004007455322
2,lightgbm_recursive,3,100004,GROCERY I,1.1669589448430508,8.64020932125054,11.817940569313155
2,lightgbm_recursive,3,100005,GROCERY I,1.034181433410619,-1.5881778426346287,6.488702829749102
2,lightgbm_recursive,3,100006,GROCERY I,0.8752431775057213,-0.6936050270228818,6.190795507488312
2,lightgbm_recursive,3,100007,GROCERY I,1.2209058044351129,-0.13976552254973562,5.222999923707913
2,lightgbm_recursive,3,100008,GROCERY I,3.265883644264037,0.4314501938647094,0.5488995790713252
2,lightgbm_recursive,3,100009,GROCERY I,1.1289457548104673,-0.5700306570372013,3.3077789469771504
2,lightgbm_recursive,3,100010,GROCERY I,1.6271544928702273,0.1957106105937883,2.649501608015797
2,lightgbm_recursive,3,100011,GROCERY I,1.7536376015754798,0.15045844898858127,1.6009197886126794
2,lightgbm_recursive,3,100012,GROCERY I,1.2017702335692984,-0.23387852273214454,3.7076093101120025
2,lightgbm_recursive,3,100013,GROCERY I,0.5485954433774228,0.7699183910934448,18.44908630918219
2,lightgbm_recursive,3,100014,GROCERY I,1.088108732182764,-0.2751750808787683,8.200597692721034
2,lightgbm_recursive,3,100015,GROCERY I,0.571243017740129,6.770428845703858,14.979465587813309
2,lightgbm_recursive,3,100016,GROCERY I,1.714156192264352,5.469373895833723,7.781053879501683
2,lightgbm_recursive,3,100017,GROCERY I,0.6236819611463863,-7.563653971681201,16.042912193379628
2,lightgbm_recursive,3,100018,GROCERY I,1.3702875343313103,0.36479895512648697,4.3262966849409015
2,lightgbm_recursive,3,100019,GROCERY I,0.49817812698302943,-3.734365134198926,8.657319751714821
2,lightgbm_recursive,3,100020,BEVERAGES,0.7596439638315807,1.5178528762455203,10.738421432344577
2,lightgbm_recursive,3,100021,BEVERAGES,1.0762810173242072,0.8201355983089784,3.302607805992048
2,lightgbm_recursive,3,100022,BEVERAGES,1.449004324497581,5.2833223740495185,9.029663884005993
2,lightgbm_recursive,3,100023,BEVERAGES,0.7421397366946664,2.178055074966029,8.929519829938016
2,lightgbm_recursive,3,100024,BEVERAGES,1.616377754643371,1.0854861077302822,3.7093063541237594
2,lightgbm_recursive,3,100025,BEVERAGES,1.4036532460367648,0.2753232620659189,3.1127885047877344
2,lightgbm_recursive,3,100026,BEVERAGES,4.168539229480311,1.5277315701627237,1.3346506459550402
2,lightgbm_recursive,3,100027,BEVERAGES,0.9121252790052601,0.238705105510529,6.340409837684305
2,lightgbm_recursive,3,100028,BEVERAGES,0.851380799206002,1.523886949281336,7.0751449046650965
2,lightgbm_recursive,3,100029,BEVERAGES,1.307637075367389,-0.09554368848277793,4.319289528814638
2,lightgbm_recursive,3,100030,BEVERAGES,0.996137338396965,-1.3653226817951152,9.635994109072973
2,lightgbm_recursive,3,100031,BEVERAGES,0.7623383681281999,-1.5900727687041167,12.031547692861379
2,lightgbm_recursive,3,100032,BEVERAGES,0.7005917320839679,0.11010537896850217,10.99098540147412
2,lightgbm_recursive,3,100033,PRODUCE,0.48008708349579127,-0.6340537288411663,10.016330633484678
2,lightgbm_recursive,3,100034,PRODUCE,0.9991277473284187,6.1185320421638725,8.465019486026259
2,lightgbm_recursive,3,100035,PRODUCE,1.6663885747580482,0.2533294600645063,2.4192764636056574
2,lightgbm_recursive,3,100036,PRODUCE,0.840161340531245,1.8992945718518748,16.554928506198852
2,lightgbm_recursive,3,100037,PRODUCE,0.9539465594219328,-0.3168482105157464,3.104383597593658
2,lightgbm_recursive,3,100038,PRODUCE,1.0982893185189122,3.0864056177669457,10.308456827149959
2,lightgbm_recursive,3,100039,PRODUCE,1.278938543962206,0.9448985434362371,4.4759538908903584
2,lightgbm_recursive,3,100040,PRODUCE,2.4114399986775386,1.500171951460028,2.5348973907132373
2,lightgbm_recursive,3,100041,CLEANING,9.14683147577301,0.5476031356794343,0.2886622718366883
2,lightgbm_recursive,3,100042,CLEANING,1.1426381651688267,0.5005892287234271,3.093377342521387
2,lightgbm_recursive,3,100043,CLEANING,5.033419409518626,0.5901411090875566,0.37442513100579705
2,lightgbm_recursive,3,100044,CLEANING,0.6215652373781774,0.5179095703069447,6.9330815285865866
2,lightgbm_recursive,3,100045,CLEANING,0.5297121358162257,-2.6327856213849725,9.488246644037895
2,lightgbm_recursive,3,100046,CLEANING,0.8914729676167302,-0.12136870966996402,1.6733513752330702
2,lightgbm_recursive,3,100047,DAIRY,0.6886920300764756,-0.3902682447313061,4.1836424755923405
2,lightgbm_recursive,3,100048,DAIRY,0.95257456740939,-1.4071351851417693,3.5325905535955875
2,lightgbm_recursive,3,100049,DAIRY,1.1069122167389915,-0.9019199552357173,4.749491742119616
2,lightgbm_recursive,3,100050,DAIRY,0.8900950977723449,-0.12315421279142917,8.431434110083389
2,lightgbm_recursive,3,100051,DAIRY,1.3928455585980395,0.9545810577511795,4.064054701603443
2,lightgbm_recursive,3,100052,DAIRY,0.7649426593217133,2.954594271014883,12.316082006386127
2,lightgbm_recursive,3,100053,BREAD/BAKERY,2.6348244296561116,0.9809108791901809,2.242762589897388
2,lightgbm_recursive,3,100054,BREAD/BAKERY,0.9921999853210082,1.9865111617962763,7.715954962706821
2,lightgbm_recursive,3,100055,BREAD/BAKERY,0.8022146287583812,-0.8657784927482992,3.7052644125847105
2,lightgbm_recursive,3,100056,BREAD/BAKERY,1.0982515201425447,1.996695833051558,4.958670817383912
2,lightgbm_recursive,3,100057,BREAD/BAKERY,2.266316176672217,0.8401242980364894,1.9582739787020758
2,lightgbm_recursive,3,100058,DELI,0.9529809851033858,-0.015470214628134974,2.217334821504506
2,lightgbm_recursive,3,100059,DELI,0.9522305245522134,-0.27381847883520904,2.290989729137984
2,lightgbm_recursive,3,100060,EGGS,1.544766754443275,0.3163640100726421,1.1988828035027101
2,lightgbm_recursive,4,100001,GROCERY I,0.7637677182443668,-1.7628841784710967,5.555002179901496
2,lightgbm_recursive,4,100002,GROCERY I,0.6782174139662768,7.1433959111539895,54.79516014416944
2,lightgbm_recursive,4,100003,GROCERY I,0.8150452035132653,-1.5065310543117776,14.132774880227295
2,lightgbm_recursive,4,100004,GROCERY I,0.9633668327344557,6.710746980887441,21.59196499882397
2,lightgbm_recursive,4,100005,GROCERY I,1.4897731369602678,1.8395661313596248,4.867203492486084
2,lightgbm_recursive,4,100006,GROCERY I,0.8036161568722764,-1.4281858646485648,9.299553564090573
2,lightgbm_recursive,4,100007,GROCERY I,0.8671137259030972,-1.1129053068739583,5.392145315584491
2,lightgbm_recursive,4,100008,GROCERY I,1.2654332673090989,-0.195239415689932,1.7157661509658824
2,lightgbm_recursive,4,100009,GROCERY I,1.179689918087974,-0.5411731394862643,4.556097510845521
2,lightgbm_recursive,4,100010,GROCERY I,1.3844751635401362,0.2571837506739939,2.6789744871303416
2,lightgbm_recursive,4,100011,GROCERY I,3.7939946138374174,0.7146607177529352,1.3447105855265824
2,lightgbm_recursive,4,100012,GROCERY I,2.0345838901330064,1.2171364147360182,4.888076819529158
2,lightgbm_recursive,4,100013,GROCERY I,0.33919357696836244,-1.9638733411948703,19.971804098980265
2,lightgbm_recursive,4,100014,GROCERY I,1.0705061856679228,0.16631301137209414,11.008563668549554
2,lightgbm_recursive,4,100015,GROCERY I,0.6191893303946745,-5.733579291952143,27.646984278464306
2,lightgbm_recursive,4,100016,GROCERY I,1.000851214219302,2.8503229374767165,15.24414486076191
2,lightgbm_recursive,4,100017,GROCERY I,0.7146512754540968,5.1545711508035446,15.302818933214262
2,lightgbm_recursive,4,100018,GROCERY I,1.9793451495528938,1.8515901414558404,6.030037418144529
2,lightgbm_recursive,4,100019,GROCERY I,0.8519213668282046,-0.8222237487628031,18.243591449625413
2,lightgbm_recursive,4,100020,BEVERAGES,0.5651829609152508,-7.703648379003114,19.64316131247116
2,lightgbm_recursive,4,100021,BEVERAGES,1.4586436362490414,1.8856763635330982,6.62421787811814
2,lightgbm_recursive,4,100022,BEVERAGES,1.9803395921667206,9.365967865316216,12.227513433789015
2,lightgbm_recursive,4,100023,BEVERAGES,0.7485537807764746,-2.339689199112406,16.34288111284622
2,lightgbm_recursive,4,100024,BEVERAGES,3.8576365152217127,3.6259868928568966,3.507763523847633
2,lightgbm_recursive,4,100025,BEVERAGES,1.1797870101062702,0.21471481075942608,3.9823878281371865
2,lightgbm_recursive,4,100026,BEVERAGES,1.6014236918773512,0.8050339709409777,4.179646142352784
2,lightgbm_recursive,4,100027,BEVERAGES,1.262475637695078,2.3141287359381675,9.638312007090276
2,lightgbm_recursive,4,100028,BEVERAGES,0.9951463067355001,3.3358606730575087,11.93298703712964
2,lightgbm_recursive,4,100029,BEVERAGES,1.3486274947519346,-0.03411476230677994,6.86157434674937
2,lightgbm_recursive,4,100030,BEVERAGES,1.6337207919553933,3.0112022461786525,11.519949275149274
2,lightgbm_recursive,4,100031,BEVERAGES,0.5184759946505169,-3.676937293593359,12.273444896098463
2,lightgbm_recursive,4,100032,BEVERAGES,0.9532029901819449,-4.881859814424538,24.44030356077895
2,lightgbm_recursive,4,100033,PRODUCE,0.6265315458642231,1.5342041251125955,16.259733756084398
2,lightgbm_recursive,4,100034,PRODUCE,0.7630479261150448,5.602212388532386,13.470531042136901
2,lightgbm_recursive,4,100035,PRODUCE,2.206519998038867,0.9827096624508287,2.818361456702506
2,lightgbm_recursive,4,100036,PRODUCE,0.548951607107416,-0.9131868913902781,22.162923973866352
2,lightgbm_recursive,4,100037,PRODUCE,1.5213682744495112,0.9326624119780853,4.3665633760236915
2,lightgbm_recursive,4,100038,PRODUCE,0.6682122865111616,-1.8745151955452937,15.990049161271974
2,lightgbm_recursive,4,100039,PRODUCE,1.5409090626428057,2.319070310259698,6.028814121136336
2,lightgbm_recursive,4,100040,PRODUCE,1.2542278761430858,0.07731261723785927,5.418622221457871
2,lightgbm_recursive,4,100041,CLEANING,2.358163299147295,0.5056582659211297,0.7555155571905897
2,lightgbm_recursive,4,100042,CLEANING,1.6985552106113917,1.9461037589964065,3.8172449187290596
2,lightgbm_recursive,4,100043,CLEANING,1.6995397540320758,0.43288899898440825,0.896443209399507
2,lightgbm_recursive,4,100044,CLEANING,0.9258803453917146,2.8885269247250176,11.809473154968057
2,lightgbm_recursive,4,100045,CLEANING,0.5676620549509279,3.209579391896891,12.621484851309974
2,lightgbm_recursive,4,100046,CLEANING,1.2170021586058422,0.3700802740891841,2.5655915378834164
2,lightgbm_recursive,4,100047,DAIRY,0.9854706659565128,-0.9275844684705423,8.934936616314834
2,lightgbm_recursive,4,100048,DAIRY,1.5780416239265345,0.4650833364408941,3.6232325577581355
2,lightgbm_recursive,4,100049,DAIRY,1.6491080037266899,1.3555014048823864,1.9577861009484951
2,lightgbm_recursive,4,100050,DAIRY,0.8470441451635322,0.7836677540884217,10.537464319701657
2,lightgbm_recursive,4,100051,DAIRY,1.4618416099918865,1.1986770581548845,5.692478989257059
2,lightgbm_recursive,4,100052,DAIRY,0.830424061972936,4.874271693448437,18.90210862407447
2,lightgbm_recursive,4,100053,BREAD/BAKERY,1.3309550840566713,0.7789996336597275,2.244692886315833
2,lightgbm_recursive,4,100054,BREAD/BAKERY,0.7919622073869667,-0.07217763581455898,13.6141992346021
2,lightgbm_recursive,4,100055,BREAD/BAKERY,1.0036997696528445,1.3477952661983807,3.4319889962532133
2,lightgbm_recursive,4,100056,BREAD/BAKERY,1.1933958339839315,3.0515225919120597,7.912458643300298
2,lightgbm_recursive,4,100057,BREAD/BAKERY,1.791145948358774,1.021651383837676,2.1625182606484663
2,lightgbm_recursive,4,100058,DELI,1.2537384229190998,1.1011319161291273,2.0158909180801405
2,lightgbm_recursive,4,100059,DELI,1.5796936428556712,0.43425308049293876,3.904781955820218
2,lightgbm_recursive,4,100060,EGGS,1.0174002985340964,-0.6896163571996337,2.5993395136220405
2,lightgbm_recursive,5,100001,GROCERY I,1.0704731892867345,0.6232592075613274,4.355688430283261
2,lightgbm_recursive,5,100002,GROCERY I,0.49425911857605753,-5.722353980333098,51.44481355345967
2,lightgbm_recursive,5,100003,GROCERY I,1.3455158641928961,3.6161494541141055,13.722668094696825
2,lightgbm_recursive,5,100004,GROCERY I,0.5107356955014198,-3.680663704639549,20.050029535886118
2,lightgbm_recursive,5,100005,GROCERY I,0.9085644211581558,-2.0598949986377093,7.596545253870856
2,lightgbm_recursive,5,100006,GROCERY I,1.0802520551961206,1.6220736640566362,8.694193476301065
2,lightgbm_recursive,5,100007,GROCERY I,1.213345074634049,0.8442798017712699,5.495257341776246
2,lightgbm_recursive,5,100008,GROCERY I,1.9930230103577684,0.3366334718326701,1.5576334186278302
2,lightgbm_recursive,5,100009,GROCERY I,1.2678723093545252,0.5367005691504244,2.8246322409366234
2,lightgbm_recursive,5,100010,GROCERY I,1.8032232659144487,0.7444857959860867,2.3178787128217944
2,lightgbm_recursive,5,100011,GROCERY I,1.8269762170365966,0.2771082220893828,1.9487142184906208
2,lightgbm_recursive,5,100012,GROCERY I,1.3930838897868736,0.7529706834774447,4.358696376899249
2,lightgbm_recursive,5,100013,GROCERY I,0.5197293598772937,3.0670479370372146,25.62785424857464
2,lightgbm_recursive,5,100014,GROCERY I,0.9971525787010896,-1.2774940524120997,12.2818847169237
2,lightgbm_recursive,5,100015,GROCERY I,0.58999864793724,-2.7801287614456105,26.044330254540853
2,lightgbm_recursive,5,100016,GROCERY I,1.2813678622696854,6.062851769559546,12.244616608623279
2,lightgbm_recursive,5,100017,GROCERY I,0.37699718027228607,-2.588511568908236,14.197864395408306
2,lightgbm_recursive,5,100018,GROCERY I,1.7925017306402076,1.5305727937289326,4.7505550015753935
2,lightgbm_recursive,5,100019,GROCERY I,0.602239794740551,-2.507360322472552,14.622432181134304
2,lightgbm_recursive,5,100020,BEVERAGES,0.4388052183092121,0.6939361669591003,11.141685234230895
2,lightgbm_recursive,5,100021,BEVERAGES,0.9189489998494583,0.44911879640438923,5.8042497933671315
2,lightgbm_recursive,5,100022,BEVERAGES,0.8878848402052051,6.389835629252542,13.616176458372479
2,lightgbm_recursive,5,100023,BEVERAGES,1.1449207150425018,5.489023483079356,12.470724718752576
2,lightgbm_recursive,5,100024,BEVERAGES,1.3416737946586152,0.8440565959764013,6.61878825121691
2,lightgbm_recursive,5,100025,BEVERAGES,2.220588857257918,1.6986769968414406,2.460167834353148
2,lightgbm_recursive,5,100026,BEVERAGES,1.1220340755274458,-0.5014415123232677,4.365816015801847
2,lightgbm_recursive,5,100027,BEVERAGES,1.541040935473144,3.523971250162736,9.545576253692243
2,lightgbm_recursive,5,100028,BEVERAGES,0.9978834571917634,0.06338593922676168,15.104427404274192
2,lightgbm_recursive,5,100029,BEVERAGES,1.4578976726879371,0.8055287465232535,5.015655646904638
2,lightgbm_recursive,5,100030,BEVERAGES,1.067164031873848,1.4250709890002788,9.399043534626886
2,lightgbm_recursive,5,100031,BEVERAGES,0.44141225198592665,-1.6897771455208337,9.535923224787439
2,lightgbm_recursive,5,100032,BEVERAGES,0.7336455747441171,-10.585685144604671,20.09344209063363
2,lightgbm_recursive,5,100033,PRODUCE,0.826715537437745,5.161360684466561,19.42405080616508
2,lightgbm_recursive,5,100034,PRODUCE,0.49936817385876614,-3.423832753200098,15.394642953744036
2,lightgbm_recursive,5,100035,PRODUCE,1.5980945986744273,0.49943827248489775,3.2347871276891156
2,lightgbm_recursive,5,100036,PRODUCE,0.6314918096157117,0.8760725568504986,18.93730346206268
2,lightgbm_recursive,5,100037,PRODUCE,0.8341178632987613,-1.7899447404056958,4.726204049562761
2,lightgbm_recursive,5,100038,PRODUCE,0.4401262356522509,0.6417016934827572,9.755522315455915
2,lightgbm_recursive,5,100039,PRODUCE,1.084334467908316,1.5135458689232109,5.133821676802862
2,lightgbm_recursive,5,100040,PRODUCE,1.41380898148886,1.321283481813561,3.4581649160442938
2,lightgbm_recursive,5,100041,CLEANING,1.5719733276535635,0.2332893237807333,1.3139061987693845
2,lightgbm_recursive,5,100042,CLEANING,1.295247460458345,0.976228418569199,4.100991843005872
2,lightgbm_recursive,5,100043,CLEANING,,0.9574231019430796,0.14819976717972486
2,lightgbm_recursive,5,100044,CLEANING,0.6536130226352368,-0.841901452429089,13.171597346655075
2,lightgbm_recursive,5,100045,CLEANING,0.7188457522651284,-0.4178362634624243,15.866404557684088
2,lightgbm_recursive,5,100046,CLEANING,1.1040667967952615,-1.4774477037258875,5.200495626769957
2,lightgbm_recursive,5,100047,DAIRY,0.7091034442095169,-3.4510797629807497,6.52237305867694
2,lightgbm_recursive,5,100048,DAIRY,0.9190752291684005,-0.8342847826110186,3.944795637237951
2,lightgbm_recursive,5,100049,DAIRY,0.973581454048165,-2.921705616728313,6.145858683128432
2,lightgbm_recursive,5,100050,DAIRY,0.9438058113932685,3.4489330415449655,8.179671059588042
2,lightgbm_recursive,5,100051,DAIRY,1.5602175684683939,1.9467990331151959,3.556509875728859
2,lightgbm_recursive,5,100052,DAIRY,1.048206392964041,7.598071995671219,24.068648997779583
2,lightgbm_recursive,5,100053,BREAD/BAKERY,1.2163948724238696,0.7016010299168163,2.265574846820111
2,lightgbm_recursive,5,100054,BREAD/BAKERY,0.28359533281731125,-0.8491300793231005,4.9169594562217025
2,lightgbm_recursive,5,100055,BREAD/BAKERY,0.8270030663499663,-0.6808210327902221,5.016708923178966
2,lightgbm_recursive,5,100056,BREAD/BAKERY,0.6634722113515018,2.239167315784895,5.628843099571828
2,lightgbm_recursive,5,100057,BREAD/BAKERY,0.9013410210081958,-1.1457714242173367,3.7705037480880432
2,lightgbm_recursive,5,100058,DELI,1.4535526556615683,0.8991747286772133,3.41653360126538
2,lightgbm_recursive,5,100059,DELI,0.7773269806345272,-0.9100767893730303,2.9805094524939557
2,lightgbm_recursive,5,100060,EGGS,1.1814244098018098,-0.37346306117531125,2.2828881555652814
2,lightgbm_recursive,6,100001,GROCERY I,1.09147134251578,-0.17775412265565185,3.201839586339879
2,lightgbm_recursive,6,100002,GROCERY I,1.4415445777621767,14.470843432385653,32.96449350605973
2,lightgbm_recursive,6,100003,GROCERY I,0.598581321227573,-1.0032039237848072,5.616817227535248
2,lightgbm_recursive,6,100004,GROCERY I,0.7431329459923869,2.9351100255310145,8.723706891795139
2,lightgbm_recursive,6,100005,GROCERY I,0.8631252421188081,-3.0690618030806207,4.572550968583249
2,lightgbm_recursive,6,100006,GROCERY I,1.0584359227568736,-0.11324818272953277,5.260329973004894
2,lightgbm_recursive,6,100007,GROCERY I,0.9916288348357645,-0.9081985002294357,3.8609480227197337
2,lightgbm_recursive,6,100008,GROCERY I,1.7959998732700198,0.04457181937400363,1.290252102728464
2,lightgbm_recursive,6,100009,GROCERY I,1.3032727798500114,-0.062231099215546475,2.303923777776947
2,lightgbm_recursive,6,100010,GROCERY I,1.8825905386138793,0.46711422694617666,0.801340089366183
2,lightgbm_recursive,6,100011,GROCERY I,1.388867637733596,-0.10323339259479608,1.604029306518916
2,lightgbm_recursive,6,100012,GROCERY I,1.4136099335561465,0.05335446577397067,3.1825760036583937
2,lightgbm_recursive,6,100013,GROCERY I,0.7106638226876779,1.3689820614554962,16.143708433131327
2,lightgbm_recursive,6,100014,GROCERY I,0.9710997864771603,-0.4248868282944897,6.189981926401421
2,lightgbm_recursive,6,100015,GROCERY I,0.6081422904867514,0.9468029480160801,13.314147442333365
2,lightgbm_recursive,6,100016,GROCERY I,0.7944423001380683,-2.0556882030306216,9.365894716748993
2,lightgbm_recursive,6,100017,GROCERY I,0.9500166164261273,0.8518230361496976,12.915316851281663
2,lightgbm_recursive,6,100018,GROCERY I,1.2717215644597655,0.2493668577382697,2.8504354467465034
2,lightgbm_recursive,6,100019,GROCERY I,0.8746177549851886,3.4701015087273794,5.1834093637797025
2,lightgbm_recursive,6,100020,BEVERAGES,1.0912416125105326,2.877030248023624,8.403666704339386
2,lightgbm_recursive,6,100021,BEVERAGES,0.999858231230893,-0.19016190482967785,3.6509264947581195
2,lightgbm_recursive,6,100022,BEVERAGES,1.8727744890346874,4.512660231069111,5.873106476599217
2,lightgbm_recursive,6,100023,BEVERAGES,1.0327133512763709,0.6969358308933223,9.58596674987629
2,lightgbm_recursive,6,100024,BEVERAGES,1.3945537567383453,0.5926805857717696,3.2447883477760744
2,lightgbm_recursive,6,100025,BEVERAGES,0.9815335818615637,-0.9377331476868649,2.7087319493360225
2,lightgbm_recursive,6,100026,BEVERAGES,1.4603010770330058,0.07639637372462443,2.3812082605966443
2,lightgbm_recursive,6,100027,BEVERAGES,0.9691670153800125,-0.9390090291818034,6.018805678922244
2,lightgbm_recursive,6,100028,BEVERAGES,0.8534933480043246,1.1860465219185332,5.199489428451583
2,lightgbm_recursive,6,100029,BEVERAGES,2.942144325048566,1.2292788726872383,1.383391821834845
2,lightgbm_recursive,6,100030,BEVERAGES,0.8720180847302511,0.4839011493341302,4.256831027635507
2,lightgbm_recursive,6,100031,BEVERAGES,0.838608328508803,0.9476138078286749,7.150141079987585
2,lightgbm_recursive,6,100032,BEVERAGES,0.9924938161493511,2.1566177545783365,5.670329045643203
2,lightgbm_recursive,6,100033,PRODUCE,0.6443680281201591,0.18376795273645985,9.370999583233155
2,lightgbm_recursive,6,100034,PRODUCE,0.4873415649017377,1.3407506521409436,5.855555507644096
2,lightgbm_recursive,6,100035,PRODUCE,2.9161625642146065,0.7485541253015628,0.4648567892189827
2,lightgbm_recursive,6,100036,PRODUCE,0.39064808099526155,-2.0097942493722716,7.06978806497801
2,lightgbm_recursive,6,100037,PRODUCE,2.613204283368801,0.929005647784694,1.4066800889220548
2,lightgbm_recursive,6,100038,PRODUCE,0.5570914139984843,-0.08328649992590371,6.590779949479703
2,lightgbm_recursive,6,100039,PRODUCE,0.785095968697717,-0.07658659021877454,2.9518097566843498
2,lightgbm_recursive,6,100040,PRODUCE,0.9893119706222009,-1.1516696080332551,3.457602468235854
2,lightgbm_recursive,6,100041,CLEANING,1.329326721552443,-0.1636183441334,1.168440337078527
2,lightgbm_recursive,6,100042,CLEANING,1.9629949975472365,1.247302419505084,1.0249236678291775
2,lightgbm_recursive,6,100043,CLEANING,1.1707991583376998,-0.11128630707237405,0.8267780002278591
2,lightgbm_recursive,6,100044,CLEANING,1.1041086993604998,2.025867202818318,6.155812378710392
2,lightgbm_recursive,6,100045,CLEANING,0.5262111750525397,0.9012231393809923,6.048225877552241
2,lightgbm_recursive,6,100046,CLEANING,1.1693098863664013,-0.11908174652355985,1.7111468023309209
2,lightgbm_recursive,6,100047,DAIRY,0.6839464835877681,-2.4073697842989734,4.905148491301696
2,lightgbm_recursive,6,100048,DAIRY,1.8225182540826503,0.6627007246893932,0.9123212998761362
2,lightgbm_recursive,6,100049,DAIRY,1.3598644888413496,-0.03127088631026996,2.3414613524419114
2,lightgbm_recursive,6,100050,DAIRY,0.7924814256646638,0.3325705425558807,4.384457651117756
2,lightgbm_recursive,6,100051,DAIRY,0.8357709340824531,-0.693922821467142,2.760467237688571
2,lightgbm_recursive,6,100052,DAIRY,0.9459588242349153,4.4624620464956015,10.098534050116639
2,lightgbm_recursive,6,100053,BREAD/BAKERY,1.054157504524588,-0.135872500318331,1.6924085539668015
2,lightgbm_recursive,6,100054,BREAD/BAKERY,0.6931501130775302,0.9937657960058852,3.6138431308309
2,lightgbm_recursive,6,100055,BREAD/BAKERY,4.588981641351101,1.7841960621573079,0.642673415641498
2,lightgbm_recursive,6,100056,BREAD/BAKERY,0.635286607041289,0.2952088081780642,3.227284623506588
2,lightgbm_recursive,6,100057,BREAD/BAKERY,1.6834310684832445,0.3199114734035625,1.6027624344495897
2,lightgbm_recursive,6,100058,DELI,1.3855674692084528,0.29835170857649207,1.421973627173239
2,lightgbm_recursive,6,100059,DELI,1.1353240056596514,-0.03951781319072008,1.800684649067911
2,lightgbm_recursive,6,100060,EGGS,1.0259854437308005,-0.9864075687997336,2.4359729378657176
3,seasonal_naive,1,100001,GROCERY I,1.0833333333333333,-1.8666666666666667,4.657814733889498
3,seasonal_naive,1,100002,GROCERY I,0.6498771498771498,-3.4,43.00631182911245
3,seasonal_naive,1,100003,GROCERY I,1.098159509202454,-1.2666666666666666,15.045011829585942
3,seasonal_naive,1,100004,GROCERY I,0.5258358662613982,-0.2,14.408330923462303
3,seasonal_naive,1,100005,GROCERY I,0.6179775280898876,-2.8666666666666667,4.290632099064637
3,seasonal_naive,1,100006,GROCERY I,1.3518518518518519,-3.7333333333333334,12.730540705982078
3,seasonal_naive,1,100007,GROCERY I,1.0,-3.066666666666667,6.238894896038042
3,seasonal_naive,1,100008,GROCERY I,1.5714285714285714,-0.2,1.3201731488169053
3,seasonal_naive,1,100009,GROCERY I,1.3076923076923077,-0.6666666666666666,3.062834043978286
3,seasonal_naive,1,100010,GROCERY I,1.3157894736842106,-0.4666666666666667,2.8999178970315365
3,seasonal_naive,1,100011,GROCERY I,1.6153846153846154,1.1333333333333333,2.722044049886741
3,seasonal_naive,1,100012,GROCERY I,0.9855072463768116,-0.9333333333333333,6.562519841239847
3,seasonal_naive,1,100013,GROCERY I,1.1254355400696865,9.0,26.1725046566048
3,seasonal_naive,1,100014,GROCERY I,0.9504132231404959,-2.3333333333333335,9.990471651004462
3,seasonal_naive,1,100015,GROCERY I,0.7541371158392435,10.866666666666667,23.98769525839287
3,seasonal_naive,1,100016,GROCERY I,0.6017699115044248,-2.2666666666666666,11.615670859825942
3,seasonal_naive,1,100017,GROCERY I,0.6865671641791045,-3.7333333333333334,17.115017076351677
3,seasonal_naive,1,100018,GROCERY I,1.625,-0.4,6.115553940568262
3,seasonal_naive,1,100019,GROCERY I,0.967741935483871,-1.8666666666666667,15.226230499966013
3,seasonal_naive,1,100020,BEVERAGES,1.1488095238095237,6.333333333333333,16.03864380919083
3,seasonal_naive,1,100021,BEVERAGES,3.0,1.0666666666666667,4.317186032370535
3,seasonal_naive,1,100022,BEVERAGES,0.8727272727272727,-6.933333333333334,14.73802984830482
3,seasonal_naive,1,100023,BEVERAGES,1.2518518518518518,4.866666666666666,15.249668224337897
3,seasonal_naive,1,100024,BEVERAGES,1.2040816326530612,0.06666666666666667,6.562519841239846
3,seasonal_naive,1,100025,BEVERAGES,1.3333333333333333,0.0,5.264435935053794
3,seasonal_naive,1,100026,BEVERAGES,2.142857142857143,0.4666666666666667,1.8073922282301276
3,seasonal_naive,1,100027,BEVERAGES,1.1238938053097345,-0.06666666666666667,11.373318818725735
3,seasonal_naive,1,100028,BEVERAGES,1.361344537815126,5.066666666666666,13.090163518932103
3,seasonal_naive,1,100029,BEVERAGES,1.0,-1.8,2.756809750418044
3,seasonal_naive,1,100030,BEVERAGES,1.5769230769230769,6.466666666666667,9.650067850736052
3,seasonal_naive,1,100031,BEVERAGES,1.4489795918367347,5.0,15.766148184367308
3,seasonal_naive,1,100032,BEVERAGES,1.029585798816568,2.6666666666666665,13.808210118138652
3,seasonal_naive,1,100033,PRODUCE,0.7753329157702676,-1.4512,21.397062719648495
3,seasonal_naive,1,100034,PRODUCE,0.664781431278451,-5.788133333333334,15.022683999618076
3,seasonal_naive,1,100035,PRODUCE,1.4689698296076286,-0.45293333333333335,2.027546140629345
3,seasonal_naive,1,100036,PRODUCE,1.123882238898631,0.6916000000000001,19.51819154678893
3,seasonal_naive,1,100037,PRODUCE,2.261684922865172,0.30419999999999997,5.031501624763725
3,seasonal_naive,1,100038,PRODUCE,0.8885717999987619,-3.1692666666666667,11.00899968510612
3,seasonal_naive,1,100039,PRODUCE,1.049537634408602,-0.2928666666666667,8.628089176526586
3,seasonal_naive,1,100040,PRODUCE,1.0191333333333332,0.6098666666666667,5.626162684492953
3,seasonal_naive,1,100041,CLEANING,1.4444444444444444,-0.2,1.4735767952260144
3,seasonal_naive,1,100042,CLEANING,1.064516129032258,-1.0,3.484660262185848
3,seasonal_naive,1,100043,CLEANING,1.5454545454545454,0.06666666666666667,1.709915063331955
3,seasonal_naive,1,100044,CLEANING,1.1557377049180328,1.6666666666666667,11.549067164968449
3,seasonal_naive,1,100045,CLEANING,1.076271186440678,-6.8,19.79610351270457
3,seasonal_naive,1,100046,CLEANING,1.2941176470588236,-0.4,5.248128918277175
3,seasonal_naive,1,100047,DAIRY,1.7586206896551724,1.3333333333333333,9.178131358729578
3,seasonal_naive,1,100048,DAIRY,3.0070725413361368,2.8716,4.196717914888116
3,seasonal_naive,1,100049,DAIRY,1.098651409889661,-0.34106666666666674,3.494350960921819
3,seasonal_naive,1,100050,DAIRY,0.9888027377449402,-1.8160666666666667,10.739958449418605
3,seasonal_naive,1,100051,DAIRY,1.553646654585677,0.9948000000000001,6.041648393798312
3,seasonal_naive,1,100052,DAIRY,0.7558576292048669,3.4177999999999997,14.399907718950343
3,seasonal_naive,1,100053,BREAD/BAKERY,1.195790504160548,-1.6430000000000002,3.184167193205425
3,seasonal_naive,1,100054,BREAD/BAKERY,1.1819673891368705,2.3742666666666667,13.228053622438006
3,seasonal_naive,1,100055,BREAD/BAKERY,1.0,-1.7791333333333332,4.510322270187839
3,seasonal_naive,1,100056,BREAD/BAKERY,1.5504267339824498,2.4643999999999995,10.47193839199383
3,seasonal_naive,1,100057,BREAD/BAKERY,1.25,0.0,3.4226138716316967
3,seasonal_naive,1,100058,DELI,1.5678606824295627,-0.6174000000000001,4.838749407498948
3,seasonal_naive,1,100059,DELI,1.506579309585421,-0.26159999999999994,4.592607099614398
3,seasonal_naive,1,100060,EGGS,1.797157894736842,0.14306666666666665,3.164824943627929
3,seasonal_naive,2,100001,GROCERY I,1.0784313725490196,-1.1333333333333333,4.882427187178037
3,seasonal_naive,2,100002,GROCERY I,0.5290135396518375,-2.8666666666666667,44.955321735929694
3,seasonal_naive,2,100003,GROCERY I,3.9523809523809526,10.4,7.881261682896064
3,seasonal_naive,2,100004,GROCERY I,0.8060941828254847,-9.133333333333333,21.457155538643136
3,seasonal_naive,2,100005,GROCERY I,1.6896551724137931,-1.2,8.461678320522472
3,seasonal_naive,2,100006,GROCERY I,1.2179487179487178,-1.4,10.486726303829455
3,seasonal_naive,2,100007,GROCERY I,1.2195121951219512,-0.5333333333333333,5.6677870040968825
3,seasonal_naive,2,100008,GROCERY I,3.5,0.5333333333333333,1.4074631010979937
3,seasonal_naive,2,100009,GROCERY I,1.631578947368421,0.7333333333333333,3.2396354880199243
3,seasonal_naive,2,100010,GROCERY I,1.5,0.13333333333333333,1.807392228230128
3,seasonal_naive,2,100011,GROCERY I,1.1538461538461537,-1.2,3.255764119219941
3,seasonal_naive,2,100012,GROCERY I,1.5384615384615385,0.9333333333333333,3.514595418021959
3,seasonal_naive,2,100013,GROCERY I,0.6748466257668712,-1.2,19.911231575599306
3,seasonal_naive,2,100014,GROCERY I,1.5925925925925926,0.0,8.847921466972585
3,seasonal_naive,2,100015,GROCERY I,0.6483180428134556,8.133333333333333,15.887401417775148
3,seasonal_naive,2,100016,GROCERY I,0.990990990990991,-1.0666666666666667,20.77246345754971
3,seasonal_naive,2,100017,GROCERY I,0.42363112391930835,-5.666666666666667,13.83921274942363
3,seasonal_naive,2,100018,GROCERY I,1.380952380952381,0.13333333333333333,5.853773711604051
3,seasonal_naive,2,100019,GROCERY I,0.835,-0.2,16.17846893691913
3,seasonal_naive,2,100020,BEVERAGES,1.3711340206185567,-2.7333333333333334,12.475499799130104
3,seasonal_naive,2,100021,BEVERAGES,1.1639344262295082,-1.6666666666666667,6.320789582985733
3,seasonal_naive,2,100022,BEVERAGES,0.7819148936170213,2.6,12.81070980524833
3,seasonal_naive,2,100023,BEVERAGES,1.0903614457831325,5.0,15.137465347370977
3,seasonal_naive,2,100024,BEVERAGES,1.046875,-1.2666666666666666,7.085867893880312
3,seasonal_naive,2,100025,BEVERAGES,3.533333333333333,6.133333333333334,10.855325662461501
3,seasonal_naive,2,100026,BEVERAGES,4.05,4.2,5.75946426079966
3,seasonal_naive,2,100027,BEVERAGES,0.9114583333333334,-3.2666666666666666,14.863505963392672
3,seasonal_naive,2,100028,BEVERAGES,1.7826086956521738,6.866666666666666,17.533097952430534
3,seasonal_naive,2,100029,BEVERAGES,0.8478260869565217,-1.4,5.138093031466052
3,seasonal_naive,2,100030,BEVERAGES,1.460431654676259,2.3333333333333335,16.990193249832878
3,seasonal_naive,2,100031,BEVERAGES,0.7697841726618705,0.3333333333333333,10.410617291061678
3,seasonal_naive,2,100032,BEVERAGES,1.0463320463320462,1.4,22.096541422972575
3,seasonal_naive,2,100033,PRODUCE,0.7324310646138275,5.704733333333333,16.153195294105863
3,seasonal_naive,2,100034,PRODUCE,2.2390614109811815,9.197133333333333,22.48441829631822
3,seasonal_naive,2,100035,PRODUCE,7.490134994807892,3.3530666666666664,3.686440161818264
3,seasonal_naive,2,100036,PRODUCE,0.6664638418097679,-4.296866666666667,18.090244157977473
3,seasonal_naive,2,100037,PRODUCE,2.065735063453586,0.5982666666666667,3.0877156481466232
3,seasonal_naive,2,100038,PRODUCE,0.7352910034235698,1.1334666666666664,10.756050801204653
3,seasonal_naive,2,100039,PRODUCE,1.0844482758620688,-2.6068000000000002,6.387298268550528
3,seasonal_naive,2,100040,PRODUCE,0.8940645161290323,-0.9144000000000001,2.9330921957162257
3,seasonal_naive,2,100041,CLEANING,2.8,1.3333333333333333,2.3502786055720124
3,seasonal_naive,2,100042,CLEANING,1.206896551724138,-0.8666666666666667,4.3237990350197935
3,seasonal_naive,2,100043,CLEANING,1.0,-0.06666666666666667,2.0517124090680467
3,seasonal_naive,2,100044,CLEANING,0.6759259259259259,0.4666666666666667,7.17999867356401
3,seasonal_naive,2,100045,CLEANING,1.5034965034965035,3.6666666666666665,18.207795295526847
3,seasonal_naive,2,100046,CLEANING,1.8666666666666667,1.3333333333333333,4.3534332373864375
3,seasonal_naive,2,100047,DAIRY,1.0925962487660417,-3.136,7.513688812522686
3,seasonal_naive,2,100048,DAIRY,0.8536585365853658,-1.1333333333333333,3.5023801430836525
3,seasonal_naive,2,100049,DAIRY,0.9107342111135908,-0.7206666666666666,3.9830506375079366
3,seasonal_naive,2,100050,DAIRY,0.8820869565217391,-1.6373333333333335,10.518839878092658
3,seasonal_naive,2,100051,DAIRY,0.8604651162790697,-2.066666666666667,3.5550098787619757
3,seasonal_naive,2,100052,DAIRY,0.5999200000000001,0.13199999999999978,13.634669150996766
3,seasonal_naive,2,100053,BREAD/BAKERY,0.9139964144130496,-1.4402,3.212618985011628
3,seasonal_naive,2,100054,BREAD/BAKERY,1.0942389010785774,0.41713333333333336,10.825803354332031
3,seasonal_naive,2,100055,BREAD/BAKERY,1.0549603088535116,-2.9048000000000003,3.736333844827039
3,seasonal_naive,2,100056,BREAD/BAKERY,1.4224504504504505,-0.926133333333333,12.298478383620512
3,seasonal_naive,2,100057,BREAD/BAKERY,1.7153183411214956,-0.19373333333333326,4.371098120718909
3,seasonal_naive,2,100058,DELI,1.6666666666666667,0.0,2.591193878173865
3,seasonal_naive,2,100059,DELI,0.952618008220367,0.25193333333333334,3.455527941195231
3,seasonal_naive,2,100060,EGGS,1.3644314868804666,-0.46506666666666663,1.7669236973850773
3,seasonal_naive,3,100001,GROCERY I,1.4,-0.06666666666666667,5.119523787377475
3,seasonal_naive,3,100002,GROCERY I,0.9177215189873418,23.866666666666667,48.11424895372422
3,seasonal_naive,3,100003,GROCERY I,1.0,-3.0,13.882157098746784
3,seasonal_naive,3,100004,GROCERY I,0.7098039215686275,-9.666666666666666,15.098091963966207
3,seasonal_naive,3,100005,GROCERY I,1.6031746031746033,1.8,8.308343482823242
3,seasonal_naive,3,100006,GROCERY I,1.6404494382022472,1.6,11.879153408988609
3,seasonal_naive,3,100007,GROCERY I,1.2380952380952381,3.466666666666667,5.330058518395817
3,seasonal_naive,3,100008,GROCERY I,1.1333333333333333,-0.8666666666666667,1.5522640914238175
3,seasonal_naive,3,100009,GROCERY I,1.4,-0.5333333333333333,4.80872223400453
3,seasonal_naive,3,100010,GROCERY I,2.0416666666666665,1.0,4.825527358301296
3,seasonal_naive,3,100011,GROCERY I,3.0,0.7333333333333333,2.250925735484551
3,seasonal_naive,3,100012,GROCERY I,1.2413793103448276,-1.6,6.674043537680673
3,seasonal_naive,3,100013,GROCERY I,0.8445945945945946,-1.8666666666666667,23.219039806241117
3,seasonal_naive,3,100014,GROCERY I,1.0125,-6.133333333333334,14.396758894510482
3,seasonal_naive,3,100015,GROCERY I,1.0393700787401574,3.6,20.130999549380128
3,seasonal_naive,3,100016,GROCERY I,1.1374045801526718,-5.133333333333334,12.082257751800876
3,seasonal_naive,3,100017,GROCERY I,0.8921161825726142,2.066666666666667,20.232458598805557
3,seasonal_naive,3,100018,GROCERY I,1.0,-4.533333333333333,7.337444734926133
3,seasonal_naive,3,100019,GROCERY I,1.2389937106918238,7.666666666666667,14.059397805975427
3,seasonal_naive,3,100020,BEVERAGES,0.6462264150943396,2.466666666666667,11.843422928641308
3,seasonal_naive,3,100021,BEVERAGES,1.4878048780487805,-0.06666666666666667,5.444088099773482
3,seasonal_naive,3,100022,BEVERAGES,1.425531914893617,-1.0,18.345883150489882
3,seasonal_naive,3,100023,BEVERAGES,0.5789473684210527,-4.066666666666666,11.972985465304005
3,seasonal_naive,3,100024,BEVERAGES,1.4444444444444444,0.2,5.978533025990335
3,seasonal_naive,3,100025,BEVERAGES,1.2222222222222223,-0.8666666666666667,3.6423435679060625
3,seasonal_naive,3,100026,BEVERAGES,1.1333333333333333,-1.0666666666666667,3.5550098787619757
3,seasonal_naive,3,100027,BEVERAGES,0.8263473053892215,-4.266666666666667,12.215135030343456
3,seasonal_naive,3,100028,BEVERAGES,1.3711340206185567,3.6666666666666665,9.961831921795067
3,seasonal_naive,3,100029,BEVERAGES,1.5,-0.9333333333333333,4.3006090377106
3,seasonal_naive,3,100030,BEVERAGES,1.6164383561643836,0.26666666666666666,10.504874152143897
3,seasonal_naive,3,100031,BEVERAGES,1.4344827586206896,9.866666666666667,13.82991925741675
3,seasonal_naive,3,100032,BEVERAGES,1.0719424460431655,2.3333333333333335,13.97787367166238
3,seasonal_naive,3,100033,PRODUCE,0.7502237369588938,-2.380466666666666,16.959254771643824
3,seasonal_naive,3,100034,PRODUCE,0.986417933760263,-4.483533333333333,10.416333594522643
3,seasonal_naive,3,100035,PRODUCE,0.5071431367176797,-1.3398666666666665,1.9247322213257416
3,seasonal_naive,3,100036,PRODUCE,0.7723764608807608,-1.3721999999999999,11.749650135824714
3,seasonal_naive,3,100037,PRODUCE,1.6029463823761674,1.2392666666666665,4.832061235223782
3,seasonal_naive,3,100038,PRODUCE,1.3709677419354838,-2.4,14.710540438746635
3,seasonal_naive,3,100039,PRODUCE,1.2352941176470589,0.06666666666666667,6.32982358890567
3,seasonal_naive,3,100040,PRODUCE,1.9040633957174173,1.0194,3.6630185405716187
3,seasonal_naive,3,100041,CLEANING,1.2222222222222223,-0.4666666666666667,1.245945806357946
3,seasonal_naive,3,100042,CLEANING,1.0740740740740742,-1.7333333333333334,4.97804704487135
3,seasonal_naive,3,100043,CLEANING,1.2352941176470589,-0.8666666666666667,2.2635833370586385
3,seasonal_naive,3,100044,CLEANING,0.6666666666666666,2.4,6.957010852370433
3,seasonal_naive,3,100045,CLEANING,0.8370786516853933,4.333333333333333,12.596295751794123
3,seasonal_naive,3,100046,CLEANING,1.5833333333333333,-0.26666666666666666,3.390462814312833
3,seasonal_naive,3,100047,DAIRY,0.6263559193395841,-0.9095333333333334,5.11404708155693
3,seasonal_naive,3,100048,DAIRY,2.2160518848804216,1.2531333333333334,4.1692591131256105
3,seasonal_naive,3,100049,DAIRY,1.621002970470033,-0.022533333333333398,4.456765545079697
3,seasonal_naive,3,100050,DAIRY,1.483126213592233,4.8508000000000004,12.309236985752959
3,seasonal_naive,3,100051,DAIRY,1.3384746570360895,1.6084666666666665,5.293231795235803
3,seasonal_naive,3,100052,DAIRY,0.6485570913570406,-7.2669999999999995,13.776275388196499
3,seasonal_naive,3,100053,BREAD/BAKERY,1.0,-0.9079333333333334,1.89465445272696
3,seasonal_naive,3,100054,BREAD/BAKERY,1.75014361396566,3.502133333333333,10.684921571118451
3,seasonal_naive,3,100055,BREAD/BAKERY,1.4158504961316731,1.6892666666666665,5.361930921741142
3,seasonal_naive,3,100056,BREAD/BAKERY,0.8480110702631253,-2.3921333333333337,7.426284495595613
3,seasonal_naive,3,100057,BREAD/BAKERY,1.0,-1.6,2.2928460168844436
3,seasonal_naive,3,100058,DELI,0.9254802129136774,-0.17120000000000005,2.93386267085366
3,seasonal_naive,3,100059,DELI,1.8526525387569337,0.12373333333333332,4.920147551020144
3,seasonal_naive,3,100060,EGGS,1.2857142857142858,-0.4738666666666667,2.5333995755750434
3,seasonal_naive,4,100001,GROCERY I,1.0,-1.8,6.991831969213384
3,seasonal_naive,4,100002,GROCERY I,1.009771986970684,-5.733333333333333,78.12212661382603
3,seasonal_naive,4,100003,GROCERY I,1.0125,0.6,21.16871006259677
3,seasonal_naive,4,100004,GROCERY I,0.9587912087912088,6.6,29.683569288653374
3,seasonal_naive,4,100005,GROCERY I,1.0625,-7.2,10.241372675853286
3,seasonal_naive,4,100006,GROCERY I,0.7735849056603774,2.0,9.501879513323367
3,seasonal_naive,4,100007,GROCERY I,1.5769230769230769,1.8666666666666667,6.696125389962111
3,seasonal_naive,4,100008,GROCERY I,1.9411764705882353,1.0,3.1396087108337016
3,seasonal_naive,4,100009,GROCERY I,0.9032258064516129,-2.4,4.322697570466188
3,seasonal_naive,4,100010,GROCERY I,1.263157894736842,-0.9333333333333333,4.920317450076143
3,seasonal_naive,4,100011,GROCERY I,1.0,-1.3333333333333333,2.554174920362645
3,seasonal_naive,4,100012,GROCERY I,1.0,-5.2,6.014268747855269
3,seasonal_naive,4,100013,GROCERY I,0.9954545454545455,18.933333333333334,33.45031852649253
3,seasonal_naive,4,100014,GROCERY I,1.5873015873015872,2.0,17.65543218712829
3,seasonal_naive,4,100015,GROCERY I,0.9963636363636363,7.866666666666666,53.57220316900317
3,seasonal_naive,4,100016,GROCERY I,1.443298969072165,-1.2,24.71899211999898
3,seasonal_naive,4,100017,GROCERY I,0.7666666666666667,-8.2,23.003726406202727
3,seasonal_naive,4,100018,GROCERY I,0.7647058823529411,-2.3333333333333335,7.138093649734567
3,seasonal_naive,4,100019,GROCERY I,1.3548387096774193,2.2666666666666666,24.010315243562257
3,seasonal_naive,4,100020,BEVERAGES,0.6277173913043478,8.733333333333333,19.973077117054586
3,seasonal_naive,4,100021,BEVERAGES,1.4375,1.0666666666666667,5.7627704977314345
3,seasonal_naive,4,100022,BEVERAGES,1.2890173410404624,-1.1333333333333333,20.300832729812083
3,seasonal_naive,4,100023,BEVERAGES,0.703971119133574,-5.133333333333334,18.28686752315781
3,seasonal_naive,4,100024,BEVERAGES,1.0,-5.466666666666667,7.863720190730035
3,seasonal_naive,4,100025,BEVERAGES,1.3095238095238095,1.0,4.750939756661683
3,seasonal_naive,4,100026,BEVERAGES,2.4,0.26666666666666666,3.261609301877716
3,seasonal_naive,4,100027,BEVERAGES,3.1451612903225805,5.933333333333334,16.481447000736775
3,seasonal_naive,4,100028,BEVERAGES,1.0304182509505704,-5.533333333333333,22.261005838739205
3,seasonal_naive,4,100029,BEVERAGES,0.8571428571428571,-2.8,7.5422618812737
3,seasonal_naive,4,100030,BEVERAGES,1.1441441441441442,-6.333333333333333,10.265522508910708
3,seasonal_naive,4,100031,BEVERAGES,0.598159509202454,4.6,15.35671095738184
3,seasonal_naive,4,100032,BEVERAGES,1.307116104868914,3.8,31.62096953424601
3,seasonal_naive,4,100033,PRODUCE,0.7337330118836807,-12.470133333333333,26.837733124589093
3,seasonal_naive,4,100034,PRODUCE,0.5875277308529909,-11.404266666666667,19.039178821827477
3,seasonal_naive,4,100035,PRODUCE,1.0,-2.1288,3.066172374243077
3,seasonal_naive,4,100036,PRODUCE,0.34746526395205063,-5.011333333333334,13.886716477404207
3,seasonal_naive,4,100037,PRODUCE,1.1092747252747253,-2.0704,8.59275120419199
3,seasonal_naive,4,100038,PRODUCE,0.8403606240771133,4.537800000000001,16.77483671711037
3,seasonal_naive,4,100039,PRODUCE,0.905723376674392,-7.285666666666667,7.787058344886511
3,seasonal_naive,4,100040,PRODUCE,1.0249357986646124,0.4041333333333333,7.446495943602954
3,seasonal_naive,4,100041,CLEANING,1.5,-0.6,2.3543273227945902
3,seasonal_naive,4,100042,CLEANING,1.0,-1.9333333333333333,4.54291704063537
3,seasonal_naive,4,100043,CLEANING,1.0,-0.8,1.7402791237532642
3,seasonal_naive,4,100044,CLEANING,0.9572192513368984,-8.466666666666667,15.615316046692593
3,seasonal_naive,4,100045,CLEANING,0.6070381231671554,-2.7333333333333334,20.950508574347534
3,seasonal_naive,4,100046,CLEANING,0.8,-1.2,3.2337505867247796
3,seasonal_naive,4,100047,DAIRY,1.7576510333863276,6.432533333333334,11.676939562761337
3,seasonal_naive,4,100048,DAIRY,1.7207182696231806,1.5964666666666667,4.187176185632008
3,seasonal_naive,4,100049,DAIRY,0.8695652173913043,-1.8666666666666667,3.7199590371528606
3,seasonal_naive,4,100050,DAIRY,0.9702274777721918,6.4585333333333335,10.770084910573008
3,seasonal_naive,4,100051,DAIRY,1.0,-4.8435999999999995,9.428152915603356
3,seasonal_naive,4,100052,DAIRY,1.0477245991634714,-6.959733333333333,29.819547731711314
3,seasonal_naive,4,100053,BREAD/BAKERY,1.3443356780953317,-0.7105333333333335,4.712143125807538
3,seasonal_naive,4,100054,BREAD/BAKERY,0.6660059317108067,-4.364066666666668,11.570967476939039
3,seasonal_naive,4,100055,BREAD/BAKERY,0.9055467661574064,-1.6465333333333334,7.270336618918064
3,seasonal_naive,4,100056,BREAD/BAKERY,1.3937583523307917,0.5226666666666662,12.471800922003814
3,seasonal_naive,4,100057,BREAD/BAKERY,1.0775614674629643,-0.6523999999999999,3.369848572265526
3,seasonal_naive,4,100058,DELI,0.9999999999999999,-0.07740000000000004,1.7650979252478565
3,seasonal_naive,4,100059,DELI,1.2564102564102564,-0.8666666666666667,5.054936295580881
3,seasonal_naive,4,100060,EGGS,1.0444444444444445,-2.2,3.0752467961356946
3,seasonal_naive,5,100001,GROCERY I,2.245614035087719,0.9333333333333333,10.031854027949931
3,seasonal_naive,5,100002,GROCERY I,0.8356374807987711,-24.266666666666666,80.09143584203055
3,seasonal_naive,5,100003,GROCERY I,1.2608695652173914,4.133333333333334,19.160475190448945
3,seasonal_naive,5,100004,GROCERY I,0.8584905660377359,0.6666666666666666,32.037180780788944
3,seasonal_naive,5,100005,GROCERY I,1.9101123595505618,7.466666666666667,11.08967774017588
3,seasonal_naive,5,100006,GROCERY I,1.3103448275862069,-4.533333333333333,12.135347818116573
3,seasonal_naive,5,100007,GROCERY I,1.1149425287356323,-1.5333333333333334,7.971974721007396
3,seasonal_naive,5,100008,GROCERY I,1.7692307692307692,0.06666666666666667,2.491891612715892
3,seasonal_naive,5,100009,GROCERY I,1.52,0.6666666666666666,3.477820883144803
3,seasonal_naive,5,100010,GROCERY I,0.8,-0.13333333333333333,3.542933946940156
3,seasonal_naive,5,100011,GROCERY I,1.1111111111111112,-0.26666666666666666,2.711527420547495
3,seasonal_naive,5,100012,GROCERY I,1.4782608695652173,1.0666666666666667,6.573395150873239
3,seasonal_naive,5,100013,GROCERY I,0.6118012422360248,-15.333333333333334,28.912841108275423
3,seasonal_naive,5,100014,GROCERY I,0.8037383177570093,-8.133333333333333,15.660991880039614
3,seasonal_naive,5,100015,GROCERY I,0.6755162241887905,5.2,43.39223103604739
3,seasonal_naive,5,100016,GROCERY I,1.1194029850746268,6.866666666666666,17.091629808880413
3,seasonal_naive,5,100017,GROCERY I,0.8411764705882353,7.2,21.857329597708343
3,seasonal_naive,5,100018,GROCERY I,0.9620253164556962,0.6666666666666666,6.810356259473684
3,seasonal_naive,5,100019,GROCERY I,0.906832298136646,0.0,23.400244198969986
3,seasonal_naive,5,100020,BEVERAGES,0.7870370370370371,-0.8666666666666667,20.35354187031502
3,seasonal_naive,5,100021,BEVERAGES,1.2777777777777777,1.6,7.917431040793112
3,seasonal_naive,5,100022,BEVERAGES,1.2638888888888888,4.533333333333333,14.860622303190913
3,seasonal_naive,5,100023,BEVERAGES,0.6574074074074074,-4.0,13.86671245413686
3,seasonal_naive,5,100024,BEVERAGES,1.7142857142857142,-0.26666666666666666,10.639996419619877
3,seasonal_naive,5,100025,BEVERAGES,1.2181818181818183,-2.066666666666667,7.004760286167306
3,seasonal_naive,5,100026,BEVERAGES,1.3333333333333333,-0.13333333333333333,5.475486497193869
3,seasonal_naive,5,100027,BEVERAGES,1.1635220125786163,-6.466666666666667,14.899025215796918
3,seasonal_naive,5,100028,BEVERAGES,0.8309859154929577,-1.0,17.390473582642063
3,seasonal_naive,5,100029,BEVERAGES,2.7333333333333334,0.7333333333333333,5.31126386178693
3,seasonal_naive,5,100030,BEVERAGES,0.8959537572254336,-8.6,14.573949361789344
3,seasonal_naive,5,100031,BEVERAGES,0.7092511013215859,8.333333333333334,13.047532151257387
3,seasonal_naive,5,100032,BEVERAGES,2.5714285714285716,23.2,21.98765887622288
3,seasonal_naive,5,100033,PRODUCE,1.3468883332293473,13.775933333333334,19.931305657420534
3,seasonal_naive,5,100034,PRODUCE,0.7321767231050467,9.0588,19.631079699584244
3,seasonal_naive,5,100035,PRODUCE,1.6111111111111112,0.4,6.511528238439882
3,seasonal_naive,5,100036,PRODUCE,0.5638774529830879,-4.749799999999999,22.749131283884854
3,seasonal_naive,5,100037,PRODUCE,1.8749781255468616,1.933266666666667,6.2618983938768995
3,seasonal_naive,5,100038,PRODUCE,0.5259432300647051,-6.512333333333333,13.590342609297798
3,seasonal_naive,5,100039,PRODUCE,0.7347537152401913,-3.7662,8.37279229921024
3,seasonal_naive,5,100040,PRODUCE,1.0,-2.2278000000000002,4.33200297124288
3,seasonal_naive,5,100041,CLEANING,1.5,-0.26666666666666666,1.4375905768565216
3,seasonal_naive,5,100042,CLEANING,0.7959183673469388,-2.2,4.039094665180023
3,seasonal_naive,5,100043,CLEANING,1.0,-0.8,2.2424476423255526
3,seasonal_naive,5,100044,CLEANING,0.8065573770491803,1.7333333333333334,19.926531726988184
3,seasonal_naive,5,100045,CLEANING,0.7147766323024055,5.466666666666667,15.287093840728463
3,seasonal_naive,5,100046,CLEANING,2.8518518518518516,2.6,7.008158510927512
3,seasonal_naive,5,100047,DAIRY,0.8061571536821329,1.2337333333333333,7.970268712683466
3,seasonal_naive,5,100048,DAIRY,1.9699097060249868,0.4464666666666666,7.96329894728369
3,seasonal_naive,5,100049,DAIRY,1.2,-0.8,8.028520589569592
3,seasonal_naive,5,100050,DAIRY,0.956542175445767,-6.5662666666666665,18.37070555634963
3,seasonal_naive,5,100051,DAIRY,0.9998550214361162,-4.0368,7.126482744965129
3,seasonal_naive,5,100052,DAIRY,1.9206349206349207,5.666666666666667,30.619010590216817
3,seasonal_naive,5,100053,BREAD/BAKERY,1.126167045167802,-2.3703999999999996,6.480416673111603
3,seasonal_naive,5,100054,BREAD/BAKERY,0.3002030244754308,0.4458000000000001,5.002909956072708
3,seasonal_naive,5,100055,BREAD/BAKERY,0.8489831731789812,-1.5098666666666667,5.172213685601534
3,seasonal_naive,5,100056,BREAD/BAKERY,0.9538830474082273,0.43866666666666654,9.319909462057685
3,seasonal_naive,5,100057,BREAD/BAKERY,1.2675508575987235,0.32586666666666664,4.270001168729627
3,seasonal_naive,5,100058,DELI,1.0372608695652175,-2.9524,3.367055852564034
3,seasonal_naive,5,100059,DELI,1.5,1.1333333333333333,2.6890430232616924
3,seasonal_naive,5,100060,EGGS,0.9259259259259259,-1.0,3.116774889895918
3,seasonal_naive,6,100001,GROCERY I,0.8529411764705882,0.6,3.6015869518072963
3,seasonal_naive,6,100002,GROCERY I,1.032085561497326,-5.266666666666667,47.657208518853935
3,seasonal_naive,6,100003,GROCERY I,1.0740740740740742,4.6,6.577016257935118
3,seasonal_naive,6,100004,GROCERY I,0.8638743455497382,0.3333333333333333,14.09998311380279
3,seasonal_naive,6,100005,GROCERY I,1.2876712328767124,1.4666666666666666,7.529624034122692
3,seasonal_naive,6,100006,GROCERY I,2.161290322580645,1.1333333333333333,6.220549661825561
3,seasonal_naive,6,100007,GROCERY I,1.7419354838709677,1.6,4.954074801903696
3,seasonal_naive,6,100008,GROCERY I,1.0,-0.3333333333333333,0.6172133998483675
3,seasonal_naive,6,100009,GROCERY I,0.8709677419354839,-1.5333333333333334,2.948768911806772
3,seasonal_naive,6,100010,GROCERY I,1.0,-1.3333333333333333,1.9518001458970664
3,seasonal_naive,6,100011,GROCERY I,1.0,-0.9333333333333333,1.0997835284835873
3,seasonal_naive,6,100012,GROCERY I,4.25,1.2,4.378518992927697
3,seasonal_naive,6,100013,GROCERY I,0.9391634980988594,-3.6666666666666665,20.886313586607265
3,seasonal_naive,6,100014,GROCERY I,2.05,2.6666666666666665,8.885515232803382
3,seasonal_naive,6,100015,GROCERY I,0.9144542772861357,-4.0,26.019223662515376
3,seasonal_naive,6,100016,GROCERY I,1.4537037037037037,5.533333333333333,11.927559124425528
3,seasonal_naive,6,100017,GROCERY I,1.072289156626506,-4.666666666666667,14.62222704684631
3,seasonal_naive,6,100018,GROCERY I,1.1481481481481481,0.8666666666666667,2.850229731760148
3,seasonal_naive,6,100019,GROCERY I,0.979381443298969,-0.8666666666666667,8.339807009300692
3,seasonal_naive,6,100020,BEVERAGES,0.9763779527559056,0.9333333333333333,10.766791979220622
3,seasonal_naive,6,100021,BEVERAGES,1.588235294117647,1.3333333333333333,4.203173404306164
3,seasonal_naive,6,100022,BEVERAGES,0.7868852459016393,-5.2,6.559616713541382
3,seasonal_naive,6,100023,BEVERAGES,1.2660550458715596,1.4666666666666666,13.516480240626187
3,seasonal_naive,6,100024,BEVERAGES,2.4,1.0666666666666667,4.963677592077797
3,seasonal_naive,6,100025,BEVERAGES,4.666666666666667,2.533333333333333,3.0906926331133207
3,seasonal_naive,6,100026,BEVERAGES,3.7,1.2666666666666666,3.2616093018777153
3,seasonal_naive,6,100027,BEVERAGES,1.8,1.5333333333333334,11.115411866070504
3,seasonal_naive,6,100028,BEVERAGES,1.0105263157894737,-2.1333333333333333,8.567935796300285
3,seasonal_naive,6,100029,BEVERAGES,1.0,-1.7333333333333334,4.182730937466345
3,seasonal_naive,6,100030,BEVERAGES,1.0930232558139534,-2.4,7.4622861299815
3,seasonal_naive,6,100031,BEVERAGES,0.9407407407407408,3.933333333333333,9.779473157491422
3,seasonal_naive,6,100032,BEVERAGES,1.0512820512820513,-2.8666666666666667,9.840634900152288
3,seasonal_naive,6,100033,PRODUCE,1.1001566736537869,0.14793333333333342,13.958555228485025
3,seasonal_naive,6,100034,PRODUCE,0.4995511873650721,-2.8026,6.804404275383492
3,seasonal_naive,6,100035,PRODUCE,0.85,-1.0,1.558387444947959
3,seasonal_naive,6,100036,PRODUCE,2.437025650879047,7.952933333333333,9.759173848719154
3,seasonal_naive,6,100037,PRODUCE,1.0,-1.7988,1.9704441558766825
3,seasonal_naive,6,100038,PRODUCE,1.1158603738049258,-2.4204,10.352412553879134
3,seasonal_naive,6,100039,PRODUCE,1.280845237214122,0.2637333333333334,5.886972790670536
3,seasonal_naive,6,100040,PRODUCE,2.568461247954345,2.747266666666667,4.814702252575166
3,seasonal_naive,6,100041,CLEANING,1.0,-0.2,1.2649110640673518
3,seasonal_naive,6,100042,CLEANING,1.0,-1.6666666666666667,2.9680841985233184
3,seasonal_naive,6,100043,CLEANING,3.0,0.5333333333333333,1.5976172734359606
3,seasonal_naive,6,100044,CLEANING,1.161764705882353,0.4666666666666667,7.633260552782583
3,seasonal_naive,6,100045,CLEANING,0.822429906542056,1.3333333333333333,7.518231808331633
3,seasonal_naive,6,100046,CLEANING,1.3478260869565217,-0.06666666666666667,3.150207854064478
3,seasonal_naive,6,100047,DAIRY,1.8660963798877916,4.6690000000000005,5.748408400840805
3,seasonal_naive,6,100048,DAIRY,1.818483412322275,-0.10213333333333334,1.6041322472497916
3,seasonal_naive,6,100049,DAIRY,1.25,-0.13333333333333333,1.4573295865416043
3,seasonal_naive,6,100050,DAIRY,0.8677915403111857,-4.468066666666667,7.009382207000095
3,seasonal_naive,6,100051,DAIRY,1.952513737390306,0.2538,2.9068764827068736
3,seasonal_naive,6,100052,DAIRY,0.5359515435717077,-8.4716,6.989556329676032
3,seasonal_naive,6,100053,BREAD/BAKERY,1.954163858079539,0.6167999999999999,2.974622621923182
3,seasonal_naive,6,100054,BREAD/BAKERY,1.5139317698045909,2.2380666666666666,6.097168915238644
3,seasonal_naive,6,100055,BREAD/BAKERY,1.3,-0.06666666666666667,1.3870146083619754
3,seasonal_naive,6,100056,BREAD/BAKERY,0.9797264107411322,-0.8120666666666667,6.341783080340672
3,seasonal_naive,6,100057,BREAD/BAKERY,1.4669468347675272,-0.13273333333333337,2.41101841157474
3,seasonal_naive,6,100058,DELI,1.4399190829399864,0.7097333333333332,1.9448534086024016
3,seasonal_naive,6,100059,DELI,1.125,0.0,1.6903085094570331
3,seasonal_naive,6,100060,EGGS,1.7424198165566394,0.7652666666666667,2.819567557183869
3,weekday_mean_8w,1,100001,GROCERY I,0.9322916666666666,-0.7166666666666667,3.8159283960537738
3,weekday_mean_8w,1,100002,GROCERY I,0.5092137592137592,6.333333333333333,39.716733234362614
3,weekday_mean_8w,1,100003,GROCERY I,0.8282208588957055,-1.5833333333333333,10.236343980896601
3,weekday_mean_8w,1,100004,GROCERY I,0.30737082066869303,-1.6583333333333334,8.384651510491116
3,weekday_mean_8w,1,100005,GROCERY I,0.7443820224719101,-1.9,5.074709703168111
3,weekday_mean_8w,1,100006,GROCERY I,1.1377314814814814,-0.125,9.830596370515881
3,weekday_mean_8w,1,100007,GROCERY I,1.3726851851851851,0.30833333333333335,6.290558874407022
3,weekday_mean_8w,1,100008,GROCERY I,1.9285714285714286,0.2833333333333333,1.0171154356924337
3,weekday_mean_8w,1,100009,GROCERY I,1.2403846153846154,-0.35,2.702594652762944
3,weekday_mean_8w,1,100010,GROCERY I,1.506578947368421,0.325,2.231471327558184
3,weekday_mean_8w,1,100011,GROCERY I,1.3461538461538463,0.11666666666666667,1.6080619065316157
3,weekday_mean_8w,1,100012,GROCERY I,0.9746376811594203,-1.9166666666666667,5.357668624993346
3,weekday_mean_8w,1,100013,GROCERY I,0.9425087108013938,9.866666666666667,20.189750906503694
3,weekday_mean_8w,1,100014,GROCERY I,0.893595041322314,-0.775,9.115724248321062
3,weekday_mean_8w,1,100015,GROCERY I,0.523936170212766,-1.7583333333333333,18.742109450824007
3,weekday_mean_8w,1,100016,GROCERY I,0.5392699115044248,-4.725,8.527947751783124
3,weekday_mean_8w,1,100017,GROCERY I,0.6110074626865671,-0.9666666666666667,13.620941947009742
3,weekday_mean_8w,1,100018,GROCERY I,1.3828125,0.25,3.8263069662534916
3,weekday_mean_8w,1,100019,GROCERY I,1.0336021505376345,0.23333333333333334,14.245524568723162
3,weekday_mean_8w,1,100020,BEVERAGES,0.8489583333333334,1.5416666666666667,11.202246532769772
3,weekday_mean_8w,1,100021,BEVERAGES,3.328125,2.3833333333333333,3.5479705802183927
3,weekday_mean_8w,1,100022,BEVERAGES,0.8363636363636363,0.8833333333333333,16.056225613523903
3,weekday_mean_8w,1,100023,BEVERAGES,1.287962962962963,1.8416666666666666,15.343352058170092
3,weekday_mean_8w,1,100024,BEVERAGES,1.4489795918367347,1.1166666666666667,5.142927413541083
3,weekday_mean_8w,1,100025,BEVERAGES,1.1666666666666667,-0.21666666666666667,3.7815537560008066
3,weekday_mean_8w,1,100026,BEVERAGES,3.9285714285714284,1.65,1.3179732817582346
3,weekday_mean_8w,1,100027,BEVERAGES,0.827433628318584,-0.15,7.78006839852416
3,weekday_mean_8w,1,100028,BEVERAGES,1.0294117647058822,0.7833333333333333,10.195463218417064
3,weekday_mean_8w,1,100029,BEVERAGES,1.212962962962963,0.25,2.996649915202928
3,weekday_mean_8w,1,100030,BEVERAGES,0.6458333333333334,-0.875,4.771099753426128
3,weekday_mean_8w,1,100031,BEVERAGES,0.8503401360544217,2.35,10.752927342290164
3,weekday_mean_8w,1,100032,BEVERAGES,0.6516272189349113,-0.275,8.402566572184954
3,weekday_mean_8w,1,100033,PRODUCE,0.7053555016203261,-0.9143083333333332,17.471037676416756
3,weekday_mean_8w,1,100034,PRODUCE,0.5416336931979061,-4.128283333333333,12.021677509375907
3,weekday_mean_8w,1,100035,PRODUCE,2.32192824761607,0.9831,2.068994955933574
3,weekday_mean_8w,1,100036,PRODUCE,0.9053837691830133,6.659683333333334,13.031949259661763
3,weekday_mean_8w,1,100037,PRODUCE,1.6738544474393529,1.13495,1.9300195362399462
3,weekday_mean_8w,1,100038,PRODUCE,0.7572877138028589,0.8986999999999999,9.636758554349147
3,weekday_mean_8w,1,100039,PRODUCE,0.766888440860215,-0.9453416666666666,5.7369241991390005
3,weekday_mean_8w,1,100040,PRODUCE,1.0041333333333333,-1.4077999999999997,4.843268985056182
3,weekday_mean_8w,1,100041,CLEANING,1.6944444444444444,0.3,1.28417566666603
3,weekday_mean_8w,1,100042,CLEANING,1.2056451612903225,0.35833333333333334,2.943996109922378
3,weekday_mean_8w,1,100043,CLEANING,1.2954545454545454,-0.31666666666666665,1.5431781522312353
3,weekday_mean_8w,1,100044,CLEANING,0.7418032786885246,2.4,7.227366147399164
3,weekday_mean_8w,1,100045,CLEANING,0.753707627118644,-4.591666666666667,13.244563125333821
3,weekday_mean_8w,1,100046,CLEANING,1.150735294117647,-0.9583333333333334,4.365721453496984
3,weekday_mean_8w,1,100047,DAIRY,1.2185344827586206,0.9334500000000001,5.7834368905877
3,weekday_mean_8w,1,100048,DAIRY,1.6050726369110195,0.14905000000000007,2.7880002849424685
3,weekday_mean_8w,1,100049,DAIRY,1.4515427053534942,0.7650500000000001,2.8840914993008258
3,weekday_mean_8w,1,100050,DAIRY,0.7125931613651497,0.04740833333333357,8.023365833205688
3,weekday_mean_8w,1,100051,DAIRY,1.2874873502624087,1.071025,4.171889258991149
3,weekday_mean_8w,1,100052,DAIRY,0.8022473172375729,3.8806500000000006,12.566685475306043
3,weekday_mean_8w,1,100053,BREAD/BAKERY,0.9333088595203133,-0.8644333333333333,2.6540403569313407
3,weekday_mean_8w,1,100054,BREAD/BAKERY,0.7647283834153974,-1.2141249999999997,8.764821489656006
3,weekday_mean_8w,1,100055,BREAD/BAKERY,0.9230336705449161,-0.21309166666666657,3.8040083659691253
3,weekday_mean_8w,1,100056,BREAD/BAKERY,0.8937041711744202,-0.268366666666667,5.49667619381141
3,weekday_mean_8w,1,100057,BREAD/BAKERY,1.3541666666666667,0.1822833333333333,2.8288465068075683
3,weekday_mean_8w,1,100058,DELI,1.168943791589976,-0.16058333333333324,3.5037567009347605
3,weekday_mean_8w,1,100059,DELI,0.8872364146892033,-0.06534999999999999,2.542862803427187
3,weekday_mean_8w,1,100060,EGGS,1.3190657894736841,-0.21251666666666663,2.6545845219313287
3,weekday_mean_8w,2,100001,GROCERY I,1.1053921568627452,-0.975,4.34253258890642
3,weekday_mean_8w,2,100002,GROCERY I,0.3805609284332689,-14.133333333333333,35.84638189884853
3,weekday_mean_8w,2,100003,GROCERY I,3.5029761904761907,7.575,9.116409851001027
3,weekday_mean_8w,2,100004,GROCERY I,0.6378116343490304,-5.083333333333333,18.07392228230128
3,weekday_mean_8w,2,100005,GROCERY I,1.1810344827586208,-0.5333333333333333,5.80668231641869
3,weekday_mean_8w,2,100006,GROCERY I,1.1666666666666667,1.5666666666666667,8.935266537448006
3,weekday_mean_8w,2,100007,GROCERY I,1.2896341463414633,0.375,4.115790585398769
3,weekday_mean_8w,2,100008,GROCERY I,3.375,0.7666666666666667,0.7542538097509415
3,weekday_mean_8w,2,100009,GROCERY I,1.4078947368421053,0.5166666666666667,2.266736693596157
3,weekday_mean_8w,2,100010,GROCERY I,2.671875,1.1083333333333334,1.0895881703434473
3,weekday_mean_8w,2,100011,GROCERY I,1.0865384615384615,-0.8,2.6193817427564303
3,weekday_mean_8w,2,100012,GROCERY I,1.7067307692307692,0.8083333333333333,3.7781286309998703
3,weekday_mean_8w,2,100013,GROCERY I,0.8535276073619632,6.8,23.494670748308618
3,weekday_mean_8w,2,100014,GROCERY I,1.8657407407407407,4.35,6.729996815961887
3,weekday_mean_8w,2,100015,GROCERY I,0.488914373088685,6.291666666666667,13.259150030217228
3,weekday_mean_8w,2,100016,GROCERY I,0.964527027027027,-4.641666666666667,19.05419120248751
3,weekday_mean_8w,2,100017,GROCERY I,0.5187319884726225,-10.383333333333333,9.083377020427925
3,weekday_mean_8w,2,100018,GROCERY I,1.1755952380952381,-0.075,4.349363664458777
3,weekday_mean_8w,2,100019,GROCERY I,0.695,0.6,12.510905956690063
3,weekday_mean_8w,2,100020,BEVERAGES,1.077319587628866,3.216666666666667,7.98903638625788
3,weekday_mean_8w,2,100021,BEVERAGES,0.8360655737704918,1.0,4.279571490565048
3,weekday_mean_8w,2,100022,BEVERAGES,0.8304521276595744,-1.6583333333333334,12.317458815302231
3,weekday_mean_8w,2,100023,BEVERAGES,0.7808734939759037,3.625,9.847951200993172
3,weekday_mean_8w,2,100024,BEVERAGES,1.07421875,-1.0333333333333334,6.7642816287009335
3,weekday_mean_8w,2,100025,BEVERAGES,1.4125,0.175,3.4633927420542836
3,weekday_mean_8w,2,100026,BEVERAGES,2.09375,1.5083333333333333,2.7068310852008333
3,weekday_mean_8w,2,100027,BEVERAGES,0.8639322916666666,-7.858333333333333,13.258661813895024
3,weekday_mean_8w,2,100028,BEVERAGES,1.3858695652173914,3.7083333333333335,12.212284018658465
3,weekday_mean_8w,2,100029,BEVERAGES,1.3967391304347827,0.5666666666666667,5.860709570236924
3,weekday_mean_8w,2,100030,BEVERAGES,0.7257194244604317,0.375,8.493695140682714
3,weekday_mean_8w,2,100031,BEVERAGES,0.9739208633093526,6.058333333333334,8.91100176079841
3,weekday_mean_8w,2,100032,BEVERAGES,0.7239382239382239,-5.583333333333333,14.888774134833774
3,weekday_mean_8w,2,100033,PRODUCE,0.569217592263105,-1.0867416666666672,11.899364331242607
3,weekday_mean_8w,2,100034,PRODUCE,1.1692691649711708,4.121150000000001,12.585341009448538
3,weekday_mean_8w,2,100035,PRODUCE,3.100207684319834,1.4317333333333333,1.3463004449584195
3,weekday_mean_8w,2,100036,PRODUCE,0.5280329990560422,1.8928416666666672,14.107952982245724
3,weekday_mean_8w,2,100037,PRODUCE,2.1738913446456585,1.7545,1.6843463428519003
3,weekday_mean_8w,2,100038,PRODUCE,0.6826565606654198,-1.40745,10.765962951444473
3,weekday_mean_8w,2,100039,PRODUCE,1.1483534482758622,0.3024333333333336,5.871821731847386
3,weekday_mean_8w,2,100040,PRODUCE,1.5314999999999999,0.0857166666666666,3.880740328413817
3,weekday_mean_8w,2,100041,CLEANING,1.325,-0.05,1.9627104072830366
3,weekday_mean_8w,2,100042,CLEANING,1.6120689655172413,0.8833333333333333,4.061048275413393
3,weekday_mean_8w,2,100043,CLEANING,0.9166666666666666,-0.55,1.6296636375119165
3,weekday_mean_8w,2,100044,CLEANING,0.8958333333333334,2.783333333333333,7.353246772361043
3,weekday_mean_8w,2,100045,CLEANING,0.9414335664335665,2.575,10.78294370754109
3,weekday_mean_8w,2,100046,CLEANING,1.5375,0.14166666666666666,4.402431011330423
3,weekday_mean_8w,2,100047,DAIRY,0.9586916954590329,-1.4178416666666667,6.329708920021708
3,weekday_mean_8w,2,100048,DAIRY,0.7707042682926829,-0.8497583333333334,2.808470025649239
3,weekday_mean_8w,2,100049,DAIRY,0.9787603213568399,-1.2238833333333332,3.416145047805905
3,weekday_mean_8w,2,100050,DAIRY,0.808695652173913,-0.13270000000000007,7.876956903230913
3,weekday_mean_8w,2,100051,DAIRY,1.2807005813953487,-0.05805833333333314,4.156138336004464
3,weekday_mean_8w,2,100052,DAIRY,0.698991,1.8695833333333334,13.703231798220953
3,weekday_mean_8w,2,100053,BREAD/BAKERY,0.8554276191197637,-0.8708666666666668,2.7359904674715585
3,weekday_mean_8w,2,100054,BREAD/BAKERY,0.7743772750582163,-1.3860999999999999,7.455456740404019
3,weekday_mean_8w,2,100055,BREAD/BAKERY,1.1054336745759772,-0.6315750000000001,3.9850036870389833
3,weekday_mean_8w,2,100056,BREAD/BAKERY,0.8263198198198201,-1.2993833333333336,8.60551372881108
3,weekday_mean_8w,2,100057,BREAD/BAKERY,1.1490124853971961,0.07016666666666671,2.4370763361972028
3,weekday_mean_8w,2,100058,DELI,2.150927083333333,0.7707416666666667,2.1361310562403526
3,weekday_mean_8w,2,100059,DELI,0.8306783079318883,-0.73035,2.4565055856665
3,weekday_mean_8w,2,100060,EGGS,1.3409370444606417,-0.03190833333333333,1.3924539830068592
3,weekday_mean_8w,3,100001,GROCERY I,1.2607142857142857,0.008333333333333333,3.5448235230436804
3,weekday_mean_8w,3,100002,GROCERY I,0.6679193037974683,11.725,35.55080619941792
3,weekday_mean_8w,3,100003,GROCERY I,1.0071942446043165,1.5333333333333334,10.463101265649593
3,weekday_mean_8w,3,100004,GROCERY I,0.7990196078431373,-2.75,15.883574737085208
3,weekday_mean_8w,3,100005,GROCERY I,1.4087301587301588,-0.36666666666666664,7.605869835356174
3,weekday_mean_8w,3,100006,GROCERY I,0.9564606741573034,-0.6083333333333333,7.151246561331275
3,weekday_mean_8w,3,100007,GROCERY I,1.0873015873015872,-0.6166666666666667,5.977910727559141
3,weekday_mean_8w,3,100008,GROCERY I,1.0916666666666666,-0.09166666666666666,1.4074631010979937
3,weekday_mean_8w,3,100009,GROCERY I,1.128125,-1.1416666666666666,3.5256922656949166
3,weekday_mean_8w,3,100010,GROCERY I,1.3385416666666667,-0.4583333333333333,2.9673320548616604
3,weekday_mean_8w,3,100011,GROCERY I,1.2321428571428572,-0.041666666666666664,0.9527529035579453
3,weekday_mean_8w,3,100012,GROCERY I,1.043103448275862,-0.6,4.649596756709124
3,weekday_mean_8w,3,100013,GROCERY I,0.7419763513513513,3.591666666666667,18.203614404314116
3,weekday_mean_8w,3,100014,GROCERY I,0.97578125,-4.491666666666666,12.539621728554577
3,weekday_mean_8w,3,100015,GROCERY I,1.0044291338582678,12.758333333333333,19.894614460295767
3,weekday_mean_8w,3,100016,GROCERY I,0.8559160305343512,1.6583333333333334,8.346094395983469
3,weekday_mean_8w,3,100017,GROCERY I,0.8091286307053942,2.7,15.67689952035888
3,weekday_mean_8w,3,100018,GROCERY I,0.8652777777777778,-2.5083333333333333,6.3756068805438515
3,weekday_mean_8w,3,100019,GROCERY I,0.9937106918238994,3.15,12.192576781444869
3,weekday_mean_8w,3,100020,BEVERAGES,0.6196933962264151,0.275,11.231154850936491
3,weekday_mean_8w,3,100021,BEVERAGES,1.4359756097560976,0.44166666666666665,4.822025977098166
3,weekday_mean_8w,3,100022,BEVERAGES,1.125886524822695,0.9666666666666667,13.607661532421814
3,weekday_mean_8w,3,100023,BEVERAGES,0.6265182186234818,-6.7,11.17372955386236
3,weekday_mean_8w,3,100024,BEVERAGES,1.2583333333333333,0.20833333333333334,4.757434657860213
3,weekday_mean_8w,3,100025,BEVERAGES,1.5185185185185186,0.4,3.050248818890495
3,weekday_mean_8w,3,100026,BEVERAGES,1.225,-0.75,3.352104882436876
3,weekday_mean_8w,3,100027,BEVERAGES,0.8053892215568862,-4.383333333333334,12.21025500884205
3,weekday_mean_8w,3,100028,BEVERAGES,0.7719072164948454,1.2083333333333333,5.642169563293218
3,weekday_mean_8w,3,100029,BEVERAGES,1.1875,0.2833333333333333,2.7964688618395335
3,weekday_mean_8w,3,100030,BEVERAGES,0.9537671232876712,2.341666666666667,5.340099874222079
3,weekday_mean_8w,3,100031,BEVERAGES,0.7594827586206897,3.025,8.69256661094491
3,weekday_mean_8w,3,100032,BEVERAGES,1.1771582733812949,4.541666666666667,11.80332378531371
3,weekday_mean_8w,3,100033,PRODUCE,0.505338016485021,0.04381666666666698,11.985643682602513
3,weekday_mean_8w,3,100034,PRODUCE,0.7034814231289006,3.5877999999999997,8.377051031208074
3,weekday_mean_8w,3,100035,PRODUCE,0.7513772554698814,-1.9150249999999998,3.0773771361977813
3,weekday_mean_8w,3,100036,PRODUCE,1.3630364268794948,6.802933333333334,12.937105095755811
3,weekday_mean_8w,3,100037,PRODUCE,1.244700187893146,-0.6708250000000001,4.084664152733367
3,weekday_mean_8w,3,100038,PRODUCE,1.0487943548387098,2.00485,9.571145186626422
3,weekday_mean_8w,3,100039,PRODUCE,1.280970588235294,-0.14811666666666662,5.101480631637274
3,weekday_mean_8w,3,100040,PRODUCE,2.286123756533468,1.7845000000000004,2.3497624509496395
3,weekday_mean_8w,3,100041,CLEANING,1.5833333333333333,0.05,1.1987716927874845
3,weekday_mean_8w,3,100042,CLEANING,0.8472222222222222,-0.4,4.067839897116334
3,weekday_mean_8w,3,100043,CLEANING,1.125,-0.5583333333333333,2.032584268738644
3,weekday_mean_8w,3,100044,CLEANING,0.45740740740740743,1.0666666666666667,5.002425007172117
3,weekday_mean_8w,3,100045,CLEANING,0.6748595505617978,2.2083333333333335,9.544967197928122
3,weekday_mean_8w,3,100046,CLEANING,1.4010416666666667,0.425,2.476586792918258
3,weekday_mean_8w,3,100047,DAIRY,0.678899618182455,-1.0884333333333336,4.674441140170305
3,weekday_mean_8w,3,100048,DAIRY,1.6122596045579425,0.4528500000000001,3.239268305759254
3,weekday_mean_8w,3,100049,DAIRY,1.0422054283883744,0.21455,3.0102757281310626
3,weekday_mean_8w,3,100050,DAIRY,0.9636626213592233,2.4163833333333335,7.581943983733344
3,weekday_mean_8w,3,100051,DAIRY,0.9754658540867253,0.7975166666666667,2.98422370890516
3,weekday_mean_8w,3,100052,DAIRY,0.4029048386804586,-2.33925,8.604199184145287
3,weekday_mean_8w,3,100053,BREAD/BAKERY,2.60165026800793,1.4130916666666666,2.646825237121464
3,weekday_mean_8w,3,100054,BREAD/BAKERY,1.6043794280972745,3.790216666666667,7.3903297255220295
3,weekday_mean_8w,3,100055,BREAD/BAKERY,1.1077773729667175,-0.47755,4.421150214906508
3,weekday_mean_8w,3,100056,BREAD/BAKERY,0.6125524081952992,-0.20334166666666675,5.06907450420357
3,weekday_mean_8w,3,100057,BREAD/BAKERY,1.0028526785714285,-0.3335916666666667,2.0996697813641574
3,weekday_mean_8w,3,100058,DELI,0.8208964938671605,0.23768333333333344,2.1162892488906704
3,weekday_mean_8w,3,100059,DELI,1.164450291565922,0.2270333333333333,2.846890735595004
3,weekday_mean_8w,3,100060,EGGS,1.0595238095238095,-0.48423333333333335,2.012414369222298
3,weekday_mean_8w,4,100001,GROCERY I,1.0097402597402598,-1.2166666666666666,6.1872685141883625
3,weekday_mean_8w,4,100002,GROCERY I,0.8315689467969598,18.175,59.92372011268039
3,weekday_mean_8w,4,100003,GROCERY I,0.8286458333333333,0.425,15.669992364844525
3,weekday_mean_8w,4,100004,GROCERY I,0.6531593406593407,-0.75,20.5556192352081
3,weekday_mean_8w,4,100005,GROCERY I,0.759765625,-3.9833333333333334,9.233801775980208
3,weekday_mean_8w,4,100006,GROCERY I,1.1627358490566038,1.3166666666666667,9.02141136936112
3,weekday_mean_8w,4,100007,GROCERY I,0.8918269230769231,0.058333333333333334,3.7849168072885355
3,weekday_mean_8w,4,100008,GROCERY I,1.5955882352941178,0.24166666666666667,2.8740163948897783
3,weekday_mean_8w,4,100009,GROCERY I,0.8588709677419355,-0.7833333333333333,4.058299110054194
3,weekday_mean_8w,4,100010,GROCERY I,1.325657894736842,-0.275,4.603279110745792
3,weekday_mean_8w,4,100011,GROCERY I,1.36875,-0.30833333333333335,2.678396819705684
3,weekday_mean_8w,4,100012,GROCERY I,1.2163461538461537,-1.6416666666666666,7.7401819530723355
3,weekday_mean_8w,4,100013,GROCERY I,0.8056818181818182,6.8,28.349886621088476
3,weekday_mean_8w,4,100014,GROCERY I,1.0902777777777777,1.4083333333333334,10.776593628698041
3,weekday_mean_8w,4,100015,GROCERY I,0.6709090909090909,-2.15,35.39024154238808
3,weekday_mean_8w,4,100016,GROCERY I,1.2242268041237114,1.7,18.465629268609135
3,weekday_mean_8w,4,100017,GROCERY I,0.5798076923076924,-3.275,19.352936746506607
3,weekday_mean_8w,4,100018,GROCERY I,0.9529411764705882,-0.48333333333333334,7.436767170779313
3,weekday_mean_8w,4,100019,GROCERY I,1.0034562211981566,2.0833333333333335,18.43446807193628
3,weekday_mean_8w,4,100020,BEVERAGES,0.4921875,-2.808333333333333,15.30587441692459
3,weekday_mean_8w,4,100021,BEVERAGES,2.2890625,3.3833333333333333,4.9297445118769545
3,weekday_mean_8w,4,100022,BEVERAGES,1.0953757225433527,2.7,14.186717253423057
3,weekday_mean_8w,4,100023,BEVERAGES,0.5523465703971119,-4.116666666666666,13.708823627069366
3,weekday_mean_8w,4,100024,BEVERAGES,1.0914634146341464,-2.466666666666667,7.7809673165328475
3,weekday_mean_8w,4,100025,BEVERAGES,1.1071428571428572,0.38333333333333336,3.804504692122347
3,weekday_mean_8w,4,100026,BEVERAGES,4.075,2.716666666666667,1.839222144070176
3,weekday_mean_8w,4,100027,BEVERAGES,2.278225806451613,4.1,10.69735865262342
3,weekday_mean_8w,4,100028,BEVERAGES,0.7880228136882129,-3.2666666666666666,17.08564734618198
3,weekday_mean_8w,4,100029,BEVERAGES,1.5491071428571428,0.38333333333333336,7.537179670205054
3,weekday_mean_8w,4,100030,BEVERAGES,1.0495495495495495,0.9333333333333333,9.256979348938112
3,weekday_mean_8w,4,100031,BEVERAGES,0.5920245398773006,-5.55,14.94952818175687
3,weekday_mean_8w,4,100032,BEVERAGES,0.6853932584269663,-1.4333333333333333,18.577171731020027
3,weekday_mean_8w,4,100033,PRODUCE,0.5034509611486846,-10.35665,18.92260458881265
3,weekday_mean_8w,4,100034,PRODUCE,0.45356163372885844,-7.82055,15.179360261126078
3,weekday_mean_8w,4,100035,PRODUCE,0.8653961734949412,-1.3812,2.6801187060597575
3,weekday_mean_8w,4,100036,PRODUCE,0.38762259781629194,-4.410441666666667,16.471690553745937
3,weekday_mean_8w,4,100037,PRODUCE,0.8715398351648351,-3.333091666666667,6.614170467921147
3,weekday_mean_8w,4,100038,PRODUCE,0.8237724794637407,2.5252499999999998,15.650061440645596
3,weekday_mean_8w,4,100039,PRODUCE,0.834619161723691,-3.456283333333333,8.78761101414162
3,weekday_mean_8w,4,100040,PRODUCE,0.8394966615305598,-1.2105,5.169425485745836
3,weekday_mean_8w,4,100041,CLEANING,1.3333333333333333,-0.4,1.9116653173906477
3,weekday_mean_8w,4,100042,CLEANING,1.3878205128205128,1.2083333333333333,4.190142201246476
3,weekday_mean_8w,4,100043,CLEANING,1.234375,-0.35,1.8445140668634497
3,weekday_mean_8w,4,100044,CLEANING,0.7867647058823529,0.2916666666666667,12.467159240332558
3,weekday_mean_8w,4,100045,CLEANING,0.4831378299120235,-0.31666666666666665,15.934636764279372
3,weekday_mean_8w,4,100046,CLEANING,1.1166666666666667,-0.23333333333333334,3.4559946194292337
3,weekday_mean_8w,4,100047,DAIRY,1.1077013364467407,2.3735,6.31205777216879
3,weekday_mean_8w,4,100048,DAIRY,1.794404389425475,1.1665166666666666,3.051558717946843
3,weekday_mean_8w,4,100049,DAIRY,1.203804347826087,-0.9771499999999999,4.765438731067012
3,weekday_mean_8w,4,100050,DAIRY,0.7200174241224234,3.6313166666666676,8.247059208258651
3,weekday_mean_8w,4,100051,DAIRY,1.2494783950617285,-0.8869999999999995,9.684625869728121
3,weekday_mean_8w,4,100052,DAIRY,0.6522075962879051,-0.5670666666666667,19.391260826623185
3,weekday_mean_8w,4,100053,BREAD/BAKERY,1.1138306114417824,-1.013725,4.142598251162634
3,weekday_mean_8w,4,100054,BREAD/BAKERY,0.5914273365426174,1.6763000000000006,10.073017084066365
3,weekday_mean_8w,4,100055,BREAD/BAKERY,0.9397226026588585,-0.9467916666666666,7.35909891773119
3,weekday_mean_8w,4,100056,BREAD/BAKERY,0.9986341482587847,2.0810500000000003,7.735336890951671
3,weekday_mean_8w,4,100057,BREAD/BAKERY,1.6274334910416508,0.17248333333333346,3.7207322582589586
3,weekday_mean_8w,4,100058,DELI,3.762806236080178,2.1260333333333334,2.9716143383008564
3,weekday_mean_8w,4,100059,DELI,1.1632211538461539,-0.27227500000000016,3.312239573051097
3,weekday_mean_8w,4,100060,EGGS,0.8111111111111111,-1.393016666666667,2.396914458544022
3,weekday_mean_8w,5,100001,GROCERY I,1.736842105263158,1.2,7.7788633029327805
3,weekday_mean_8w,5,100002,GROCERY I,0.5226574500768049,-16.0,55.96626853994926
3,weekday_mean_8w,5,100003,GROCERY I,0.9381793478260869,1.0083333333333333,14.226128710764502
3,weekday_mean_8w,5,100004,GROCERY I,0.4696344339622642,-0.375,16.386105830419694
3,weekday_mean_8w,5,100005,GROCERY I,1.2191011235955056,0.11666666666666667,8.505705368135192
3,weekday_mean_8w,5,100006,GROCERY I,1.0387931034482758,0.43333333333333335,9.220496707000633
3,weekday_mean_8w,5,100007,GROCERY I,0.9841954022988506,-0.875,6.771130945840162
3,weekday_mean_8w,5,100008,GROCERY I,1.1538461538461537,-0.36666666666666664,1.3915133933273958
3,weekday_mean_8w,5,100009,GROCERY I,1.805,1.0583333333333333,3.2046515671234315
3,weekday_mean_8w,5,100010,GROCERY I,1.1785714285714286,-0.6,3.6465492494372582
3,weekday_mean_8w,5,100011,GROCERY I,1.1805555555555556,-0.38333333333333336,2.3157393656290015
3,weekday_mean_8w,5,100012,GROCERY I,1.2228260869565217,-0.5,4.50990972351839
3,weekday_mean_8w,5,100013,GROCERY I,0.359472049689441,-1.45,22.355827779670467
3,weekday_mean_8w,5,100014,GROCERY I,0.8522196261682243,-5.425,15.479883259065158
3,weekday_mean_8w,5,100015,GROCERY I,0.44708702064896755,-7.158333333333333,29.331710757342144
3,weekday_mean_8w,5,100016,GROCERY I,0.8258706467661692,2.433333333333333,13.57344988080284
3,weekday_mean_8w,5,100017,GROCERY I,0.5154411764705882,1.3666666666666667,15.3621800985717
3,weekday_mean_8w,5,100018,GROCERY I,0.9414556962025317,-1.7416666666666667,6.472722066671869
3,weekday_mean_8w,5,100019,GROCERY I,0.8354037267080745,-2.3833333333333333,20.20770863050133
3,weekday_mean_8w,5,100020,BEVERAGES,0.7457561728395061,-6.741666666666666,21.16940950545206
3,weekday_mean_8w,5,100021,BEVERAGES,1.2256944444444444,0.7,7.796490739886944
3,weekday_mean_8w,5,100022,BEVERAGES,1.4487847222222223,8.991666666666667,14.011432406975317
3,weekday_mean_8w,5,100023,BEVERAGES,0.7899305555555556,0.24166666666666667,13.946843174131182
3,weekday_mean_8w,5,100024,BEVERAGES,1.3102678571428572,-0.475,6.921143846421423
3,weekday_mean_8w,5,100025,BEVERAGES,1.0886363636363636,-1.925,5.760045572736382
3,weekday_mean_8w,5,100026,BEVERAGES,1.6840277777777777,0.5583333333333333,5.0715564202530095
3,weekday_mean_8w,5,100027,BEVERAGES,0.8946540880503144,-1.0333333333333334,10.981870883198276
3,weekday_mean_8w,5,100028,BEVERAGES,0.7634976525821596,-2.441666666666667,12.953459502975956
3,weekday_mean_8w,5,100029,BEVERAGES,3.8833333333333333,3.7333333333333334,2.289273642342437
3,weekday_mean_8w,5,100030,BEVERAGES,0.694364161849711,-3.525,11.707102545036497
3,weekday_mean_8w,5,100031,BEVERAGES,0.6002202643171806,1.5166666666666666,12.007053978311884
3,weekday_mean_8w,5,100032,BEVERAGES,1.3198757763975155,8.116666666666667,14.734667171899968
3,weekday_mean_8w,5,100033,PRODUCE,0.9524239181036759,8.723383333333334,15.105522166879151
3,weekday_mean_8w,5,100034,PRODUCE,0.4617547532161661,1.6203916666666665,13.001035838270964
3,weekday_mean_8w,5,100035,PRODUCE,1.3958333333333333,0.11666666666666667,4.472002853734501
3,weekday_mean_8w,5,100036,PRODUCE,0.5602414709592842,-4.140633333333333,21.334802045594483
3,weekday_mean_8w,5,100037,PRODUCE,1.2406189845253868,-0.6917333333333333,4.412186459385068
3,weekday_mean_8w,5,100038,PRODUCE,0.530992176057252,-3.228791666666666,11.485428958504906
3,weekday_mean_8w,5,100039,PRODUCE,0.7697017054619228,-3.5466166666666665,8.262375213352406
3,weekday_mean_8w,5,100040,PRODUCE,1.1679296128244696,0.5141500000000001,4.426311565664949
3,weekday_mean_8w,5,100041,CLEANING,1.9375,0.21666666666666667,1.408255844585608
3,weekday_mean_8w,5,100042,CLEANING,0.9668367346938775,0.175,4.180310993215696
3,weekday_mean_8w,5,100043,CLEANING,1.625,-0.13333333333333333,2.292489029936883
3,weekday_mean_8w,5,100044,CLEANING,0.6622950819672131,-6.083333333333333,14.255142138223398
3,weekday_mean_8w,5,100045,CLEANING,0.45017182130584193,-0.45,10.828286370164289
3,weekday_mean_8w,5,100046,CLEANING,1.3055555555555556,0.8333333333333334,2.9480875560429407
3,weekday_mean_8w,5,100047,DAIRY,0.678364054487462,-0.5898999999999999,5.968387829176677
3,weekday_mean_8w,5,100048,DAIRY,1.4211082373045747,0.07881666666666648,5.996201775072362
3,weekday_mean_8w,5,100049,DAIRY,1.1779923076923078,-1.4025666666666665,6.609490461819348
3,weekday_mean_8w,5,100050,DAIRY,0.8209248709957593,-2.436725,14.837371438334593
3,weekday_mean_8w,5,100051,DAIRY,0.8700344841869808,-2.8572166666666665,6.0683753147661434
3,weekday_mean_8w,5,100052,DAIRY,1.5490039682539682,14.589216666666667,17.097270614561833
3,weekday_mean_8w,5,100053,BREAD/BAKERY,1.1945075279670285,-0.6063333333333335,6.082628162488255
3,weekday_mean_8w,5,100054,BREAD/BAKERY,0.4180777492674512,-0.3843333333333336,7.0745892409261035
3,weekday_mean_8w,5,100055,BREAD/BAKERY,0.9244084431298735,-0.8120583333333329,5.56692879849116
3,weekday_mean_8w,5,100056,BREAD/BAKERY,1.072454344216934,2.3515999999999995,9.155023394338917
3,weekday_mean_8w,5,100057,BREAD/BAKERY,0.868904567211807,-0.43428333333333335,2.5518378830558204
3,weekday_mean_8w,5,100058,DELI,1.1167961956521737,0.38754166666666673,3.847673979249702
3,weekday_mean_8w,5,100059,DELI,1.890541666666667,1.4519833333333334,1.9789685979711635
3,weekday_mean_8w,5,100060,EGGS,1.176101851851852,-0.34831666666666666,3.0051795023293097
3,weekday_mean_8w,6,100001,GROCERY I,1.0661764705882353,-0.38333333333333336,3.15325323315159
3,weekday_mean_8w,6,100002,GROCERY I,0.5492424242424242,-3.941666666666667,24.763833916380865
3,weekday_mean_8w,6,100003,GROCERY I,0.9290123456790124,3.35,6.282806754491635
3,weekday_mean_8w,6,100004,GROCERY I,0.6564136125654451,-1.125,9.717895862788405
3,weekday_mean_8w,6,100005,GROCERY I,0.8835616438356164,-1.9666666666666666,5.324401933774436
3,weekday_mean_8w,6,100006,GROCERY I,2.2419354838709675,2.466666666666667,4.559004695053933
3,weekday_mean_8w,6,100007,GROCERY I,1.217741935483871,0.9333333333333333,2.7564318723064183
3,weekday_mean_8w,6,100008,GROCERY I,1.05,-0.13333333333333333,0.6639079827233663
3,weekday_mean_8w,6,100009,GROCERY I,1.0161290322580645,-1.0,3.1696805832764916
3,weekday_mean_8w,6,100010,GROCERY I,1.025,-0.5166666666666667,1.9802972961028809
3,weekday_mean_8w,6,100011,GROCERY I,0.9107142857142857,-0.25,1.118033988749895
3,weekday_mean_8w,6,100012,GROCERY I,3.3125,0.9833333333333333,1.9892942634679933
3,weekday_mean_8w,6,100013,GROCERY I,0.6326045627376425,1.875,14.466710555123244
3,weekday_mean_8w,6,100014,GROCERY I,2.053125,2.3583333333333334,6.198154007060336
3,weekday_mean_8w,6,100015,GROCERY I,0.474188790560472,-5.483333333333333,14.248188063583317
3,weekday_mean_8w,6,100016,GROCERY I,0.8703703703703703,0.9666666666666667,7.211793829422416
3,weekday_mean_8w,6,100017,GROCERY I,0.8554216867469879,2.1166666666666667,11.469823243541953
3,weekday_mean_8w,6,100018,GROCERY I,1.4490740740740742,0.725,3.2318172685260005
3,weekday_mean_8w,6,100019,GROCERY I,1.0889175257731958,1.4083333333333334,7.983306615921094
3,weekday_mean_8w,6,100020,BEVERAGES,0.8356299212598425,1.1916666666666667,8.83780771674148
3,weekday_mean_8w,6,100021,BEVERAGES,1.2720588235294117,1.0833333333333333,3.295920999977888
3,weekday_mean_8w,6,100022,BEVERAGES,0.4672131147540984,-1.6666666666666667,4.522184075148181
3,weekday_mean_8w,6,100023,BEVERAGES,0.9185779816513762,0.4083333333333333,8.046109678122773
3,weekday_mean_8w,6,100024,BEVERAGES,1.9875,1.15,2.8371735180331448
3,weekday_mean_8w,6,100025,BEVERAGES,2.236111111111111,1.0916666666666666,1.08198175761402
3,weekday_mean_8w,6,100026,BEVERAGES,1.6125,0.375,1.3101594777517953
3,weekday_mean_8w,6,100027,BEVERAGES,1.4596153846153845,0.575,7.9962044567585755
3,weekday_mean_8w,6,100028,BEVERAGES,1.0671052631578948,1.2916666666666667,8.29259387014932
3,weekday_mean_8w,6,100029,BEVERAGES,1.0955882352941178,-1.05,3.6996018125507195
3,weekday_mean_8w,6,100030,BEVERAGES,0.9593023255813954,-1.3833333333333333,6.531254984049134
3,weekday_mean_8w,6,100031,BEVERAGES,0.825925925925926,-0.4166666666666667,10.25214118170072
3,weekday_mean_8w,6,100032,BEVERAGES,0.7094017094017094,-2.5833333333333335,6.527015744106148
3,weekday_mean_8w,6,100033,PRODUCE,1.0378109328163343,4.38395,11.175127834819321
3,weekday_mean_8w,6,100034,PRODUCE,0.3416380240881718,-1.9312916666666666,5.3971338381280365
3,weekday_mean_8w,6,100035,PRODUCE,1.1130375000000001,-0.13404999999999997,1.8249116513595547
3,weekday_mean_8w,6,100036,PRODUCE,2.406615268837865,9.624950000000002,6.562295118026271
3,weekday_mean_8w,6,100037,PRODUCE,1.1522959750945074,-0.53035,2.319463114833135
3,weekday_mean_8w,6,100038,PRODUCE,0.9355447863629833,-0.2905250000000001,8.970428677545382
3,weekday_mean_8w,6,100039,PRODUCE,1.0470172452076085,-1.4278000000000002,4.9019326392760645
3,weekday_mean_8w,6,100040,PRODUCE,1.4235239813688054,0.3616,2.950678343316039
3,weekday_mean_8w,6,100041,CLEANING,1.5,-0.21666666666666667,1.448880931057122
3,weekday_mean_8w,6,100042,CLEANING,0.8918918918918919,-0.9833333333333333,2.651173370056217
3,weekday_mean_8w,6,100043,CLEANING,2.1458333333333335,0.225,1.2303817642155974
3,weekday_mean_8w,6,100044,CLEANING,1.0459558823529411,1.3083333333333333,6.173797357342061
3,weekday_mean_8w,6,100045,CLEANING,0.8247663551401869,2.95,6.845847281381612
3,weekday_mean_8w,6,100046,CLEANING,1.0380434782608696,-0.325,2.246922498504502
3,weekday_mean_8w,6,100047,DAIRY,0.8459532393284553,1.0090333333333334,3.115064705841178
3,weekday_mean_8w,6,100048,DAIRY,1.730257701421801,0.12070833333333335,1.2870806543737245
3,weekday_mean_8w,6,100049,DAIRY,1.8251562499999998,0.4480666666666666,1.3280990307264993
3,weekday_mean_8w,6,100050,DAIRY,0.8239417125953347,-3.664283333333333,7.683063798763036
3,weekday_mean_8w,6,100051,DAIRY,2.9480029525137375,1.815016666666667,2.2312774892597695
3,weekday_mean_8w,6,100052,DAIRY,0.42681976195128307,-3.1030166666666665,8.280912121256344
3,weekday_mean_8w,6,100053,BREAD/BAKERY,1.5851078497456954,0.5076749999999999,2.1613672109421187
3,weekday_mean_8w,6,100054,BREAD/BAKERY,1.072731892534566,1.4332833333333332,4.310127687158827
3,weekday_mean_8w,6,100055,BREAD/BAKERY,2.3576249999999996,0.8884166666666665,1.543516704224557
3,weekday_mean_8w,6,100056,BREAD/BAKERY,0.9099726857295962,0.25485833333333335,5.861216486412633
3,weekday_mean_8w,6,100057,BREAD/BAKERY,1.2478737242345408,0.0024083333333333456,1.8249111172501238
3,weekday_mean_8w,6,100058,DELI,1.299426837491571,0.19055,1.374328709348417
3,weekday_mean_8w,6,100059,DELI,1.4265,0.30449999999999994,1.8373376871946308
3,weekday_mean_8w,6,100060,EGGS,1.1220132032482328,-0.036166666666666694,1.4819195492992316
3,lightgbm_recursive,1,100001,GROCERY I,0.9537061408436078,-0.44105688954249966,3.8889757425017875
3,lightgbm_recursive,1,100002,GROCERY I,0.5748407562356951,3.2773245067375063,40.76736819398197
3,lightgbm_recursive,1,100003,GROCERY I,0.8185480844085555,-1.1826538988386257,9.96842129850493
3,lightgbm_recursive,1,100004,GROCERY I,0.30745892543237174,-2.848103203411954,7.526520384148172
3,lightgbm_recursive,1,100005,GROCERY I,0.7895838392211612,-1.7063378023912523,5.391200469982609
3,lightgbm_recursive,1,100006,GROCERY I,0.9350449895028069,-1.202795342632596,8.171740333247156
3,lightgbm_recursive,1,100007,GROCERY I,1.3353554320617431,-0.11103193212995605,5.941696826170576
3,lightgbm_recursive,1,100008,GROCERY I,1.8187521316299988,0.2087623644330814,0.9589052170935588
3,lightgbm_recursive,1,100009,GROCERY I,1.1962386785698895,0.11199052723627415,2.4374520536597033
3,lightgbm_recursive,1,100010,GROCERY I,1.490384150605016,0.0769052859638534,2.3560045771352507
3,lightgbm_recursive,1,100011,GROCERY I,1.5306870437802649,0.05675432266546032,1.7758096274596504
3,lightgbm_recursive,1,100012,GROCERY I,0.9784926445402437,-2.044675073008363,5.389423054098312
3,lightgbm_recursive,1,100013,GROCERY I,0.898861048820668,8.499405770673693,20.297141356300433
3,lightgbm_recursive,1,100014,GROCERY I,0.8960704959562563,-1.5312963289091075,8.784427918463152
3,lightgbm_recursive,1,100015,GROCERY I,0.4115559759763385,0.17311544393095774,16.18199226775272
3,lightgbm_recursive,1,100016,GROCERY I,0.47529443386136516,-4.302915170636808,7.943480730427885
3,lightgbm_recursive,1,100017,GROCERY I,0.5605702086516355,-1.0363161336072662,13.04779866684129
3,lightgbm_recursive,1,100018,GROCERY I,1.4660512786706574,0.8912948957828175,3.603791144454734
3,lightgbm_recursive,1,100019,GROCERY I,0.9219177232383274,1.3764276962619182,13.240622265034293
3,lightgbm_recursive,1,100020,BEVERAGES,0.7886900296950782,2.7188863245636052,10.999780316888689
3,lightgbm_recursive,1,100021,BEVERAGES,3.0865191292703007,2.5807896109741777,2.3374430969043223
3,lightgbm_recursive,1,100022,BEVERAGES,0.6956189970358847,-3.2061934715327407,13.699626322616782
3,lightgbm_recursive,1,100023,BEVERAGES,1.169482418322842,3.6430234208099375,13.434658175902351
3,lightgbm_recursive,1,100024,BEVERAGES,1.150505163713525,0.3714860474047396,4.448209577959793
3,lightgbm_recursive,1,100025,BEVERAGES,1.173266213694971,-0.25063121531352955,3.384181260803641
3,lightgbm_recursive,1,100026,BEVERAGES,4.070129853125954,1.6333614815115984,1.222989164813585
3,lightgbm_recursive,1,100027,BEVERAGES,0.8361346253609034,-0.36473101848646194,7.558689399714445
3,lightgbm_recursive,1,100028,BEVERAGES,0.8950253138654375,1.2265631535148391,9.257185177410449
3,lightgbm_recursive,1,100029,BEVERAGES,1.328813913791721,0.8757060102650632,2.692886735430441
3,lightgbm_recursive,1,100030,BEVERAGES,0.8370225920508937,1.1203971647002307,5.996246051825978
3,lightgbm_recursive,1,100031,BEVERAGES,0.6859594863884332,2.810246673181062,8.361488987876216
3,lightgbm_recursive,1,100032,BEVERAGES,0.7435649785075411,0.3799757724271236,9.538422694561534
3,lightgbm_recursive,1,100033,PRODUCE,0.6736534108960803,-2.625706383157612,17.456049955586014
3,lightgbm_recursive,1,100034,PRODUCE,0.6030811537966586,-3.7272824439737,12.964015139515674
3,lightgbm_recursive,1,100035,PRODUCE,1.8072583003205973,0.6521440086600363,1.5631522022038042
3,lightgbm_recursive,1,100036,PRODUCE,0.9291634647122574,6.691518399170887,13.277191585285264
3,lightgbm_recursive,1,100037,PRODUCE,2.0716173526151653,1.2018028776909466,2.411292057753114
3,lightgbm_recursive,1,100038,PRODUCE,0.6693760554649066,1.4105837598542956,8.403210761195686
3,lightgbm_recursive,1,100039,PRODUCE,0.7750937007440702,-1.7774613542213253,5.597864741690324
3,lightgbm_recursive,1,100040,PRODUCE,0.9435521487651438,-1.4302317606383865,4.163941110853925
3,lightgbm_recursive,1,100041,CLEANING,1.3327714254782705,0.04047508302930973,1.1270484790321198
3,lightgbm_recursive,1,100042,CLEANING,1.2755579245469049,0.6353100833539377,3.0858154105466005
3,lightgbm_recursive,1,100043,CLEANING,1.456339696430424,0.035862252077535836,1.4003303634124347
3,lightgbm_recursive,1,100044,CLEANING,0.6477653873680963,2.148917858215683,6.940739550451789
3,lightgbm_recursive,1,100045,CLEANING,0.6634723260384129,-1.5132115266939072,12.254395257552478
3,lightgbm_recursive,1,100046,CLEANING,1.1893912728023948,-0.692451556633525,4.383618104619334
3,lightgbm_recursive,1,100047,DAIRY,1.1212419761129595,1.0444820765141087,4.920690994990431
3,lightgbm_recursive,1,100048,DAIRY,1.5519351534093013,0.512156671413596,2.5410215341751625
3,lightgbm_recursive,1,100049,DAIRY,1.417333304043527,0.33425737980266124,2.8995874008735725
3,lightgbm_recursive,1,100050,DAIRY,0.6142186345654586,-1.3883612625859922,6.76688107103956
3,lightgbm_recursive,1,100051,DAIRY,1.0203527399773658,0.7507534444573888,3.6554116791742857
3,lightgbm_recursive,1,100052,DAIRY,0.780906233480723,4.324292891079839,12.358216347985536
3,lightgbm_recursive,1,100053,BREAD/BAKERY,0.9990573977762114,-0.39608900969446464,2.579190117671033
3,lightgbm_recursive,1,100054,BREAD/BAKERY,0.6972148643347666,-0.4998280741584182,7.584286548394965
3,lightgbm_recursive,1,100055,BREAD/BAKERY,0.8822342119960116,-0.2629747668520455,3.5128591750576073
3,lightgbm_recursive,1,100056,BREAD/BAKERY,0.9243708096293651,0.4474828424381954,5.587886309948514
3,lightgbm_recursive,1,100057,BREAD/BAKERY,1.5122293592931968,0.20379651767698267,2.974145990824012
3,lightgbm_recursive,1,100058,DELI,1.00377963580346,-0.45141099100530724,3.025970033880725
3,lightgbm_recursive,1,100059,DELI,0.9268343231809921,-0.6090722213116365,3.0172158004676333
3,lightgbm_recursive,1,100060,EGGS,1.3194610382296679,-0.1699108459446391,2.640558506480416
3,lightgbm_recursive,2,100001,GROCERY I,0.9847170738965347,-0.6426271475627545,3.847534295727178
3,lightgbm_recursive,2,100002,GROCERY I,0.3825797278186742,-16.634349414632627,35.258706402940454
3,lightgbm_recursive,2,100003,GROCERY I,3.234936186703696,7.484946009776633,6.57697470164445
3,lightgbm_recursive,2,100004,GROCERY I,0.6440432620873431,-5.512849898339107,17.288561177729978
3,lightgbm_recursive,2,100005,GROCERY I,1.2659236997203536,0.28160436169896175,5.82667598094501
3,lightgbm_recursive,2,100006,GROCERY I,1.177951679176001,0.42839457608458026,8.313130180143359
3,lightgbm_recursive,2,100007,GROCERY I,1.3715180303705232,0.728646124597797,4.198578853696791
3,lightgbm_recursive,2,100008,GROCERY I,2.5582430772069134,0.42142402063773665,0.6093142011315364
3,lightgbm_recursive,2,100009,GROCERY I,1.6743967782370939,0.5969676013935586,2.363049205346087
3,lightgbm_recursive,2,100010,GROCERY I,2.3954807932817315,0.7646625390196028,1.1636268752495602
3,lightgbm_recursive,2,100011,GROCERY I,1.0917637477011994,-0.8718934150171926,2.736774802434775
3,lightgbm_recursive,2,100012,GROCERY I,1.7988340227739492,0.8207657462812296,3.9488137109970514
3,lightgbm_recursive,2,100013,GROCERY I,0.7961771923530024,4.330121217038813,21.478201175803562
3,lightgbm_recursive,2,100014,GROCERY I,1.6902868136077915,3.7341530434753083,5.7681326982561405
3,lightgbm_recursive,2,100015,GROCERY I,0.49053020763178495,5.094795228341334,14.38529107771435
3,lightgbm_recursive,2,100016,GROCERY I,0.9645110494945448,-3.871507818103035,18.954514174174246
3,lightgbm_recursive,2,100017,GROCERY I,0.5224070091855607,-8.348801423052553,12.057587894384042
3,lightgbm_recursive,2,100018,GROCERY I,1.3502586369836154,0.2454139891281115,4.3935400318728295
3,lightgbm_recursive,2,100019,GROCERY I,0.6114698632667518,0.15991088784492505,10.873453886830015
3,lightgbm_recursive,2,100020,BEVERAGES,1.203742743912825,6.068239083676662,7.413650764728391
3,lightgbm_recursive,2,100021,BEVERAGES,0.8114289773550467,-0.35320094914473366,4.01311191200991
3,lightgbm_recursive,2,100022,BEVERAGES,0.8508195332403755,-0.2067051197285534,13.010873480329888
3,lightgbm_recursive,2,100023,BEVERAGES,0.671669839885152,1.4721625261985218,9.766321919551656
3,lightgbm_recursive,2,100024,BEVERAGES,1.1487674898123161,-0.6525214354334646,6.922167493669201
3,lightgbm_recursive,2,100025,BEVERAGES,1.3809641036234412,0.21679657992894316,3.2938273593488505
3,lightgbm_recursive,2,100026,BEVERAGES,1.7740527017819148,0.8274359159296639,2.4924146659773396
3,lightgbm_recursive,2,100027,BEVERAGES,0.7941398907205942,-6.7156033145741825,11.882315901028651
3,lightgbm_recursive,2,100028,BEVERAGES,1.1897028812234234,1.5028610950849817,10.800867527839607
3,lightgbm_recursive,2,100029,BEVERAGES,1.2492857256273913,-0.3233616724798644,5.801682604611222
3,lightgbm_recursive,2,100030,BEVERAGES,0.733855360551053,-1.7812441037275009,8.786349027999561
3,lightgbm_recursive,2,100031,BEVERAGES,0.8502698433962911,3.2271512559367297,9.640651237203143
3,lightgbm_recursive,2,100032,BEVERAGES,0.5742470597284841,-4.478580716880097,11.944718015639934
3,lightgbm_recursive,2,100033,PRODUCE,0.5444818909294029,0.384948049568388,11.580434812230147
3,lightgbm_recursive,2,100034,PRODUCE,1.1861358115725629,5.520247083883415,12.220398967028116
3,lightgbm_recursive,2,100035,PRODUCE,2.4731913318030427,1.0797819099924362,0.9261425793709657
3,lightgbm_recursive,2,100036,PRODUCE,0.5180508340766661,-1.0816254347229302,13.608442911276029
3,lightgbm_recursive,2,100037,PRODUCE,2.048269448013319,1.2263715570343374,1.6850034090465758
3,lightgbm_recursive,2,100038,PRODUCE,0.7322090710400253,-0.03237691114366565,10.959406627795822
3,lightgbm_recursive,2,100039,PRODUCE,1.1681836741935863,0.345889653374797,5.639427648840839
3,lightgbm_recursive,2,100040,PRODUCE,1.4357683882878602,0.42757898974389835,3.4436386867779705
3,lightgbm_recursive,2,100041,CLEANING,1.537103899468569,-0.037510871084920426,2.027069068941339
3,lightgbm_recursive,2,100042,CLEANING,1.5063053235683144,0.8055240021646111,3.6475241257609587
3,lightgbm_recursive,2,100043,CLEANING,1.0144247953832033,-0.6461495228839134,1.703358110575097
3,lightgbm_recursive,2,100044,CLEANING,0.8546287052570358,2.3652349508273134,7.227395237644064
3,lightgbm_recursive,2,100045,CLEANING,1.006943230369355,4.470634394025313,10.752927785472927
3,lightgbm_recursive,2,100046,CLEANING,1.407943910341882,-0.36258199510263844,4.148924387916516
3,lightgbm_recursive,2,100047,DAIRY,0.9320794171674821,-0.5164588510091049,6.201331649603068
3,lightgbm_recursive,2,100048,DAIRY,0.8506906415125426,-0.8882214706247188,2.9931383160246354
3,lightgbm_recursive,2,100049,DAIRY,0.8650451284686568,-1.1240578239206735,3.046184192586546
3,lightgbm_recursive,2,100050,DAIRY,0.8636403975116859,0.4326399507118275,8.05262003637687
3,lightgbm_recursive,2,100051,DAIRY,1.1048465681575983,0.24163125119305356,3.7277186753938034
3,lightgbm_recursive,2,100052,DAIRY,0.6674452563405262,2.3419317186701947,13.064788651804879
3,lightgbm_recursive,2,100053,BREAD/BAKERY,0.8578286377836494,-0.8761860927414387,2.5976750090340905
3,lightgbm_recursive,2,100054,BREAD/BAKERY,0.5890304285762585,0.2180084098951393,6.476215115044157
3,lightgbm_recursive,2,100055,BREAD/BAKERY,0.9925252176007096,0.03588296814297755,3.5526733728065136
3,lightgbm_recursive,2,100056,BREAD/BAKERY,0.7834156395485375,-1.129681564320603,7.787587707271943
3,lightgbm_recursive,2,100057,BREAD/BAKERY,1.0475666317345271,-0.06761901108071676,2.1793284245139306
3,lightgbm_recursive,2,100058,DELI,2.395657727189343,1.0699055330746632,1.9976527350084596
3,lightgbm_recursive,2,100059,DELI,0.8425605928595509,-0.8264323396379176,2.4300634852478518
3,lightgbm_recursive,2,100060,EGGS,1.7657308853814142,0.31071312066461126,1.5643972934439527
3,lightgbm_recursive,3,100001,GROCERY I,1.3074698937381157,0.4269558509317752,3.5417713908266393
3,lightgbm_recursive,3,100002,GROCERY I,0.6305648286270528,13.705821288912492,32.250323159686616
3,lightgbm_recursive,3,100003,GROCERY I,0.9309778954541458,0.27180982109553187,9.416056032787075
3,lightgbm_recursive,3,100004,GROCERY I,0.8149507176681849,-0.05089564139796039,17.345003576891077
3,lightgbm_recursive,3,100005,GROCERY I,1.2395037479030826,0.024296236087950264,6.3051046215765005
3,lightgbm_recursive,3,100006,GROCERY I,1.0904170555756596,-0.12343193149262627,7.343008779773818
3,lightgbm_recursive,3,100007,GROCERY I,1.1464288146200095,-0.7648031513780029,6.104172611580194
3,lightgbm_recursive,3,100008,GROCERY I,1.1157154987341322,-0.3654310128792279,1.4031310398723371
3,lightgbm_recursive,3,100009,GROCERY I,1.0523693542449002,-0.7584147502120991,3.2718832166191527
3,lightgbm_recursive,3,100010,GROCERY I,1.3031950011727278,-0.2774034492136426,2.843708426725119
3,lightgbm_recursive,3,100011,GROCERY I,1.8362734064057686,0.3530243904057801,0.9348364962698213
3,lightgbm_recursive,3,100012,GROCERY I,1.0142450400389929,-1.4238757210532986,4.680919238994798
3,lightgbm_recursive,3,100013,GROCERY I,0.5948203002931813,4.249117371250823,15.32811235465537
3,lightgbm_recursive,3,100014,GROCERY I,0.926696033101396,-4.5830391269379085,11.47870718427815
3,lightgbm_recursive,3,100015,GROCERY I,0.8536645926709208,9.28858978463122,15.98797566645421
3,lightgbm_recursive,3,100016,GROCERY I,0.7983932841377808,1.0652301107520108,7.8598875627960405
3,lightgbm_recursive,3,100017,GROCERY I,0.9247117401137226,3.0698657839095658,18.096262451055804
3,lightgbm_recursive,3,100018,GROCERY I,0.8670173389662453,-2.937034005794514,6.1136266232119905
3,lightgbm_recursive,3,100019,GROCERY I,0.8150784440234142,2.7843889356500324,11.08592559518171
3,lightgbm_recursive,3,100020,BEVERAGES,0.5567718046627952,-0.13871642167438408,10.852901289538563
3,lightgbm_recursive,3,100021,BEVERAGES,1.2453405181651098,0.8101001756284596,4.076736945978716
3,lightgbm_recursive,3,100022,BEVERAGES,1.0136134519608504,1.0112216634790352,12.604903186120652
3,lightgbm_recursive,3,100023,BEVERAGES,0.5019184932693213,-5.265998545873936,9.172443419707701
3,lightgbm_recursive,3,100024,BEVERAGES,1.165004643044718,0.30246704855909645,4.33780324790739
3,lightgbm_recursive,3,100025,BEVERAGES,1.3899819793068067,0.29579806967957933,2.7753285886925947
3,lightgbm_recursive,3,100026,BEVERAGES,1.1075841240884148,-0.06861563640267333,2.9004472935018644
3,lightgbm_recursive,3,100027,BEVERAGES,0.7915368749135837,-5.09178706574592,11.735563280327574
3,lightgbm_recursive,3,100028,BEVERAGES,0.8537090804277349,1.8028189258793295,6.357384023457425
3,lightgbm_recursive,3,100029,BEVERAGES,1.4514894774085847,0.7938152695460602,2.9227416437531
3,lightgbm_recursive,3,100030,BEVERAGES,0.8902495527294896,1.8291486812385467,5.123258759012047
3,lightgbm_recursive,3,100031,BEVERAGES,0.7204692042880314,2.530961506979853,8.789363694175673
3,lightgbm_recursive,3,100032,BEVERAGES,1.2039120907649945,2.637750986838911,11.946331498805572
3,lightgbm_recursive,3,100033,PRODUCE,0.4123392804373507,-0.024460155295784602,9.640718150227263
3,lightgbm_recursive,3,100034,PRODUCE,0.6348262891445283,3.1920656697189096,8.621001560992786
3,lightgbm_recursive,3,100035,PRODUCE,0.7845806294473292,-1.946332961878639,3.2922835400735537
3,lightgbm_recursive,3,100036,PRODUCE,1.2758708411066206,8.24015316216464,11.809736016374039
3,lightgbm_recursive,3,100037,PRODUCE,1.2662155583996166,-0.14891254113523214,3.6912680827228423
3,lightgbm_recursive,3,100038,PRODUCE,1.0036503257016967,2.875651490416584,9.049978479847665
3,lightgbm_recursive,3,100039,PRODUCE,1.1261728334401477,0.6294898166120632,4.175838686576874
3,lightgbm_recursive,3,100040,PRODUCE,1.9503593804303825,1.2921682573611335,2.186600583939587
3,lightgbm_recursive,3,100041,CLEANING,1.3090805482036338,0.002569315082100143,1.0955842697592182
3,lightgbm_recursive,3,100042,CLEANING,0.8218895872705779,-0.8390730940563204,3.8894113834224777
3,lightgbm_recursive,3,100043,CLEANING,1.2035357131614686,-0.41863197497342824,2.0458130291204295
3,lightgbm_recursive,3,100044,CLEANING,0.45786760799108556,0.4558935500661928,5.398632247483423
3,lightgbm_recursive,3,100045,CLEANING,0.6578225122005021,2.279317091035017,9.187194782438262
3,lightgbm_recursive,3,100046,CLEANING,1.3077501089728858,0.00024656252170753847,2.3451013168385675
3,lightgbm_recursive,3,100047,DAIRY,0.6290573479346356,-0.8248021158337131,4.458521573636081
3,lightgbm_recursive,3,100048,DAIRY,1.5051582728427089,0.397773685380729,2.8944587453173285
3,lightgbm_recursive,3,100049,DAIRY,0.960521755932733,-0.3075986268848186,2.764343103088556
3,lightgbm_recursive,3,100050,DAIRY,0.9584843878243906,1.066802280501085,7.767414950413791
3,lightgbm_recursive,3,100051,DAIRY,1.0510407581753147,0.639600347749657,3.236177599235908
3,lightgbm_recursive,3,100052,DAIRY,0.4292069929263193,-1.691864808896989,9.319299618079722
3,lightgbm_recursive,3,100053,BREAD/BAKERY,1.8365688936409472,0.7560399839761633,1.9847759392117839
3,lightgbm_recursive,3,100054,BREAD/BAKERY,1.5172716378494562,3.7145002774706986,6.800251047058861
3,lightgbm_recursive,3,100055,BREAD/BAKERY,1.0279008497704167,0.05238993886114383,3.9544976463573995
3,lightgbm_recursive,3,100056,BREAD/BAKERY,0.600354539187079,-0.865467114845639,4.734111467210213
3,lightgbm_recursive,3,100057,BREAD/BAKERY,1.077628364585159,-0.22218885636603505,2.225477389844993
3,lightgbm_recursive,3,100058,DELI,0.831047589274637,-0.40493139850300464,2.18479278175775
3,lightgbm_recursive,3,100059,DELI,1.2279388283338133,-0.08392667809675597,3.109431497363238
3,lightgbm_recursive,3,100060,EGGS,1.0369609477892092,-0.3457708319511273,1.8833230811263748
3,lightgbm_recursive,4,100001,GROCERY I,0.9578533748163864,-0.9202814165762513,5.959268207995699
3,lightgbm_recursive,4,100002,GROCERY I,0.7342717298534054,10.18967097650331,55.11818071498589
3,lightgbm_recursive,4,100003,GROCERY I,0.7248510847121438,-1.4726436087368018,14.023941137380763
3,lightgbm_recursive,4,100004,GROCERY I,0.6697886030544906,2.6590060794543224,20.640734672744607
3,lightgbm_recursive,4,100005,GROCERY I,0.7923403134551169,-3.348644427013299,8.472076871504422
3,lightgbm_recursive,4,100006,GROCERY I,1.272793187608501,1.9580301738321984,9.342089052918887
3,lightgbm_recursive,4,100007,GROCERY I,1.2682076283774555,1.215443394237721,4.5927498011154295
3,lightgbm_recursive,4,100008,GROCERY I,1.5664728001660828,-0.19013968745894774,3.198073314713281
3,lightgbm_recursive,4,100009,GROCERY I,0.8900594933467674,-1.5075362983497944,3.975360099464351
3,lightgbm_recursive,4,100010,GROCERY I,1.1567877809552645,-0.7901941779043163,3.7740209465530072
3,lightgbm_recursive,4,100011,GROCERY I,1.2797159270893652,-0.32067547697375137,2.5709528695690174
3,lightgbm_recursive,4,100012,GROCERY I,1.0201767081998678,-1.9030234267904436,6.270623169636048
3,lightgbm_recursive,4,100013,GROCERY I,0.781374537759944,5.868953089440117,28.273315781510288
3,lightgbm_recursive,4,100014,GROCERY I,1.0101543294349589,1.5150738149624385,10.229883084168247
3,lightgbm_recursive,4,100015,GROCERY I,0.6414516020443387,-0.7137300651217596,33.808429128852126
3,lightgbm_recursive,4,100016,GROCERY I,0.8893107854722582,2.642637209701753,12.821831438559117
3,lightgbm_recursive,4,100017,GROCERY I,0.60078768392019,-2.4887847678815693,19.695148319238353
3,lightgbm_recursive,4,100018,GROCERY I,1.054405453551286,-1.6081318940848908,8.374299735884042
3,lightgbm_recursive,4,100019,GROCERY I,0.9920923210644964,3.1065568588010564,17.218273906171014
3,lightgbm_recursive,4,100020,BEVERAGES,0.46204418564039473,-4.0727526775416765,13.146505365286448
3,lightgbm_recursive,4,100021,BEVERAGES,2.2165859642780252,2.96939636972148,4.269468921376596
3,lightgbm_recursive,4,100022,BEVERAGES,0.9334359068212741,2.4418154138501316,12.01967873266634
3,lightgbm_recursive,4,100023,BEVERAGES,0.5465929559056776,-2.0247604838786377,13.529149898473529
3,lightgbm_recursive,4,100024,BEVERAGES,1.1435615038206233,-0.9638379780457619,7.998296874642932
3,lightgbm_recursive,4,100025,BEVERAGES,1.250801500498591,0.2799065692811679,4.193177251137334
3,lightgbm_recursive,4,100026,BEVERAGES,4.279907200888012,2.2045917913269255,1.9814967493972577
3,lightgbm_recursive,4,100027,BEVERAGES,2.1333070455460303,4.810787208968907,8.963527515453299
3,lightgbm_recursive,4,100028,BEVERAGES,0.7895320108831301,-4.925165978822142,16.461641471822208
3,lightgbm_recursive,4,100029,BEVERAGES,1.414601271461247,0.24972855727367507,7.31843222922803
3,lightgbm_recursive,4,100030,BEVERAGES,1.1076304173141254,1.2896935143208164,9.303537804119316
3,lightgbm_recursive,4,100031,BEVERAGES,0.5799382480736254,-4.8202017212252155,15.132599569715413
3,lightgbm_recursive,4,100032,BEVERAGES,0.6596302394715463,-0.42309797846582126,16.737370125573406
3,lightgbm_recursive,4,100033,PRODUCE,0.4727808631182039,-8.019474729114005,17.356492650620616
3,lightgbm_recursive,4,100034,PRODUCE,0.44474710685768504,-7.158278769722202,15.38641387867364
3,lightgbm_recursive,4,100035,PRODUCE,0.7710906810517777,-0.6286305795163619,2.5218339603678808
3,lightgbm_recursive,4,100036,PRODUCE,0.31867864035677457,-4.280070729355388,13.848905523366678
3,lightgbm_recursive,4,100037,PRODUCE,0.862504537910808,-2.8548793384167253,6.271208200201754
3,lightgbm_recursive,4,100038,PRODUCE,0.7095829810177968,2.452946776130335,13.292910327288478
3,lightgbm_recursive,4,100039,PRODUCE,0.7155822574337655,-2.9301827848319824,8.501022579373432
3,lightgbm_recursive,4,100040,PRODUCE,0.836253328731585,-1.5358476574442343,5.28522333444363
3,lightgbm_recursive,4,100041,CLEANING,1.0764607815242788,-0.3586937372994118,1.5956583349593096
3,lightgbm_recursive,4,100042,CLEANING,1.5781322854435664,1.430797940074022,4.310978912128249
3,lightgbm_recursive,4,100043,CLEANING,1.332690921994425,-0.10817137598429687,1.84821420369054
3,lightgbm_recursive,4,100044,CLEANING,0.7847902622108055,-0.03896482632287205,12.149299643193482
3,lightgbm_recursive,4,100045,CLEANING,0.5089125877660058,-3.4274171456556037,17.51619461684943
3,lightgbm_recursive,4,100046,CLEANING,1.39928060806356,0.24832897690901803,3.493234629678817
3,lightgbm_recursive,4,100047,DAIRY,1.0890231261609402,1.4796443617266186,6.48070924093109
3,lightgbm_recursive,4,100048,DAIRY,1.7831592845004962,0.9540506086784128,2.896238759060353
3,lightgbm_recursive,4,100049,DAIRY,1.1817499202715467,-0.47710206667970767,4.360537428765378
3,lightgbm_recursive,4,100050,DAIRY,0.7062896210532245,1.181756365887765,8.457838680906951
3,lightgbm_recursive,4,100051,DAIRY,1.197085710437498,-1.0111054282090446,8.904803971868835
3,lightgbm_recursive,4,100052,DAIRY,0.5750757022656925,-1.1266936140408466,16.86953376035327
3,lightgbm_recursive,4,100053,BREAD/BAKERY,1.2294900078030278,-0.3246709320046251,4.18754416051269
3,lightgbm_recursive,4,100054,BREAD/BAKERY,0.5631602627765839,-0.7317566654551,9.559860592012535
3,lightgbm_recursive,4,100055,BREAD/BAKERY,0.9430927970747826,-1.3911606594604018,7.218894070165119
3,lightgbm_recursive,4,100056,BREAD/BAKERY,1.0032947601398028,1.0724884106369788,7.850219898483087
3,lightgbm_recursive,4,100057,BREAD/BAKERY,1.4582452992215704,0.42268796584365365,3.089477725174744
3,lightgbm_recursive,4,100058,DELI,3.1506256958939316,1.8228331402248599,1.9752476721706238
3,lightgbm_recursive,4,100059,DELI,1.066653829619405,-0.244037278382868,3.177954463056124
3,lightgbm_recursive,4,100060,EGGS,0.755822223225346,-1.6385235743989386,2.2006924734977975
3,lightgbm_recursive,5,100001,GROCERY I,1.3912019420995814,0.3245030283523537,6.602612569317446
3,lightgbm_recursive,5,100002,GROCERY I,0.48306046033908884,-15.484387027641446,53.133234816722904
3,lightgbm_recursive,5,100003,GROCERY I,0.8536658601993935,0.6029589625698986,12.096626137429858
3,lightgbm_recursive,5,100004,GROCERY I,0.40004068089422473,-1.0299522832635042,15.685480933041392
3,lightgbm_recursive,5,100005,GROCERY I,1.2548181971859722,-0.0790392394353443,8.383883021431725
3,lightgbm_recursive,5,100006,GROCERY I,0.9686391218501038,0.5309689581022986,8.149703534551723
3,lightgbm_recursive,5,100007,GROCERY I,0.9637887826346256,-1.2135493964353161,6.971613815076333
3,lightgbm_recursive,5,100008,GROCERY I,1.2567106973682363,0.01068037827074635,1.2906668099090826
3,lightgbm_recursive,5,100009,GROCERY I,1.7595298045457826,0.8701940225463162,3.1350185439143434
3,lightgbm_recursive,5,100010,GROCERY I,1.203587685214281,-0.6044501545250678,3.390865599466776
3,lightgbm_recursive,5,100011,GROCERY I,1.4328937176111487,-0.15466048315036923,2.430997494685476
3,lightgbm_recursive,5,100012,GROCERY I,1.2185746085455933,0.16526294782185208,4.470888892981231
3,lightgbm_recursive,5,100013,GROCERY I,0.3784976932701846,-5.150209176463974,21.794282733238266
3,lightgbm_recursive,5,100014,GROCERY I,0.7329684218313495,-5.207980202784887,13.399015237904619
3,lightgbm_recursive,5,100015,GROCERY I,0.375909529231591,-7.382636740047965,26.20491984526733
3,lightgbm_recursive,5,100016,GROCERY I,0.7332908436107687,1.1561337799942826,12.108257032580802
3,lightgbm_recursive,5,100017,GROCERY I,0.5750737873319431,2.438243366913999,17.819511583789478
3,lightgbm_recursive,5,100018,GROCERY I,0.9956135498206238,-1.245754895563703,6.256385148716655
3,lightgbm_recursive,5,100019,GROCERY I,0.8024428513554216,-3.878156853359053,18.66544246607892
3,lightgbm_recursive,5,100020,BEVERAGES,0.6224254664654214,-2.9076965984086716,18.842149130149437
3,lightgbm_recursive,5,100021,BEVERAGES,0.95032691937831,0.030469373536185056,6.446848720327275
3,lightgbm_recursive,5,100022,BEVERAGES,1.2094404326109296,6.8437565912069624,11.56654393328727
3,lightgbm_recursive,5,100023,BEVERAGES,0.9252424844355213,0.690646625515299,16.905978450569112
3,lightgbm_recursive,5,100024,BEVERAGES,1.4148470216300084,0.8103978635198096,6.526480116435216
3,lightgbm_recursive,5,100025,BEVERAGES,1.124128544318627,-0.8126292978986703,5.744387997519412
3,lightgbm_recursive,5,100026,BEVERAGES,1.7526314016647537,0.4802159321918379,5.230761792329686
3,lightgbm_recursive,5,100027,BEVERAGES,0.8650960903235988,-2.5726250378029314,10.944672636434017
3,lightgbm_recursive,5,100028,BEVERAGES,0.8075395242979129,-2.208816053404519,13.224584613580692
3,lightgbm_recursive,5,100029,BEVERAGES,3.29259882844473,2.822426605323199,2.2629470925446027
3,lightgbm_recursive,5,100030,BEVERAGES,0.7741319084147449,-2.795389588624477,12.94051763674405
3,lightgbm_recursive,5,100031,BEVERAGES,0.5585501988906791,1.2901159244287688,10.642569789882916
3,lightgbm_recursive,5,100032,BEVERAGES,1.3648731182021003,7.899502093524772,14.626225125026924
3,lightgbm_recursive,5,100033,PRODUCE,1.023249192478169,10.570033183382199,14.198151594370122
3,lightgbm_recursive,5,100034,PRODUCE,0.4393226143900356,1.7419328819355937,11.902446753157024
3,lightgbm_recursive,5,100035,PRODUCE,1.365206591512214,-0.3276993384421327,4.5837811849020405
3,lightgbm_recursive,5,100036,PRODUCE,0.48780805438100705,-3.0650645220404877,18.17913426238151
3,lightgbm_recursive,5,100037,PRODUCE,1.4883089058465748,0.54802317579247,4.534123897379501
3,lightgbm_recursive,5,100038,PRODUCE,0.49718552796770693,-1.0962162388007752,11.174430397082794
3,lightgbm_recursive,5,100039,PRODUCE,0.8159451936193721,-3.8327828923776646,8.314843788545002
3,lightgbm_recursive,5,100040,PRODUCE,1.4179880048728817,0.7382558293678351,4.91166237290761
3,lightgbm_recursive,5,100041,CLEANING,1.9563987713180493,0.2906973933346279,1.2659644043710214
3,lightgbm_recursive,5,100042,CLEANING,1.0294273449040203,0.7049144500283496,4.012912059690368
3,lightgbm_recursive,5,100043,CLEANING,1.8348405949553657,0.14821139975419267,2.2051596518390886
3,lightgbm_recursive,5,100044,CLEANING,0.6156708851875398,-6.066272028929905,13.574547538061495
3,lightgbm_recursive,5,100045,CLEANING,0.3545867274350488,-0.022987292402698263,9.53944630887173
3,lightgbm_recursive,5,100046,CLEANING,1.2412941135570703,0.5674835107531836,2.69378353947007
3,lightgbm_recursive,5,100047,DAIRY,0.7105086993039577,-0.5115993757912596,6.503761836509059
3,lightgbm_recursive,5,100048,DAIRY,1.1749760803718066,-0.404132424675738,5.328019734920313
3,lightgbm_recursive,5,100049,DAIRY,1.034367810415957,-1.6026695595345033,6.034541488775516
3,lightgbm_recursive,5,100050,DAIRY,0.7919340860992595,-2.4864633462705643,14.632707167999909
3,lightgbm_recursive,5,100051,DAIRY,0.9197144554678272,-2.202893035043149,6.253785385531561
3,lightgbm_recursive,5,100052,DAIRY,1.0242509553296508,11.80871007677399,11.983438418061187
3,lightgbm_recursive,5,100053,BREAD/BAKERY,1.1832610838807576,-0.7803479063694908,5.914187567950222
3,lightgbm_recursive,5,100054,BREAD/BAKERY,0.3711244061200755,-0.9152826969992507,5.349498317155342
3,lightgbm_recursive,5,100055,BREAD/BAKERY,0.875172783797373,-0.5116109956586009,5.004578173517695
3,lightgbm_recursive,5,100056,BREAD/BAKERY,0.990034072838249,1.469028092974653,8.277720941093722
3,lightgbm_recursive,5,100057,BREAD/BAKERY,0.8545853074916798,-0.2877350025299773,2.442558535436918
3,lightgbm_recursive,5,100058,DELI,0.9429716741802533,-0.4081831920797193,3.2720546111731954
3,lightgbm_recursive,5,100059,DELI,1.815087764553645,1.2587691674389594,2.0179311860645663
3,lightgbm_recursive,5,100060,EGGS,1.1309017231723484,-0.48523465165667573,2.8162322708387935
3,lightgbm_recursive,6,100001,GROCERY I,1.0504969086556653,-0.3275100844619283,3.0234259568113218
3,lightgbm_recursive,6,100002,GROCERY I,0.5582007324221812,-6.2202656038301125,24.003735553206596
3,lightgbm_recursive,6,100003,GROCERY I,0.8470956093360603,1.8951882110037972,5.709349276532462
3,lightgbm_recursive,6,100004,GROCERY I,0.6189472411073155,-0.4387175576891457,9.969213484637034
3,lightgbm_recursive,6,100005,GROCERY I,0.8278021539048406,-1.7192315241195293,5.006662940230688
3,lightgbm_recursive,6,100006,GROCERY I,2.005725085273466,2.1806648570094462,3.9243025091481343
3,lightgbm_recursive,6,100007,GROCERY I,1.3016917765171812,0.35983706005889393,3.0139243058277136
3,lightgbm_recursive,6,100008,GROCERY I,1.6376893467590214,0.11717954784247606,0.6193146972540204
3,lightgbm_recursive,6,100009,GROCERY I,1.0692042632517604,-0.7375246452063776,3.2398287566153474
3,lightgbm_recursive,6,100010,GROCERY I,1.1412182910998685,-0.4036264722093263,1.9616205148323118
3,lightgbm_recursive,6,100011,GROCERY I,0.9880824705348209,-0.30379562671359384,1.1343078900250096
3,lightgbm_recursive,6,100012,GROCERY I,3.428344753639508,1.1304825724690313,1.71875402532156
3,lightgbm_recursive,6,100013,GROCERY I,0.6949844407233979,0.7393032605623279,14.169977848293493
3,lightgbm_recursive,6,100014,GROCERY I,1.895098653980143,2.0522321148060576,5.273180296344335
3,lightgbm_recursive,6,100015,GROCERY I,0.4655383075082271,-4.9444888801300895,14.07756974403893
3,lightgbm_recursive,6,100016,GROCERY I,0.8475046094554229,1.1340263181607682,7.240178994802303
3,lightgbm_recursive,6,100017,GROCERY I,0.7397154429737173,1.1239842095792867,10.503808049441012
3,lightgbm_recursive,6,100018,GROCERY I,1.2604378724167933,0.30363484781759087,2.552249366700146
3,lightgbm_recursive,6,100019,GROCERY I,1.1205898982114455,2.094372076962232,8.319031735793946
3,lightgbm_recursive,6,100020,BEVERAGES,0.6873266910981964,0.8075856484143532,7.197813998205999
3,lightgbm_recursive,6,100021,BEVERAGES,1.0276490194235697,0.37274091592029873,2.6961559566512214
3,lightgbm_recursive,6,100022,BEVERAGES,0.5277328934140556,-1.5493978589258808,5.098092573901074
3,lightgbm_recursive,6,100023,BEVERAGES,0.8504689313504716,0.8258232720165087,7.519487694180061
3,lightgbm_recursive,6,100024,BEVERAGES,1.8128161780833143,1.0359187944446653,2.313401258096158
3,lightgbm_recursive,6,100025,BEVERAGES,2.133839981722293,0.906808611908621,1.1035892171288777
3,lightgbm_recursive,6,100026,BEVERAGES,2.1025674296950516,0.7241019730519123,1.424994978143623
3,lightgbm_recursive,6,100027,BEVERAGES,1.2457643131232081,0.4499099028951659,7.462166184459736
3,lightgbm_recursive,6,100028,BEVERAGES,1.032075058045213,-0.4228629671484452,8.196816873251436
3,lightgbm_recursive,6,100029,BEVERAGES,1.2827476385262393,-0.4270966158425302,3.873207196396895
3,lightgbm_recursive,6,100030,BEVERAGES,0.7182832659676129,-1.3056997545941205,5.070440552758491
3,lightgbm_recursive,6,100031,BEVERAGES,0.7609801292122995,-0.7870183813685642,8.80874902982363
3,lightgbm_recursive,6,100032,BEVERAGES,0.6622612605276703,-1.0489430734101548,6.07668331094046
3,lightgbm_recursive,6,100033,PRODUCE,0.9303147249232986,3.262381182799217,10.478258202472395
3,lightgbm_recursive,6,100034,PRODUCE,0.3526105677689136,-1.8386633603142128,5.563203361185522
3,lightgbm_recursive,6,100035,PRODUCE,1.0649814963077253,-0.3633215577715053,1.8095802292426444
3,lightgbm_recursive,6,100036,PRODUCE,2.37286536768529,9.605963555268296,6.300766459023096
3,lightgbm_recursive,6,100037,PRODUCE,0.9679732971841003,-0.3467102019661673,1.965545768166196
3,lightgbm_recursive,6,100038,PRODUCE,0.851727496064315,-0.09492524472017744,8.313647553011537
3,lightgbm_recursive,6,100039,PRODUCE,0.9351052703439552,-0.6913792864702764,4.2054640874345335
3,lightgbm_recursive,6,100040,PRODUCE,1.387651665088279,0.1503857575390839,2.814510603414277
3,lightgbm_recursive,6,100041,CLEANING,1.2022679130802576,-0.2984311800504827,1.173021482022045
3,lightgbm_recursive,6,100042,CLEANING,0.8472054977644934,-0.6448450903174916,2.442914787457705
3,lightgbm_recursive,6,100043,CLEANING,1.7282076838442348,0.10636901940633645,1.0385888738472147
3,lightgbm_recursive,6,100044,CLEANING,1.1844620220289601,2.0160948184873604,6.350009105724859
3,lightgbm_recursive,6,100045,CLEANING,0.792197529847059,2.722385512629315,6.7098821071226045
3,lightgbm_recursive,6,100046,CLEANING,1.0437945604536536,-0.44704365004277924,2.2027503060976295
3,lightgbm_recursive,6,100047,DAIRY,0.8329699870511561,0.7734029789476043,3.016225896431087
3,lightgbm_recursive,6,100048,DAIRY,2.3284590547065527,0.6557012838905633,1.2243174070611071
3,lightgbm_recursive,6,100049,DAIRY,2.5236940857762558,0.7497589423969142,1.2718028199720126
3,lightgbm_recursive,6,100050,DAIRY,0.7150595366162453,-2.793574555710347,7.370186279278938
3,lightgbm_recursive,6,100051,DAIRY,2.683309028418541,1.4372542078648587,2.0607708644599545
3,lightgbm_recursive,6,100052,DAIRY,0.4584208377227223,-3.472869910098427,8.925791246100518
3,lightgbm_recursive,6,100053,BREAD/BAKERY,1.1756980785151885,0.09169301443905817,1.8228176185832616
3,lightgbm_recursive,6,100054,BREAD/BAKERY,0.9197508629313557,1.791584982482655,3.292299060209303
3,lightgbm_recursive,6,100055,BREAD/BAKERY,2.6041587831868975,1.3598356059423267,1.2909930881449296
3,lightgbm_recursive,6,100056,BREAD/BAKERY,0.8471517146679024,-0.09313103692354788,5.600375813719688
3,lightgbm_recursive,6,100057,BREAD/BAKERY,1.2964792828165417,0.13609571928607198,1.759474934412089
3,lightgbm_recursive,6,100058,DELI,1.3172073167750413,0.27556553512284554,1.4099470988083205
3,lightgbm_recursive,6,100059,DELI,1.2422621648466234,0.054513764992156856,1.6091130614353777
3,lightgbm_recursive,6,100060,EGGS,1.0988220145087042,-0.34767626807574387,1.4704919144567146
4,seasonal_naive,1,100001,GROCERY I,1.565217391304348,0.5333333333333333,6.8333914050958695
4,seasonal_naive,1,100002,GROCERY I,0.9499263622974963,3.8,51.0184840453508
4,seasonal_naive,1,100003,GROCERY I,1.0733333333333333,1.6666666666666667,14.435406207687832
4,seasonal_naive,1,100004,GROCERY I,0.6991869918699187,8.933333333333334,13.269011518069712
4,seasonal_naive,1,100005,GROCERY I,1.4634146341463414,3.2,9.298233319138795
4,seasonal_naive,1,100006,GROCERY I,1.8020833333333333,4.733333333333333,12.674308471790296
4,seasonal_naive,1,100007,GROCERY I,1.15625,-2.2666666666666666,6.808258290662962
4,seasonal_naive,1,100008,GROCERY I,1.3529411764705883,-0.3333333333333333,2.5260547066428276
4,seasonal_naive,1,100009,GROCERY I,1.3673469387755102,-1.0,5.631543812693436
4,seasonal_naive,1,100010,GROCERY I,1.6538461538461537,-0.2,3.9496835316262997
4,seasonal_naive,1,100011,GROCERY I,1.4,0.2,1.0141851056742197
4,seasonal_naive,1,100012,GROCERY I,2.116279069767442,2.6,7.835815209663893
4,seasonal_naive,1,100013,GROCERY I,0.727710843373494,-7.6,25.89208373229161
4,seasonal_naive,1,100014,GROCERY I,2.9705882352941178,5.8,8.152125051613403
4,seasonal_naive,1,100015,GROCERY I,0.5717391304347826,-5.4,23.50926868887491
4,seasonal_naive,1,100016,GROCERY I,0.7346938775510204,2.1333333333333333,11.885565475258915
4,seasonal_naive,1,100017,GROCERY I,1.0446428571428572,9.866666666666667,18.082614644485247
4,seasonal_naive,1,100018,GROCERY I,0.9047619047619048,-3.2666666666666666,4.495500395898526
4,seasonal_naive,1,100019,GROCERY I,1.139344262295082,1.5333333333333334,12.799925595021842
4,seasonal_naive,1,100020,BEVERAGES,0.9828326180257511,-8.866666666666667,16.212282234099405
4,seasonal_naive,1,100021,BEVERAGES,1.2388059701492538,-3.4,7.433514838697968
4,seasonal_naive,1,100022,BEVERAGES,1.5420560747663552,8.066666666666666,15.854096661506166
4,seasonal_naive,1,100023,BEVERAGES,1.0704845814977975,-7.133333333333334,20.84934622704602
4,seasonal_naive,1,100024,BEVERAGES,2.0,2.4,6.566146945834042
4,seasonal_naive,1,100025,BEVERAGES,1.4137931034482758,1.4,4.08481508586549
4,seasonal_naive,1,100026,BEVERAGES,1.105263157894737,-1.1333333333333333,2.1668498091095505
4,seasonal_naive,1,100027,BEVERAGES,2.0,5.066666666666666,9.44507934373893
4,seasonal_naive,1,100028,BEVERAGES,3.4390243902439024,5.666666666666667,13.525989093311473
4,seasonal_naive,1,100029,BEVERAGES,1.32,-2.2666666666666666,6.284523696767966
4,seasonal_naive,1,100030,BEVERAGES,0.8645833333333334,-2.2,8.50378067181214
4,seasonal_naive,1,100031,BEVERAGES,1.1647058823529413,-1.0666666666666667,17.64518010541068
4,seasonal_naive,1,100032,BEVERAGES,0.9428571428571428,2.8,11.428035701729321
4,seasonal_naive,1,100033,PRODUCE,1.1721207198770094,12.814466666666668,19.244247878509665
4,seasonal_naive,1,100034,PRODUCE,1.244131455399061,7.133333333333334,20.187926613507912
4,seasonal_naive,1,100035,PRODUCE,1.0,-1.4266,2.4920334152769987
4,seasonal_naive,1,100036,PRODUCE,0.6062110604137076,-3.9113999999999995,11.920234847878268
4,seasonal_naive,1,100037,PRODUCE,1.1222954545454547,-1.0422,4.171713474615163
4,seasonal_naive,1,100038,PRODUCE,0.5611340511706017,-4.466466666666666,10.820052045469406
4,seasonal_naive,1,100039,PRODUCE,1.2683123155352831,3.7458,6.157583619291859
4,seasonal_naive,1,100040,PRODUCE,2.764705882352941,1.8,5.017113569716015
4,seasonal_naive,1,100041,CLEANING,1.5454545454545454,-0.06666666666666667,2.016597794967223
4,seasonal_naive,1,100042,CLEANING,1.0,-0.2,3.8766701469910263
4,seasonal_naive,1,100043,CLEANING,1.7692307692307692,0.2,2.336052836975837
4,seasonal_naive,1,100044,CLEANING,0.5287356321839081,-1.7333333333333334,8.267549876014112
4,seasonal_naive,1,100045,CLEANING,1.654054054054054,1.8666666666666667,23.427293809531122
4,seasonal_naive,1,100046,CLEANING,2.739130434782609,1.8,7.232861516321582
4,seasonal_naive,1,100047,DAIRY,1.1593242318360288,0.8318666666666668,5.955477201302855
4,seasonal_naive,1,100048,DAIRY,1.2424242424242424,-1.6666666666666667,3.7922226175361042
4,seasonal_naive,1,100049,DAIRY,1.0,-0.8666666666666667,1.3557637102737474
4,seasonal_naive,1,100050,DAIRY,0.7069650030024078,-4.145,9.163741297713974
4,seasonal_naive,1,100051,DAIRY,0.8895853658536585,1.6315333333333333,3.157109072432895
4,seasonal_naive,1,100052,DAIRY,0.4968817579351239,-4.447733333333333,13.24481588863392
4,seasonal_naive,1,100053,BREAD/BAKERY,0.9737910478441854,-0.8125333333333333,3.16878489254763
4,seasonal_naive,1,100054,BREAD/BAKERY,1.1219610680216026,2.2415999999999996,10.941184911020509
4,seasonal_naive,1,100055,BREAD/BAKERY,1.482850586119209,-0.7117333333333333,4.480378196196431
4,seasonal_naive,1,100056,BREAD/BAKERY,1.0512820512820513,0.0,7.819389819088006
4,seasonal_naive,1,100057,BREAD/BAKERY,1.625,0.6,3.6213651727333045
4,seasonal_naive,1,100058,DELI,3.125,1.7333333333333334,4.267261863247182
4,seasonal_naive,1,100059,DELI,1.470852236694473,0.7435333333333335,3.2234332377288717
4,seasonal_naive,1,100060,EGGS,2.117530915514912,0.2918,2.8140580814393803
4,seasonal_naive,2,100001,GROCERY I,1.5625,0.13333333333333333,5.097151398668906
4,seasonal_naive,2,100002,GROCERY I,1.1021671826625388,44.4,48.023506149146826
4,seasonal_naive,2,100003,GROCERY I,1.1420765027322404,-7.666666666666667,15.13589237855628
4,seasonal_naive,2,100004,GROCERY I,1.8080808080808082,19.333333333333332,20.38089675114793
4,seasonal_naive,2,100005,GROCERY I,1.131578947368421,-0.9333333333333333,7.950441736754242
4,seasonal_naive,2,100006,GROCERY I,0.9150943396226415,-5.266666666666667,7.176018261908069
4,seasonal_naive,2,100007,GROCERY I,1.1355932203389831,-1.2666666666666666,6.766162308203401
4,seasonal_naive,2,100008,GROCERY I,3.0,0.13333333333333333,0.9154754164341268
4,seasonal_naive,2,100009,GROCERY I,0.7058823529411765,-0.8,2.6240644591385873
4,seasonal_naive,2,100010,GROCERY I,1.054054054054054,-1.1333333333333333,3.5429339469401553
4,seasonal_naive,2,100011,GROCERY I,1.6,-0.13333333333333333,3.8334368516043273
4,seasonal_naive,2,100012,GROCERY I,3.1666666666666665,0.9333333333333333,5.257194616722424
4,seasonal_naive,2,100013,GROCERY I,0.9222797927461139,0.0,30.456057337932442
4,seasonal_naive,2,100014,GROCERY I,0.6481481481481481,-4.666666666666667,5.354126134736337
4,seasonal_naive,2,100015,GROCERY I,0.6367816091954023,-5.8,24.666924065581078
4,seasonal_naive,2,100016,GROCERY I,1.206896551724138,-3.8,17.813317650406553
4,seasonal_naive,2,100017,GROCERY I,1.0251256281407035,8.533333333333333,16.238695701787076
4,seasonal_naive,2,100018,GROCERY I,1.6511627906976745,-0.4666666666666667,6.7174258108154445
4,seasonal_naive,2,100019,GROCERY I,1.2513089005235603,-0.2,20.56765838467207
4,seasonal_naive,2,100020,BEVERAGES,0.8700564971751412,-4.666666666666667,12.338480264525904
4,seasonal_naive,2,100021,BEVERAGES,1.1951219512195121,-1.6,8.364892621631707
4,seasonal_naive,2,100022,BEVERAGES,1.0588235294117647,2.8,15.630556154989678
4,seasonal_naive,2,100023,BEVERAGES,1.2179487179487178,0.4,16.039237602116344
4,seasonal_naive,2,100024,BEVERAGES,1.0972222222222223,-2.6,7.5099933422074345
4,seasonal_naive,2,100025,BEVERAGES,1.4285714285714286,-1.0666666666666667,4.250490167812022
4,seasonal_naive,2,100026,BEVERAGES,2.090909090909091,0.06666666666666667,2.8652266593628872
4,seasonal_naive,2,100027,BEVERAGES,4.0212765957446805,9.8,15.147842845010732
4,seasonal_naive,2,100028,BEVERAGES,1.0,-4.2,12.462515224234862
4,seasonal_naive,2,100029,BEVERAGES,1.5555555555555556,-0.5333333333333333,3.3352375513311676
4,seasonal_naive,2,100030,BEVERAGES,1.6082474226804124,2.933333333333333,12.71931414742762
4,seasonal_naive,2,100031,BEVERAGES,0.8807947019867549,-5.0,11.904380946285519
4,seasonal_naive,2,100032,BEVERAGES,2.288659793814433,13.2,13.56571308219997
4,seasonal_naive,2,100033,PRODUCE,1.4209454545454547,9.897066666666667,16.515760955033514
4,seasonal_naive,2,100034,PRODUCE,1.0213903743315509,-3.8,15.05323885414697
4,seasonal_naive,2,100035,PRODUCE,1.7393241737838843,0.17573333333333332,1.8270358299194693
4,seasonal_naive,2,100036,PRODUCE,0.922739416316622,3.805266666666667,19.41089794223362
4,seasonal_naive,2,100037,PRODUCE,1.434782608695652,-0.8666666666666667,3.5227154028566945
4,seasonal_naive,2,100038,PRODUCE,1.8620603257203432,8.481733333333333,17.16100209972211
4,seasonal_naive,2,100039,PRODUCE,0.8610001042499218,-1.0369333333333335,5.39869332691673
4,seasonal_naive,2,100040,PRODUCE,2.5652173913043477,0.8666666666666667,5.553205852306867
4,seasonal_naive,2,100041,CLEANING,1.2857142857142858,-0.3333333333333333,0.8997354108424372
4,seasonal_naive,2,100042,CLEANING,1.2,-1.0666666666666667,6.463818715043947
4,seasonal_naive,2,100043,CLEANING,2.25,1.0,2.3603873774083293
4,seasonal_naive,2,100044,CLEANING,0.9515151515151515,-6.6,12.30447073221762
4,seasonal_naive,2,100045,CLEANING,0.6784313725490196,-10.866666666666667,9.046441026066287
4,seasonal_naive,2,100046,CLEANING,2.0,1.3333333333333333,3.677473252630061
4,seasonal_naive,2,100047,DAIRY,0.8951589317324713,-0.7578666666666666,5.618889924260162
4,seasonal_naive,2,100048,DAIRY,2.263157894736842,1.4,4.102264183176338
4,seasonal_naive,2,100049,DAIRY,1.4357028884040508,1.5940666666666665,3.293837893197944
4,seasonal_naive,2,100050,DAIRY,1.108837614279495,-1.8837333333333333,10.235021951729316
4,seasonal_naive,2,100051,DAIRY,1.0444036588614902,-1.9041333333333332,6.829172318252113
4,seasonal_naive,2,100052,DAIRY,1.17626872166618,3.897266666666667,18.123154820231917
4,seasonal_naive,2,100053,BREAD/BAKERY,2.2398808300801316,1.2446666666666666,3.3346714909239488
4,seasonal_naive,2,100054,BREAD/BAKERY,1.0798920569541597,1.2169333333333334,10.1372179155164
4,seasonal_naive,2,100055,BREAD/BAKERY,0.9862452516324453,0.7615333333333333,3.723898051133798
4,seasonal_naive,2,100056,BREAD/BAKERY,1.2870550879609635,1.3558,8.905799885467896
4,seasonal_naive,2,100057,BREAD/BAKERY,1.3685447090800202,0.06913333333333332,3.037444011633716
4,seasonal_naive,2,100058,DELI,1.0,-2.503533333333333,2.0923435550551805
4,seasonal_naive,2,100059,DELI,2.1666666666666665,1.8666666666666667,3.833436851604327
4,seasonal_naive,2,100060,EGGS,1.7272727272727273,-0.4,3.1350552512789034
4,seasonal_naive,3,100001,GROCERY I,1.7741935483870968,0.06666666666666667,5.105552532945545
4,seasonal_naive,3,100002,GROCERY I,1.0949640287769784,-24.866666666666667,57.69236971913638
4,seasonal_naive,3,100003,GROCERY I,1.3053435114503817,-1.6666666666666667,15.832456116050558
4,seasonal_naive,3,100004,GROCERY I,1.141263940520446,1.1333333333333333,25.561876374975363
4,seasonal_naive,3,100005,GROCERY I,1.558139534883721,0.6,6.310988149931152
4,seasonal_naive,3,100006,GROCERY I,3.5,5.133333333333334,11.331792612359433
4,seasonal_naive,3,100007,GROCERY I,1.4912280701754386,-1.1333333333333333,8.296872617926303
4,seasonal_naive,3,100008,GROCERY I,1.9090909090909092,0.06666666666666667,2.051712409068047
4,seasonal_naive,3,100009,GROCERY I,1.434782608695652,0.2,3.4267852490135913
4,seasonal_naive,3,100010,GROCERY I,2.6,0.2,1.740279123753264
4,seasonal_naive,3,100011,GROCERY I,0.8333333333333334,-0.4,1.2421180068162376
4,seasonal_naive,3,100012,GROCERY I,5.0588235294117645,5.733333333333333,4.495500395898526
4,seasonal_naive,3,100013,GROCERY I,0.8907103825136612,-2.0,28.85926441989024
4,seasonal_naive,3,100014,GROCERY I,1.055944055944056,3.933333333333333,13.333452380420923
4,seasonal_naive,3,100015,GROCERY I,0.7291666666666666,-1.4,21.29319140006965
4,seasonal_naive,3,100016,GROCERY I,0.9659090909090909,-6.4,11.063453348751464
4,seasonal_naive,3,100017,GROCERY I,0.8187702265372169,1.8,22.53315018240586
4,seasonal_naive,3,100018,GROCERY I,1.7118644067796611,6.066666666666666,5.351457300408482
4,seasonal_naive,3,100019,GROCERY I,1.2758620689655173,-0.3333333333333333,18.08577446766486
4,seasonal_naive,3,100020,BEVERAGES,3.982142857142857,13.4,14.519937032527775
4,seasonal_naive,3,100021,BEVERAGES,0.8769230769230769,-1.8,5.0737419271044075
4,seasonal_naive,3,100022,BEVERAGES,1.2289156626506024,2.0,20.057061456896278
4,seasonal_naive,3,100023,BEVERAGES,1.4461538461538461,9.466666666666667,13.922575021816018
4,seasonal_naive,3,100024,BEVERAGES,1.3333333333333333,0.8,6.315513778443863
4,seasonal_naive,3,100025,BEVERAGES,1.2,-0.9333333333333333,3.8631346758570975
4,seasonal_naive,3,100026,BEVERAGES,1.3870967741935485,0.2,3.9315573068623655
4,seasonal_naive,3,100027,BEVERAGES,2.244186046511628,8.2,17.275912214906132
4,seasonal_naive,3,100028,BEVERAGES,1.3936170212765957,1.5333333333333334,10.72957639069733
4,seasonal_naive,3,100029,BEVERAGES,0.9069767441860465,0.2,4.411025148096852
4,seasonal_naive,3,100030,BEVERAGES,1.0615384615384615,-3.3333333333333335,11.745313148332016
4,seasonal_naive,3,100031,BEVERAGES,1.294478527607362,-3.933333333333333,16.926170213466428
4,seasonal_naive,3,100032,BEVERAGES,1.6603773584905661,3.6,15.527855154987945
4,seasonal_naive,3,100033,PRODUCE,0.4875729212951682,-3.7184,12.82806730683042
4,seasonal_naive,3,100034,PRODUCE,0.7947108610615722,-5.3988,12.592238381524664
4,seasonal_naive,3,100035,PRODUCE,1.6666666666666667,1.5333333333333334,3.3565855667130946
4,seasonal_naive,3,100036,PRODUCE,0.9049979100734459,-9.752,21.402485866966817
4,seasonal_naive,3,100037,PRODUCE,1.238343233786313,0.6186666666666666,3.1693052340641894
4,seasonal_naive,3,100038,PRODUCE,1.3663366336633664,6.8,9.072722067510153
4,seasonal_naive,3,100039,PRODUCE,0.9860397587670315,0.8912,6.560693900582686
4,seasonal_naive,3,100040,PRODUCE,1.1632345663073183,-1.3924666666666667,5.04875497901168
4,seasonal_naive,3,100041,CLEANING,1.4,0.4,1.4540583599999397
4,seasonal_naive,3,100042,CLEANING,1.5238095238095237,0.8,6.061588664934065
4,seasonal_naive,3,100043,CLEANING,1.5,-0.26666666666666666,2.9390636669006063
4,seasonal_naive,3,100044,CLEANING,1.0175438596491229,-0.4,10.715809415465145
4,seasonal_naive,3,100045,CLEANING,0.9196428571428571,-2.0,18.2443729093971
4,seasonal_naive,3,100046,CLEANING,1.7727272727272727,0.6,3.3123146848433005
4,seasonal_naive,3,100047,DAIRY,1.4637231318382866,1.7825333333333333,5.675128052257835
4,seasonal_naive,3,100048,DAIRY,1.4,-0.06666666666666667,2.0862360730226466
4,seasonal_naive,3,100049,DAIRY,4.29129560471129,2.783466666666667,3.7112470346745914
4,seasonal_naive,3,100050,DAIRY,1.0685579196217494,-1.1370666666666664,10.411508470826659
4,seasonal_naive,3,100051,DAIRY,0.890624715168529,-2.5904666666666665,3.764120782688391
4,seasonal_naive,3,100052,DAIRY,0.8767486288284956,-4.923933333333334,18.70892898540567
4,seasonal_naive,3,100053,BREAD/BAKERY,0.9879403665368911,-1.5157333333333334,2.7174163008970402
4,seasonal_naive,3,100054,BREAD/BAKERY,0.8721835872623444,-6.447666666666667,7.204763411072135
4,seasonal_naive,3,100055,BREAD/BAKERY,0.979348794246693,1.8733333333333333,4.7214461111986
4,seasonal_naive,3,100056,BREAD/BAKERY,0.6876877488467765,0.16366666666666654,6.227733647238968
4,seasonal_naive,3,100057,BREAD/BAKERY,2.5,0.8,3.0047581314594076
4,seasonal_naive,3,100058,DELI,1.4523724970634033,0.7968666666666668,4.191943478126765
4,seasonal_naive,3,100059,DELI,1.2605750021714583,-0.8684,2.7516345479940254
4,seasonal_naive,3,100060,EGGS,1.563578724903135,-0.41300000000000003,2.252609439231374
4,seasonal_naive,4,100001,GROCERY I,2.1363636363636362,2.933333333333333,8.721620644505622
4,seasonal_naive,4,100002,GROCERY I,0.6830796777081468,-3.533333333333333,64.97567310338613
4,seasonal_naive,4,100003,GROCERY I,2.204081632653061,6.8,19.1430703612859
4,seasonal_naive,4,100004,GROCERY I,0.8233082706766918,-14.266666666666667,39.139798281593244
4,seasonal_naive,4,100005,GROCERY I,1.654320987654321,1.6,11.089248332120107
4,seasonal_naive,4,100006,GROCERY I,0.6835443037974683,-5.2,9.540889446407574
4,seasonal_naive,4,100007,GROCERY I,1.2820512820512822,-2.4,8.732533587518736
4,seasonal_naive,4,100008,GROCERY I,1.0,-1.2,1.9712215212183244
4,seasonal_naive,4,100009,GROCERY I,1.3428571428571427,-0.2,4.2961777031615975
4,seasonal_naive,4,100010,GROCERY I,1.2790697674418605,-0.7333333333333333,5.7004594635202945
4,seasonal_naive,4,100011,GROCERY I,1.2758620689655173,-0.6,3.5213633723318023
4,seasonal_naive,4,100012,GROCERY I,2.0,2.2666666666666666,9.082688924279973
4,seasonal_naive,4,100013,GROCERY I,0.5272020725388601,-24.2,23.028553704353335
4,seasonal_naive,4,100014,GROCERY I,1.528301886792453,-3.3333333333333335,15.40717210850039
4,seasonal_naive,4,100015,GROCERY I,1.0191387559808613,-8.866666666666667,53.945563390549644
4,seasonal_naive,4,100016,GROCERY I,0.9482758620689655,-0.8,22.46648297226019
4,seasonal_naive,4,100017,GROCERY I,0.8448753462603878,11.666666666666666,26.256065058971657
4,seasonal_naive,4,100018,GROCERY I,1.64,1.6,7.29774916375884
4,seasonal_naive,4,100019,GROCERY I,1.5598086124401913,12.266666666666667,22.35578118476186
4,seasonal_naive,4,100020,BEVERAGES,0.9358974358974359,-3.3333333333333335,25.789440437807833
4,seasonal_naive,4,100021,BEVERAGES,0.6875,-3.2,5.734606724590126
4,seasonal_naive,4,100022,BEVERAGES,1.431924882629108,-8.066666666666666,26.138276986242296
4,seasonal_naive,4,100023,BEVERAGES,1.4166666666666667,2.533333333333333,28.557877738942384
4,seasonal_naive,4,100024,BEVERAGES,1.7536231884057971,2.3333333333333335,10.854009572942331
4,seasonal_naive,4,100025,BEVERAGES,1.0333333333333334,-1.7333333333333334,6.134989424448524
4,seasonal_naive,4,100026,BEVERAGES,1.1428571428571428,-2.2666666666666666,4.366539438350085
4,seasonal_naive,4,100027,BEVERAGES,1.3766233766233766,-4.133333333333334,17.307581603227554
4,seasonal_naive,4,100028,BEVERAGES,1.9875,12.0,24.36038939402594
4,seasonal_naive,4,100029,BEVERAGES,1.5853658536585367,0.3333333333333333,6.6404245417923455
4,seasonal_naive,4,100030,BEVERAGES,0.9863945578231292,-4.866666666666666,11.350686994102833
4,seasonal_naive,4,100031,BEVERAGES,0.7189542483660131,-2.533333333333333,18.55442444988975
4,seasonal_naive,4,100032,BEVERAGES,0.8440366972477065,-4.4,20.721969018411354
4,seasonal_naive,4,100033,PRODUCE,0.6946148739715555,4.048933333333334,18.203056377851443
4,seasonal_naive,4,100034,PRODUCE,1.0497308873272397,10.5308,24.573709151390695
4,seasonal_naive,4,100035,PRODUCE,1.2431118314424638,0.2562666666666667,3.7475637699075657
4,seasonal_naive,4,100036,PRODUCE,0.8657941176470588,7.224666666666667,23.74537747997843
4,seasonal_naive,4,100037,PRODUCE,2.8157249877476715,3.7622666666666666,6.966330243870632
4,seasonal_naive,4,100038,PRODUCE,0.8306078580180698,4.195866666666667,16.046532544298724
4,seasonal_naive,4,100039,PRODUCE,1.2195932203389832,1.0624000000000002,13.199947385176523
4,seasonal_naive,4,100040,PRODUCE,1.2626666666666666,2.9173333333333336,6.750906253096337
4,seasonal_naive,4,100041,CLEANING,3.2222222222222223,1.1333333333333333,2.386469797679848
4,seasonal_naive,4,100042,CLEANING,1.631578947368421,-0.4666666666666667,3.8520248231411016
4,seasonal_naive,4,100043,CLEANING,1.7692307692307692,0.6,2.32379000772445
4,seasonal_naive,4,100044,CLEANING,0.9617486338797814,2.2666666666666666,16.245732040256282
4,seasonal_naive,4,100045,CLEANING,0.6452702702702703,-2.8666666666666667,17.594100742930312
4,seasonal_naive,4,100046,CLEANING,1.627906976744186,1.0666666666666667,5.945786823657651
4,seasonal_naive,4,100047,DAIRY,0.8244612011337502,-1.9662,7.116924869632952
4,seasonal_naive,4,100048,DAIRY,1.096548394882935,-1.8763333333333334,5.97160915937915
4,seasonal_naive,4,100049,DAIRY,1.9581728123280129,2.0928,6.916006188545525
4,seasonal_naive,4,100050,DAIRY,0.7435578057340475,-3.147,8.68058392538856
4,seasonal_naive,4,100051,DAIRY,0.5590001661642177,-1.475133333333333,2.586288926149553
4,seasonal_naive,4,100052,DAIRY,0.4059093461754456,-3.5355333333333334,17.47747936577104
4,seasonal_naive,4,100053,BREAD/BAKERY,1.0,-2.494133333333333,2.8429766560185943
4,seasonal_naive,4,100054,BREAD/BAKERY,0.5453369594056778,0.9048000000000002,8.380540838326434
4,seasonal_naive,4,100055,BREAD/BAKERY,1.5706341463414635,0.5597333333333334,6.616315801180622
4,seasonal_naive,4,100056,BREAD/BAKERY,1.2785040805007526,1.9546666666666668,7.969124899677922
4,seasonal_naive,4,100057,BREAD/BAKERY,0.8812139929916256,-2.1673999999999998,4.309232444083616
4,seasonal_naive,4,100058,DELI,1.0,-3.650333333333333,4.25486755991076
4,seasonal_naive,4,100059,DELI,1.2193643916751213,-0.8312666666666667,4.428357458579014
4,seasonal_naive,4,100060,EGGS,1.5618302663109824,0.6588666666666667,3.0575961348434366
4,seasonal_naive,5,100001,GROCERY I,1.7450980392156863,3.6666666666666665,8.068162002292597
4,seasonal_naive,5,100002,GROCERY I,0.8657314629258517,17.733333333333334,79.8466983543793
4,seasonal_naive,5,100003,GROCERY I,1.1412429378531073,0.6666666666666666,17.515979099368774
4,seasonal_naive,5,100004,GROCERY I,0.9169811320754717,9.666666666666666,17.92311622564824
4,seasonal_naive,5,100005,GROCERY I,1.2580645161290323,-6.133333333333334,12.771993169580444
4,seasonal_naive,5,100006,GROCERY I,1.5813953488372092,-1.3333333333333333,11.998015708957084
4,seasonal_naive,5,100007,GROCERY I,9.363636363636363,6.2,8.570714255949902
4,seasonal_naive,5,100008,GROCERY I,1.0,0.13333333333333333,1.9591057240729095
4,seasonal_naive,5,100009,GROCERY I,0.8275862068965517,-3.066666666666667,4.479583313955291
4,seasonal_naive,5,100010,GROCERY I,3.857142857142857,1.4,3.112188022230386
4,seasonal_naive,5,100011,GROCERY I,1.0714285714285714,-0.9333333333333333,3.0581662728473336
4,seasonal_naive,5,100012,GROCERY I,2.0,0.4,5.717142143214063
4,seasonal_naive,5,100013,GROCERY I,0.31859756097560976,2.7333333333333334,19.597618902985808
4,seasonal_naive,5,100014,GROCERY I,1.0192307692307692,2.7333333333333334,15.558491786373983
4,seasonal_naive,5,100015,GROCERY I,1.1849148418491484,8.6,36.20339368464943
4,seasonal_naive,5,100016,GROCERY I,1.2674418604651163,4.8,18.849782113178012
4,seasonal_naive,5,100017,GROCERY I,0.8628158844765343,6.466666666666667,21.21948789831335
4,seasonal_naive,5,100018,GROCERY I,2.8333333333333335,2.933333333333333,5.71297604039219
4,seasonal_naive,5,100019,GROCERY I,1.2916666666666667,2.1333333333333333,24.310099801953765
4,seasonal_naive,5,100020,BEVERAGES,1.0,-5.2,21.89650983278255
4,seasonal_naive,5,100021,BEVERAGES,1.123456790123457,-2.6,7.423899629863385
4,seasonal_naive,5,100022,BEVERAGES,1.175,-7.066666666666666,23.51736946740997
4,seasonal_naive,5,100023,BEVERAGES,0.8174273858921162,-0.4666666666666667,18.696319984220985
4,seasonal_naive,5,100024,BEVERAGES,1.5316455696202531,0.2,10.916566702559399
4,seasonal_naive,5,100025,BEVERAGES,0.8450704225352113,-2.4,5.552348280554042
4,seasonal_naive,5,100026,BEVERAGES,2.3157894736842106,3.3333333333333335,7.508725083591246
4,seasonal_naive,5,100027,BEVERAGES,0.9135135135135135,-7.8,11.28336322708286
4,seasonal_naive,5,100028,BEVERAGES,1.5144927536231885,5.0,17.55399832354034
4,seasonal_naive,5,100029,BEVERAGES,0.7021276595744681,-1.8,3.5896677124372234
4,seasonal_naive,5,100030,BEVERAGES,2.4607843137254903,6.6,22.484280222921463
4,seasonal_naive,5,100031,BEVERAGES,2.2814814814814817,10.266666666666667,20.320526802320096
4,seasonal_naive,5,100032,BEVERAGES,1.1521739130434783,-0.9333333333333333,18.11655386130386
4,seasonal_naive,5,100033,PRODUCE,0.7963311876674861,-6.683199999999999,23.837554567171047
4,seasonal_naive,5,100034,PRODUCE,0.7172667556621148,5.386866666666666,17.198387004378663
4,seasonal_naive,5,100035,PRODUCE,4.970004411116013,2.6931999999999996,6.5080747120129825
4,seasonal_naive,5,100036,PRODUCE,1.1683293002123563,11.639133333333335,28.990812322592987
4,seasonal_naive,5,100037,PRODUCE,1.4414523783246884,0.1796666666666667,6.542273650941967
4,seasonal_naive,5,100038,PRODUCE,1.0837142857142856,9.6564,15.38955560390599
4,seasonal_naive,5,100039,PRODUCE,3.363381818181818,10.865733333333333,10.203177673553235
4,seasonal_naive,5,100040,PRODUCE,1.1152361380528935,-2.5378,5.773115378322918
4,seasonal_naive,5,100041,CLEANING,3.0,0.26666666666666666,1.5796322658258455
4,seasonal_naive,5,100042,CLEANING,0.8072289156626506,-1.0,6.1759903774906535
4,seasonal_naive,5,100043,CLEANING,1.0,-0.2,1.424279266355945
4,seasonal_naive,5,100044,CLEANING,1.4974093264248705,6.866666666666666,22.4144936103746
4,seasonal_naive,5,100045,CLEANING,0.7301587301587301,-0.9333333333333333,16.245732040256282
4,seasonal_naive,5,100046,CLEANING,2.5555555555555554,1.5333333333333334,2.614975188810639
4,seasonal_naive,5,100047,DAIRY,1.204981039253869,4.380066666666666,6.4404227952015995
4,seasonal_naive,5,100048,DAIRY,2.647904761904762,3.1737333333333333,5.792044229145782
4,seasonal_naive,5,100049,DAIRY,0.96305395969187,-1.2088666666666665,5.771625852474533
4,seasonal_naive,5,100050,DAIRY,1.7644628099173552,11.877333333333333,16.309742691614318
4,seasonal_naive,5,100051,DAIRY,1.4611717768364876,2.9867333333333335,9.414437851867028
4,seasonal_naive,5,100052,DAIRY,0.8293660976969037,-16.385666666666665,22.995935478336374
4,seasonal_naive,5,100053,BREAD/BAKERY,1.2,-0.6666666666666666,2.609506430251477
4,seasonal_naive,5,100054,BREAD/BAKERY,0.61434002640805,0.9766666666666666,9.133353739115195
4,seasonal_naive,5,100055,BREAD/BAKERY,1.1985742369784944,-0.02393333333333333,5.481348458528205
4,seasonal_naive,5,100056,BREAD/BAKERY,0.8303868012153461,-0.33613333333333345,8.604550771594782
4,seasonal_naive,5,100057,BREAD/BAKERY,1.528205869596646,1.7284666666666666,3.8595448448649754
4,seasonal_naive,5,100058,DELI,0.9829589465530597,-0.28500000000000003,3.1758828918675737
4,seasonal_naive,5,100059,DELI,1.0526759376316899,-1.1978666666666666,3.4040076772338024
4,seasonal_naive,5,100060,EGGS,0.8422106527833401,-0.06466666666666665,2.3763443313106754
4,seasonal_naive,6,100001,GROCERY I,1.1363636363636365,-1.4666666666666666,4.273952113286562
4,seasonal_naive,6,100002,GROCERY I,0.8509615384615384,1.6,29.50012106512688
4,seasonal_naive,6,100003,GROCERY I,0.9651162790697675,-2.466666666666667,7.91803246363881
4,seasonal_naive,6,100004,GROCERY I,0.8118811881188119,1.7333333333333334,13.466713814156034
4,seasonal_naive,6,100005,GROCERY I,3.40625,4.466666666666667,8.24505623879864
4,seasonal_naive,6,100006,GROCERY I,1.736842105263158,-1.0,8.34950811211569
4,seasonal_naive,6,100007,GROCERY I,1.2702702702702702,-1.8,5.75946426079966
4,seasonal_naive,6,100008,GROCERY I,1.0,-0.2,1.3201731488169053
4,seasonal_naive,6,100009,GROCERY I,8.142857142857142,3.8,4.475329197787737
4,seasonal_naive,6,100010,GROCERY I,3.0,1.1333333333333333,2.3258383025317584
4,seasonal_naive,6,100011,GROCERY I,2.6,0.3333333333333333,1.2909944487358056
4,seasonal_naive,6,100012,GROCERY I,1.5454545454545454,0.3333333333333333,2.2253945610567474
4,seasonal_naive,6,100013,GROCERY I,0.6125461254612546,6.666666666666667,12.976168632572264
4,seasonal_naive,6,100014,GROCERY I,1.4838709677419355,-2.1333333333333333,9.379816223197148
4,seasonal_naive,6,100015,GROCERY I,1.4009661835748792,10.933333333333334,22.707666001553203
4,seasonal_naive,6,100016,GROCERY I,1.3043478260869565,-1.0666666666666667,11.454672575395763
4,seasonal_naive,6,100017,GROCERY I,1.0598802395209581,0.06666666666666667,15.082945272566565
4,seasonal_naive,6,100018,GROCERY I,1.0731707317073171,-0.26666666666666666,4.026105290417006
4,seasonal_naive,6,100019,GROCERY I,1.021505376344086,-2.7333333333333334,9.490345971916234
4,seasonal_naive,6,100020,BEVERAGES,0.71900826446281,-0.4666666666666667,7.43415541044621
4,seasonal_naive,6,100021,BEVERAGES,1.96,0.8666666666666667,4.5334733871923145
4,seasonal_naive,6,100022,BEVERAGES,0.8095238095238095,0.06666666666666667,7.582561446848821
4,seasonal_naive,6,100023,BEVERAGES,1.196078431372549,-1.4666666666666666,10.12681494609144
4,seasonal_naive,6,100024,BEVERAGES,1.1142857142857143,-0.4666666666666667,4.4539976692961165
4,seasonal_naive,6,100025,BEVERAGES,0.9166666666666666,-1.0666666666666667,2.4630604269214884
4,seasonal_naive,6,100026,BEVERAGES,1.2666666666666666,-0.7333333333333333,2.3441924185608345
4,seasonal_naive,6,100027,BEVERAGES,2.0555555555555554,2.6666666666666665,8.465616732800196
4,seasonal_naive,6,100028,BEVERAGES,2.6666666666666665,7.333333333333333,11.866318882009022
4,seasonal_naive,6,100029,BEVERAGES,3.210526315789474,2.7333333333333334,5.202563470700445
4,seasonal_naive,6,100030,BEVERAGES,1.055045871559633,-1.5333333333333334,9.140699150085892
4,seasonal_naive,6,100031,BEVERAGES,1.0333333333333334,2.2666666666666666,11.208840048733643
4,seasonal_naive,6,100032,BEVERAGES,2.857142857142857,4.933333333333334,7.620148729957092
4,seasonal_naive,6,100033,PRODUCE,1.189702658647631,4.578133333333333,14.786861957575073
4,seasonal_naive,6,100034,PRODUCE,0.6285809760047296,0.3868,8.672570554833868
4,seasonal_naive,6,100035,PRODUCE,1.125,-0.5333333333333333,2.1995670569671746
4,seasonal_naive,6,100036,PRODUCE,0.7133806749390934,-6.690600000000001,9.34688815901543
4,seasonal_naive,6,100037,PRODUCE,1.6818181818181819,0.7309333333333332,3.21730471638843
4,seasonal_naive,6,100038,PRODUCE,0.5839735512106554,2.0004,7.252565051660787
4,seasonal_naive,6,100039,PRODUCE,1.940206896551724,0.8177333333333332,5.391548021363315
4,seasonal_naive,6,100040,PRODUCE,1.2080327216951656,-0.9294,2.413562358246179
4,seasonal_naive,6,100041,CLEANING,2.6666666666666665,0.8,1.3201731488169055
4,seasonal_naive,6,100042,CLEANING,2.75,1.0666666666666667,3.712270515594517
4,seasonal_naive,6,100043,CLEANING,3.0,0.06666666666666667,0.4577377082170634
4,seasonal_naive,6,100044,CLEANING,0.6171875,0.4666666666666667,7.008837958164643
4,seasonal_naive,6,100045,CLEANING,0.8484848484848485,-2.6666666666666665,8.837151016885368
4,seasonal_naive,6,100046,CLEANING,1.1,-0.13333333333333333,2.2635833370586393
4,seasonal_naive,6,100047,DAIRY,1.9608555125493794,2.0760666666666667,3.5453491560204955
4,seasonal_naive,6,100048,DAIRY,1.5334755934915978,-0.3498,2.030386036482436
4,seasonal_naive,6,100049,DAIRY,0.8768093624884509,0.11766666666666664,1.6543782460345577
4,seasonal_naive,6,100050,DAIRY,1.355443444361635,2.252333333333333,10.12425833380025
4,seasonal_naive,6,100051,DAIRY,1.4753303227964545,-0.3672666666666667,4.218278685277523
4,seasonal_naive,6,100052,DAIRY,0.8770378151260504,0.33413333333333334,13.46690704688808
4,seasonal_naive,6,100053,BREAD/BAKERY,1.31007695658487,-0.5273333333333333,3.2775711753558925
4,seasonal_naive,6,100054,BREAD/BAKERY,0.8550066250236606,-2.549666666666667,4.520572208829109
4,seasonal_naive,6,100055,BREAD/BAKERY,1.2203047549109602,-0.749,3.1287141813485344
4,seasonal_naive,6,100056,BREAD/BAKERY,0.9219631776512347,-0.4774000000000001,3.65875973911535
4,seasonal_naive,6,100057,BREAD/BAKERY,1.2846363636363636,0.28413333333333335,2.674714213483288
4,seasonal_naive,6,100058,DELI,1.225096696468201,0.6819333333333334,1.5566274197153034
4,seasonal_naive,6,100059,DELI,1.1,-0.6666666666666666,2.4976179127511156
4,seasonal_naive,6,100060,EGGS,1.4354569315199237,-0.4509333333333333,2.1822626353222954
4,weekday_mean_8w,1,100001,GROCERY I,1.1820652173913044,-0.7416666666666667,4.27447434807848
4,weekday_mean_8w,1,100002,GROCERY I,0.6264727540500736,11.908333333333333,34.02403518452941
4,weekday_mean_8w,1,100003,GROCERY I,0.9391666666666667,-1.1583333333333334,10.35189624911209
4,weekday_mean_8w,1,100004,GROCERY I,0.6890243902439024,4.4,14.989892427899541
4,weekday_mean_8w,1,100005,GROCERY I,1.0731707317073171,-1.1,7.227211722767936
4,weekday_mean_8w,1,100006,GROCERY I,1.078125,0.6166666666666667,8.680394919148608
4,weekday_mean_8w,1,100007,GROCERY I,1.126953125,-0.925,5.769725482452102
4,weekday_mean_8w,1,100008,GROCERY I,1.1176470588235294,-0.48333333333333334,2.6347042844817836
4,weekday_mean_8w,1,100009,GROCERY I,1.0076530612244898,-1.775,3.9330899339541463
4,weekday_mean_8w,1,100010,GROCERY I,1.125,-0.38333333333333336,2.7716141935874186
4,weekday_mean_8w,1,100011,GROCERY I,2.95,0.9333333333333333,0.9494672691768239
4,weekday_mean_8w,1,100012,GROCERY I,1.4680232558139534,0.275,4.9758793192761415
4,weekday_mean_8w,1,100013,GROCERY I,0.42891566265060244,-0.9333333333333333,15.30696814557095
4,weekday_mean_8w,1,100014,GROCERY I,2.8125,4.725,5.792004957574832
4,weekday_mean_8w,1,100015,GROCERY I,0.31983695652173916,-3.175,12.104345441676248
4,weekday_mean_8w,1,100016,GROCERY I,0.8392857142857143,-2.283333333333333,13.249112728603304
4,weekday_mean_8w,1,100017,GROCERY I,0.6607142857142857,2.283333333333333,11.751563978993646
4,weekday_mean_8w,1,100018,GROCERY I,1.0257936507936507,-1.4416666666666667,5.030901533333289
4,weekday_mean_8w,1,100019,GROCERY I,0.9969262295081968,5.741666666666666,8.559986162093844
4,weekday_mean_8w,1,100020,BEVERAGES,0.7280042918454935,-4.308333333333334,13.689384790865548
4,weekday_mean_8w,1,100021,BEVERAGES,0.917910447761194,-1.1833333333333333,5.595331812791632
4,weekday_mean_8w,1,100022,BEVERAGES,1.044392523364486,5.35,6.896103972534057
4,weekday_mean_8w,1,100023,BEVERAGES,0.7665198237885462,-3.6666666666666665,14.488809310571218
4,weekday_mean_8w,1,100024,BEVERAGES,1.0369318181818181,0.325,3.5496478698597698
4,weekday_mean_8w,1,100025,BEVERAGES,1.456896551724138,0.6333333333333333,3.604767015785519
4,weekday_mean_8w,1,100026,BEVERAGES,1.9210526315789473,0.7833333333333333,2.72736900082601
4,weekday_mean_8w,1,100027,BEVERAGES,1.9635416666666667,3.65,6.083900006222513
4,weekday_mean_8w,1,100028,BEVERAGES,2.7347560975609757,5.675,7.771686248354158
4,weekday_mean_8w,1,100029,BEVERAGES,1.12,-1.2,4.983633929459221
4,weekday_mean_8w,1,100030,BEVERAGES,0.81640625,-1.2083333333333333,7.399274015224802
4,weekday_mean_8w,1,100031,BEVERAGES,0.9941176470588236,-0.9833333333333333,14.030727334098167
4,weekday_mean_8w,1,100032,BEVERAGES,0.9330357142857143,1.9416666666666667,10.984451944626528
4,weekday_mean_8w,1,100033,PRODUCE,0.3299750537670056,-0.045300000000000056,8.005047493585131
4,weekday_mean_8w,1,100034,PRODUCE,0.9455234741784038,0.5267999999999994,17.924288369316887
4,weekday_mean_8w,1,100035,PRODUCE,1.1903249662852917,0.14175000000000004,2.495917247923525
4,weekday_mean_8w,1,100036,PRODUCE,0.36773215011459287,1.1079833333333333,7.149326011076065
4,weekday_mean_8w,1,100037,PRODUCE,0.892247159090909,-0.7078583333333335,3.0642155008848673
4,weekday_mean_8w,1,100038,PRODUCE,0.4144739701669466,-5.438933333333334,6.302279194237041
4,weekday_mean_8w,1,100039,PRODUCE,0.8746699052433874,0.48274999999999985,5.381069759508459
4,weekday_mean_8w,1,100040,PRODUCE,1.8826029411764704,1.90985,1.9408283337230376
4,weekday_mean_8w,1,100041,CLEANING,1.1704545454545454,-0.058333333333333334,1.2127178253037776
4,weekday_mean_8w,1,100042,CLEANING,1.0993589743589745,-0.475,3.5150187969422215
4,weekday_mean_8w,1,100043,CLEANING,1.2403846153846154,-0.225,1.5097894839063775
4,weekday_mean_8w,1,100044,CLEANING,0.3541666666666667,-1.575,5.142348685182676
4,weekday_mean_8w,1,100045,CLEANING,0.8628378378378379,0.44166666666666665,13.849950575810045
4,weekday_mean_8w,1,100046,CLEANING,1.2826086956521738,0.15,2.6024541988559293
4,weekday_mean_8w,1,100047,DAIRY,1.1089838262310434,0.3236666666666667,4.549257752121558
4,weekday_mean_8w,1,100048,DAIRY,0.9848484848484849,-0.5512333333333335,3.006100028137232
4,weekday_mean_8w,1,100049,DAIRY,2.0022884615384617,1.2260166666666668,1.6716993257948916
4,weekday_mean_8w,1,100050,DAIRY,0.46587457514472763,-2.243283333333333,5.968443665749074
4,weekday_mean_8w,1,100051,DAIRY,1.0249329268292682,1.3818166666666667,2.930636652197331
4,weekday_mean_8w,1,100052,DAIRY,0.5484587547959541,-1.731141666666667,12.679011777841708
4,weekday_mean_8w,1,100053,BREAD/BAKERY,0.7799700652654299,-1.5145916666666666,2.237178092599235
4,weekday_mean_8w,1,100054,BREAD/BAKERY,0.24094524454464392,-0.2523416666666665,2.7241237809265426
4,weekday_mean_8w,1,100055,BREAD/BAKERY,1.3708134342244,1.7790000000000001,3.269712867950225
4,weekday_mean_8w,1,100056,BREAD/BAKERY,0.940911858974359,-0.0861416666666667,5.649393977625788
4,weekday_mean_8w,1,100057,BREAD/BAKERY,1.3430937500000002,0.1822833333333333,2.523511277212812
4,weekday_mean_8w,1,100058,DELI,1.839140625,0.6789166666666666,2.364870989792698
4,weekday_mean_8w,1,100059,DELI,1.1715815405629544,0.9545666666666668,1.6142511227198761
4,weekday_mean_8w,1,100060,EGGS,2.0155097163046864,0.27635,1.8480993990690233
4,weekday_mean_8w,2,100001,GROCERY I,1.53515625,0.49166666666666664,3.92151422406241
4,weekday_mean_8w,2,100002,GROCERY I,0.7490325077399381,11.375,37.09796394104976
4,weekday_mean_8w,2,100003,GROCERY I,0.6960382513661202,-4.991666666666666,9.85740596612275
4,weekday_mean_8w,2,100004,GROCERY I,0.8049242424242424,6.858333333333333,10.81550501869995
4,weekday_mean_8w,2,100005,GROCERY I,0.8536184210526315,-1.5083333333333333,5.010584035913616
4,weekday_mean_8w,2,100006,GROCERY I,0.7547169811320755,-0.8,6.761035951897989
4,weekday_mean_8w,2,100007,GROCERY I,1.0911016949152543,-1.025,5.84780941891919
4,weekday_mean_8w,2,100008,GROCERY I,7.875,0.8,0.8553925581693054
4,weekday_mean_8w,2,100009,GROCERY I,0.8308823529411765,-0.8833333333333333,2.5202158826652323
4,weekday_mean_8w,2,100010,GROCERY I,1.037162162162162,-1.2083333333333333,3.302686496662694
4,weekday_mean_8w,2,100011,GROCERY I,1.0875,-0.31666666666666665,2.173227246899566
4,weekday_mean_8w,2,100012,GROCERY I,3.4375,1.9333333333333333,2.2770529721759303
4,weekday_mean_8w,2,100013,GROCERY I,0.6152849740932642,-1.1666666666666667,20.505207671873663
4,weekday_mean_8w,2,100014,GROCERY I,0.8460648148148148,-0.125,7.318945571987421
4,weekday_mean_8w,2,100015,GROCERY I,0.43908045977011495,-5.016666666666667,16.135577003568702
4,weekday_mean_8w,2,100016,GROCERY I,0.6527093596059114,-2.433333333333333,10.296049288556313
4,weekday_mean_8w,2,100017,GROCERY I,0.7543969849246231,1.275,12.947800419927923
4,weekday_mean_8w,2,100018,GROCERY I,0.9476744186046512,-0.9333333333333333,3.7624396846929495
4,weekday_mean_8w,2,100019,GROCERY I,0.8710732984293194,0.5416666666666666,13.997342434837236
4,weekday_mean_8w,2,100020,BEVERAGES,0.8961864406779662,-3.341666666666667,12.794431219796182
4,weekday_mean_8w,2,100021,BEVERAGES,1.0426829268292683,-0.9833333333333333,7.186120468023924
4,weekday_mean_8w,2,100022,BEVERAGES,0.8720588235294118,-0.48333333333333334,11.810243233655063
4,weekday_mean_8w,2,100023,BEVERAGES,0.8213141025641025,4.325,8.914374427214252
4,weekday_mean_8w,2,100024,BEVERAGES,1.0798611111111112,-1.3166666666666667,6.786091781479725
4,weekday_mean_8w,2,100025,BEVERAGES,1.53125,-0.008333333333333333,3.681962145119805
4,weekday_mean_8w,2,100026,BEVERAGES,3.4318181818181817,1.8166666666666667,1.9909766686825072
4,weekday_mean_8w,2,100027,BEVERAGES,1.7819148936170213,3.35,5.089423557030515
4,weekday_mean_8w,2,100028,BEVERAGES,0.8449612403100775,1.6833333333333333,8.775074616424039
4,weekday_mean_8w,2,100029,BEVERAGES,2.5833333333333335,2.0,2.8030595529069404
4,weekday_mean_8w,2,100030,BEVERAGES,1.1301546391752577,1.5583333333333333,8.254580258141248
4,weekday_mean_8w,2,100031,BEVERAGES,1.0811258278145695,3.1166666666666667,12.07181511778967
4,weekday_mean_8w,2,100032,BEVERAGES,1.740979381443299,8.058333333333334,10.006679316955298
4,weekday_mean_8w,2,100033,PRODUCE,1.019369696969697,5.476416666666667,12.821107623590269
4,weekday_mean_8w,2,100034,PRODUCE,0.5414438502673797,-0.2682666666666667,8.546552944162984
4,weekday_mean_8w,2,100035,PRODUCE,2.4587820274786485,1.0436,1.8147473968257164
4,weekday_mean_8w,2,100036,PRODUCE,0.5334218102561391,5.512825,11.859635903284811
4,weekday_mean_8w,2,100037,PRODUCE,1.5039891304347826,-0.1985333333333333,3.167876862822473
4,weekday_mean_8w,2,100038,PRODUCE,1.1371542835116124,2.807466666666666,9.347266537205384
4,weekday_mean_8w,2,100039,PRODUCE,1.171834277374292,0.5428666666666668,5.36018267580555
4,weekday_mean_8w,2,100040,PRODUCE,1.5888478260869563,0.7029,2.639015454604777
4,weekday_mean_8w,2,100041,CLEANING,1.75,0.2,1.1307393283031366
4,weekday_mean_8w,2,100042,CLEANING,0.83125,-1.675,4.121968583092307
4,weekday_mean_8w,2,100043,CLEANING,1.5416666666666667,0.11666666666666667,1.6972053359511192
4,weekday_mean_8w,2,100044,CLEANING,0.621969696969697,-3.0083333333333333,9.586712654701273
4,weekday_mean_8w,2,100045,CLEANING,0.45784313725490194,-5.933333333333334,7.786616647140386
4,weekday_mean_8w,2,100046,CLEANING,1.7767857142857142,0.875,1.7721808598447282
4,weekday_mean_8w,2,100047,DAIRY,0.8016104825675361,0.3366916666666669,4.131774650300171
4,weekday_mean_8w,2,100048,DAIRY,1.6418223684210527,0.8993749999999996,2.8771888992649703
4,weekday_mean_8w,2,100049,DAIRY,1.0707447328144843,-0.11814999999999998,2.743834947513503
4,weekday_mean_8w,2,100050,DAIRY,0.5833151937309533,0.3040999999999999,5.643660716585342
4,weekday_mean_8w,2,100051,DAIRY,0.9942645273970577,-2.0502000000000007,6.32874242522331
4,weekday_mean_8w,2,100052,DAIRY,1.0982505329374632,6.77665,13.644574300503635
4,weekday_mean_8w,2,100053,BREAD/BAKERY,1.7765435586603655,0.6742666666666666,2.555743083193549
4,weekday_mean_8w,2,100054,BREAD/BAKERY,0.8755170791463979,-0.43871666666666653,7.4979508897887905
4,weekday_mean_8w,2,100055,BREAD/BAKERY,1.1690667130123893,-0.50365,3.8107967788550656
4,weekday_mean_8w,2,100056,BREAD/BAKERY,1.107298366856169,0.76325,7.020854068607221
4,weekday_mean_8w,2,100057,BREAD/BAKERY,1.4847860137282902,0.3483333333333333,2.4642759072441156
4,weekday_mean_8w,2,100058,DELI,0.7980831708901885,-1.2820333333333336,2.0716273933420646
4,weekday_mean_8w,2,100059,DELI,1.429723958333333,0.30102499999999993,2.6972930044371735
4,weekday_mean_8w,2,100060,EGGS,1.1700568181818183,-0.7896833333333333,1.9891004926327043
4,weekday_mean_8w,3,100001,GROCERY I,1.592741935483871,0.2916666666666667,4.209276179152534
4,weekday_mean_8w,3,100002,GROCERY I,0.8393884892086331,4.258333333333334,47.24004209757811
4,weekday_mean_8w,3,100003,GROCERY I,0.9437022900763359,0.775,10.87471263988157
4,weekday_mean_8w,3,100004,GROCERY I,0.7769516728624535,-3.3833333333333333,17.720389453422076
4,weekday_mean_8w,3,100005,GROCERY I,1.2325581395348837,1.1166666666666667,4.5553311259080465
4,weekday_mean_8w,3,100006,GROCERY I,2.351973684210526,3.058333333333333,5.867941555199582
4,weekday_mean_8w,3,100007,GROCERY I,0.8399122807017544,0.19166666666666668,4.217275977057544
4,weekday_mean_8w,3,100008,GROCERY I,1.4090909090909092,-0.03333333333333333,1.4966231831630006
4,weekday_mean_8w,3,100009,GROCERY I,1.423913043478261,0.43333333333333335,2.337039998027623
4,weekday_mean_8w,3,100010,GROCERY I,4.425,1.0916666666666666,1.2486302018421551
4,weekday_mean_8w,3,100011,GROCERY I,1.0833333333333333,-0.31666666666666665,1.3210745986650774
4,weekday_mean_8w,3,100012,GROCERY I,2.4191176470588234,1.925,2.6274648291787708
4,weekday_mean_8w,3,100013,GROCERY I,0.649931693989071,-1.3583333333333334,20.94629967889544
4,weekday_mean_8w,3,100014,GROCERY I,0.6835664335664335,-2.1333333333333333,7.520280120795907
4,weekday_mean_8w,3,100015,GROCERY I,0.7139136904761905,4.075,18.504270742568746
4,weekday_mean_8w,3,100016,GROCERY I,0.6534090909090909,-3.25,8.727266385955488
4,weekday_mean_8w,3,100017,GROCERY I,0.5133495145631068,-2.275,15.618084183773265
4,weekday_mean_8w,3,100018,GROCERY I,1.1906779661016949,0.08333333333333333,5.53149801031287
4,weekday_mean_8w,3,100019,GROCERY I,1.0793103448275863,2.4166666666666665,12.12690215811033
4,weekday_mean_8w,3,100020,BEVERAGES,3.0401785714285716,8.833333333333334,9.243924967757138
4,weekday_mean_8w,3,100021,BEVERAGES,0.8403846153846154,-1.7583333333333333,4.219286782429106
4,weekday_mean_8w,3,100022,BEVERAGES,0.8825301204819277,-1.8166666666666667,11.457205572206929
4,weekday_mean_8w,3,100023,BEVERAGES,1.2663461538461538,3.7583333333333333,11.505284758794646
4,weekday_mean_8w,3,100024,BEVERAGES,1.0651041666666667,-0.775,4.52848129698499
4,weekday_mean_8w,3,100025,BEVERAGES,1.075,-0.8,3.5107615169036235
4,weekday_mean_8w,3,100026,BEVERAGES,1.1451612903225807,-0.7166666666666667,3.4279792395326245
4,weekday_mean_8w,3,100027,BEVERAGES,1.0915697674418605,1.8583333333333334,7.3675608162371065
4,weekday_mean_8w,3,100028,BEVERAGES,1.2101063829787233,2.1666666666666665,9.14755854755532
4,weekday_mean_8w,3,100029,BEVERAGES,1.119186046511628,-0.5083333333333333,4.271862535687394
4,weekday_mean_8w,3,100030,BEVERAGES,0.9182692307692307,-2.3583333333333334,10.029740002802141
4,weekday_mean_8w,3,100031,BEVERAGES,0.9930981595092024,-0.125,13.531213914501537
4,weekday_mean_8w,3,100032,BEVERAGES,1.0106132075471699,4.641666666666667,8.291813231535468
4,weekday_mean_8w,3,100033,PRODUCE,0.4366301403242221,-2.1826833333333324,11.395904372066822
4,weekday_mean_8w,3,100034,PRODUCE,0.5289385265688584,-1.327533333333333,8.990058708823613
4,weekday_mean_8w,3,100035,PRODUCE,1.3106190476190478,0.49859999999999993,2.27393082961139
4,weekday_mean_8w,3,100036,PRODUCE,0.6106989311518481,-5.435333333333333,16.733586401431303
4,weekday_mean_8w,3,100037,PRODUCE,1.7466840263650418,0.6453333333333332,3.359561068490446
4,weekday_mean_8w,3,100038,PRODUCE,1.0476212871287127,2.4830333333333336,7.388513357417586
4,weekday_mean_8w,3,100039,PRODUCE,0.8579109197006923,-1.3137083333333333,4.7243572339324125
4,weekday_mean_8w,3,100040,PRODUCE,1.1683396811051576,-0.8976166666666667,4.434841418002157
4,weekday_mean_8w,3,100041,CLEANING,1.0125,-0.2916666666666667,1.0790896736645772
4,weekday_mean_8w,3,100042,CLEANING,1.3154761904761905,0.6166666666666667,4.37639433563206
4,weekday_mean_8w,3,100043,CLEANING,1.1796875,-0.30833333333333335,2.149473911271801
4,weekday_mean_8w,3,100044,CLEANING,0.8629385964912281,1.7583333333333333,8.69516833540055
4,weekday_mean_8w,3,100045,CLEANING,0.5122767857142857,-3.3833333333333333,11.580990684656268
4,weekday_mean_8w,3,100046,CLEANING,1.3011363636363635,0.44166666666666665,2.1043464091075426
4,weekday_mean_8w,3,100047,DAIRY,1.2095498370450841,1.999058333333333,4.622717669696067
4,weekday_mean_8w,3,100048,DAIRY,1.615325,0.6775750000000001,1.7508821977893643
4,weekday_mean_8w,3,100049,DAIRY,2.4971093076702098,1.4965666666666668,2.122531976384292
4,weekday_mean_8w,3,100050,DAIRY,0.9814459915171742,-0.29125,8.571080371740734
4,weekday_mean_8w,3,100051,DAIRY,1.03103523707093,-0.3452,4.3692257069841824
4,weekday_mean_8w,3,100052,DAIRY,0.7333048767667539,-3.333516666666667,16.311728109875606
4,weekday_mean_8w,3,100053,BREAD/BAKERY,1.0641399993669485,-0.510625,2.699998362268022
4,weekday_mean_8w,3,100054,BREAD/BAKERY,0.677593261085537,-1.6377416666666669,6.876793994418233
4,weekday_mean_8w,3,100055,BREAD/BAKERY,0.7757067924652791,-0.9025500000000001,4.041170485442394
4,weekday_mean_8w,3,100056,BREAD/BAKERY,0.461023339409183,-0.751775,4.145329557325845
4,weekday_mean_8w,3,100057,BREAD/BAKERY,1.8854166666666667,0.5073333333333333,1.7139494938765039
4,weekday_mean_8w,3,100058,DELI,1.0197742235091647,-0.34000833333333336,3.547614754029241
4,weekday_mean_8w,3,100059,DELI,1.3441978632849823,0.48563333333333336,2.3121802874873834
4,weekday_mean_8w,3,100060,EGGS,1.3082071151814019,0.06109999999999996,1.6427490673302134
4,weekday_mean_8w,4,100001,GROCERY I,1.9147727272727273,1.8166666666666667,6.034844259638788
4,weekday_mean_8w,4,100002,GROCERY I,0.3056177260519248,5.108333333333333,36.41057007374697
4,weekday_mean_8w,4,100003,GROCERY I,1.7321428571428572,7.966666666666667,10.24721942540419
4,weekday_mean_8w,4,100004,GROCERY I,0.5740131578947368,-11.291666666666666,25.739017537767907
4,weekday_mean_8w,4,100005,GROCERY I,1.0401234567901234,-0.8,6.870258104945652
4,weekday_mean_8w,4,100006,GROCERY I,0.685126582278481,-1.2,8.789045535697914
4,weekday_mean_8w,4,100007,GROCERY I,1.0480769230769231,-1.5166666666666666,6.986573006914933
4,weekday_mean_8w,4,100008,GROCERY I,1.75,0.08333333333333333,2.762417850534633
4,weekday_mean_8w,4,100009,GROCERY I,1.25,0.95,3.1805070350496005
4,weekday_mean_8w,4,100010,GROCERY I,0.7761627906976745,-0.8583333333333333,2.695013031154996
4,weekday_mean_8w,4,100011,GROCERY I,1.1120689655172413,-1.0333333333333334,3.120878234148355
4,weekday_mean_8w,4,100012,GROCERY I,1.0570175438596492,-0.6666666666666666,4.79924349197226
4,weekday_mean_8w,4,100013,GROCERY I,0.34585492227979275,-15.916666666666666,18.736880330615595
4,weekday_mean_8w,4,100014,GROCERY I,1.2924528301886793,3.066666666666667,10.183020122219332
4,weekday_mean_8w,4,100015,GROCERY I,0.4950159489633174,-9.291666666666666,26.24382013423532
4,weekday_mean_8w,4,100016,GROCERY I,1.0150862068965518,-0.7833333333333333,18.901912381202774
4,weekday_mean_8w,4,100017,GROCERY I,0.5155817174515236,-1.6583333333333334,16.43476461940475
4,weekday_mean_8w,4,100018,GROCERY I,1.7025,1.2416666666666667,6.92296041823012
4,weekday_mean_8w,4,100019,GROCERY I,0.937799043062201,1.9,15.344860121319359
4,weekday_mean_8w,4,100020,BEVERAGES,0.8305288461538461,3.1416666666666666,21.73053658421934
4,weekday_mean_8w,4,100021,BEVERAGES,0.8098958333333334,-2.0166666666666666,6.043899423227957
4,weekday_mean_8w,4,100022,BEVERAGES,1.0669014084507042,-1.8666666666666667,20.049963632552224
4,weekday_mean_8w,4,100023,BEVERAGES,1.1484375,0.375,22.046774545432783
4,weekday_mean_8w,4,100024,BEVERAGES,1.5036231884057971,-0.5,7.807391186744593
4,weekday_mean_8w,4,100025,BEVERAGES,0.9854166666666667,-0.8916666666666667,4.832892015977104
4,weekday_mean_8w,4,100026,BEVERAGES,1.1636904761904763,-0.15833333333333333,4.352612789490709
4,weekday_mean_8w,4,100027,BEVERAGES,0.8238636363636364,-3.341666666666667,10.086840200880316
4,weekday_mean_8w,4,100028,BEVERAGES,1.059375,4.65,13.673504749801975
4,weekday_mean_8w,4,100029,BEVERAGES,1.6097560975609757,1.4166666666666667,5.675107508945996
4,weekday_mean_8w,4,100030,BEVERAGES,0.7159863945578231,-2.0166666666666666,8.810614877737509
4,weekday_mean_8w,4,100031,BEVERAGES,0.5514705882352942,-3.1666666666666665,13.912326454657123
4,weekday_mean_8w,4,100032,BEVERAGES,0.6639908256880734,-4.141666666666667,16.294093108795444
4,weekday_mean_8w,4,100033,PRODUCE,0.6878247939758471,4.474383333333333,17.292922333856463
4,weekday_mean_8w,4,100034,PRODUCE,0.6605989263858062,1.4239166666666667,14.3420265940748
4,weekday_mean_8w,4,100035,PRODUCE,1.0718800648298217,-1.0132,3.2201456422253414
4,weekday_mean_8w,4,100036,PRODUCE,0.6377948529411765,6.120733333333333,16.70409075083713
4,weekday_mean_8w,4,100037,PRODUCE,1.787527130154729,2.068916666666667,3.5540040565645645
4,weekday_mean_8w,4,100038,PRODUCE,0.5358044568623044,2.7629083333333333,11.159342895647969
4,weekday_mean_8w,4,100039,PRODUCE,0.7697266949152544,-1.8645333333333334,6.769048524855266
4,weekday_mean_8w,4,100040,PRODUCE,0.9495333333333333,0.012833333333333207,4.412046081636965
4,weekday_mean_8w,4,100041,CLEANING,1.5833333333333333,0.11666666666666667,1.219692096196335
4,weekday_mean_8w,4,100042,CLEANING,2.5526315789473686,1.9333333333333333,2.9973450553702325
4,weekday_mean_8w,4,100043,CLEANING,1.3653846153846154,-0.15,1.8066098875280978
4,weekday_mean_8w,4,100044,CLEANING,0.5710382513661202,-0.6666666666666666,8.801210685116537
4,weekday_mean_8w,4,100045,CLEANING,0.6283783783783784,1.7333333333333334,15.927981518010851
4,weekday_mean_8w,4,100046,CLEANING,1.0,-0.8333333333333334,3.5429969490464397
4,weekday_mean_8w,4,100047,DAIRY,0.8534574041392589,0.3461000000000001,6.068575815361106
4,weekday_mean_8w,4,100048,DAIRY,1.0470794110547912,-1.9137333333333333,4.811475699867626
4,weekday_mean_8w,4,100049,DAIRY,1.1020626949183636,-0.6510166666666666,4.327641414930335
4,weekday_mean_8w,4,100050,DAIRY,0.9170940703237765,1.7911833333333333,10.357195143834561
4,weekday_mean_8w,4,100051,DAIRY,1.2410746077337573,1.7694166666666669,3.9990843543695216
4,weekday_mean_8w,4,100052,DAIRY,0.4781584884105578,-13.378158333333333,14.443535113029272
4,weekday_mean_8w,4,100053,BREAD/BAKERY,1.05156099647172,-0.5132,3.098174187554433
4,weekday_mean_8w,4,100054,BREAD/BAKERY,0.49953292208366495,2.079866666666667,7.935757602272376
4,weekday_mean_8w,4,100055,BREAD/BAKERY,1.4925396341463415,2.572391666666667,4.5112380014255455
4,weekday_mean_8w,4,100056,BREAD/BAKERY,1.749946517708581,3.1429749999999994,7.404441994686605
4,weekday_mean_8w,4,100057,BREAD/BAKERY,1.0855902674664926,-2.11275,4.380626124574382
4,weekday_mean_8w,4,100058,DELI,0.8503909143280389,-2.2469499999999996,3.9992917078818015
4,weekday_mean_8w,4,100059,DELI,1.2243617867229701,-0.10626666666666666,4.000800913083648
4,weekday_mean_8w,4,100060,EGGS,1.1916060044309806,0.4575166666666667,1.9356950929849341
4,weekday_mean_8w,5,100001,GROCERY I,1.3700980392156863,1.2583333333333333,6.0349552213591044
4,weekday_mean_8w,5,100002,GROCERY I,0.6348947895791583,7.675,49.936361286856176
4,weekday_mean_8w,5,100003,GROCERY I,0.91454802259887,-0.8083333333333333,12.146783328852756
4,weekday_mean_8w,5,100004,GROCERY I,1.0377358490566038,12.366666666666667,16.745766167118465
4,weekday_mean_8w,5,100005,GROCERY I,0.7893145161290323,-1.9083333333333334,8.115993176321382
4,weekday_mean_8w,5,100006,GROCERY I,1.1744186046511629,1.5,7.7609369831962205
4,weekday_mean_8w,5,100007,GROCERY I,7.875,4.808333333333334,4.050150643876749
4,weekday_mean_8w,5,100008,GROCERY I,1.0625,-0.8,1.796449872069116
4,weekday_mean_8w,5,100009,GROCERY I,0.875,-1.7666666666666666,4.307351136083963
4,weekday_mean_8w,5,100010,GROCERY I,4.053571428571429,1.7416666666666667,1.854330517104938
4,weekday_mean_8w,5,100011,GROCERY I,1.0401785714285714,-0.675,2.795404391905707
4,weekday_mean_8w,5,100012,GROCERY I,1.5458333333333334,0.825,3.633856176885061
4,weekday_mean_8w,5,100013,GROCERY I,0.2839176829268293,-1.5333333333333334,20.687322866455013
4,weekday_mean_8w,5,100014,GROCERY I,1.1193910256410255,0.25833333333333336,13.822008416531466
4,weekday_mean_8w,5,100015,GROCERY I,0.879257907542579,8.591666666666667,28.27296264395839
4,weekday_mean_8w,5,100016,GROCERY I,0.84375,3.575,11.224753417590708
4,weekday_mean_8w,5,100017,GROCERY I,0.8312274368231047,5.433333333333334,18.490336922939225
4,weekday_mean_8w,5,100018,GROCERY I,2.4479166666666665,2.05,4.064985503400614
4,weekday_mean_8w,5,100019,GROCERY I,0.9625,4.816666666666666,19.144298542037696
4,weekday_mean_8w,5,100020,BEVERAGES,0.9384920634920635,1.6333333333333333,17.237473885473502
4,weekday_mean_8w,5,100021,BEVERAGES,0.7824074074074074,-0.25833333333333336,5.203121201557315
4,weekday_mean_8w,5,100022,BEVERAGES,0.8817708333333333,1.425,16.826438062083813
4,weekday_mean_8w,5,100023,BEVERAGES,0.7245850622406639,-2.691666666666667,14.19026221275233
4,weekday_mean_8w,5,100024,BEVERAGES,1.0079113924050633,-1.4583333333333333,7.1199334534075795
4,weekday_mean_8w,5,100025,BEVERAGES,0.9190140845070423,-2.2333333333333334,5.920392019677975
4,weekday_mean_8w,5,100026,BEVERAGES,1.3782894736842106,1.2083333333333333,4.317651340166098
4,weekday_mean_8w,5,100027,BEVERAGES,0.6682432432432432,-2.5416666666666665,10.896905961042773
4,weekday_mean_8w,5,100028,BEVERAGES,1.0960144927536233,3.55,11.296807387171702
4,weekday_mean_8w,5,100029,BEVERAGES,1.053191489361702,-0.4,4.3386757360809005
4,weekday_mean_8w,5,100030,BEVERAGES,1.3688725490196079,2.591666666666667,10.529981289270221
4,weekday_mean_8w,5,100031,BEVERAGES,1.4203703703703703,7.116666666666666,12.767535793491838
4,weekday_mean_8w,5,100032,BEVERAGES,0.9028532608695652,4.675,14.059329007561391
4,weekday_mean_8w,5,100033,PRODUCE,0.6878056192502141,-2.940033333333334,19.512486016654794
4,weekday_mean_8w,5,100034,PRODUCE,0.805409120646818,3.0737166666666673,16.986155299615298
4,weekday_mean_8w,5,100035,PRODUCE,2.360094103808264,0.5598666666666666,2.983019128971439
4,weekday_mean_8w,5,100036,PRODUCE,0.9100758062126526,7.455483333333334,19.44979165381816
4,weekday_mean_8w,5,100037,PRODUCE,1.2265809513298753,-0.29531666666666656,4.86676159948484
4,weekday_mean_8w,5,100038,PRODUCE,0.701897465437788,1.4596166666666668,13.917353336532733
4,weekday_mean_8w,5,100039,PRODUCE,1.6999681818181818,3.4796833333333335,6.540423046480596
4,weekday_mean_8w,5,100040,PRODUCE,1.2162742235965198,-0.9134666666666665,5.624514093589605
4,weekday_mean_8w,5,100041,CLEANING,3.09375,0.375,1.1543783113495705
4,weekday_mean_8w,5,100042,CLEANING,0.7078313253012049,-2.4833333333333334,4.766856056843616
4,weekday_mean_8w,5,100043,CLEANING,1.2045454545454546,-0.05,1.333630919171953
4,weekday_mean_8w,5,100044,CLEANING,0.7033678756476683,2.55,11.274556532298732
4,weekday_mean_8w,5,100045,CLEANING,0.6279761904761905,1.5,13.908341536132706
4,weekday_mean_8w,5,100046,CLEANING,3.5,1.7833333333333334,1.6301201387218875
4,weekday_mean_8w,5,100047,DAIRY,1.0178333504150865,2.0512,5.1460120401106995
4,weekday_mean_8w,5,100048,DAIRY,1.805738095238095,1.5830833333333332,2.489307764535631
4,weekday_mean_8w,5,100049,DAIRY,1.187039329059908,-0.2059,5.190841914750301
4,weekday_mean_8w,5,100050,DAIRY,0.9771873013350286,2.1959499999999994,10.762154459132805
4,weekday_mean_8w,5,100051,DAIRY,0.9723182942784233,-1.0179666666666665,6.680444201786624
4,weekday_mean_8w,5,100052,DAIRY,0.724385344168384,-2.3966833333333337,23.268726438193944
4,weekday_mean_8w,5,100053,BREAD/BAKERY,1.6563124999999999,0.7956166666666667,2.462228106122051
4,weekday_mean_8w,5,100054,BREAD/BAKERY,0.48809574625506535,-0.2899416666666664,8.108912082282341
4,weekday_mean_8w,5,100055,BREAD/BAKERY,1.0851188466808317,0.4091500000000002,4.265325355566593
4,weekday_mean_8w,5,100056,BREAD/BAKERY,0.7846853796382299,0.030850000000000103,7.951748484469806
4,weekday_mean_8w,5,100057,BREAD/BAKERY,1.110336851236085,0.11509999999999998,3.4904125284484637
4,weekday_mean_8w,5,100058,DELI,0.8617893106119288,0.6523,2.230110839053585
4,weekday_mean_8w,5,100059,DELI,0.8531065634218288,-0.1227,2.7640808028748776
4,weekday_mean_8w,5,100060,EGGS,0.8099319183019622,-0.21839999999999998,1.788468560768442
4,weekday_mean_8w,6,100001,GROCERY I,1.125,-0.8833333333333333,4.055823267963285
4,weekday_mean_8w,6,100002,GROCERY I,0.6394230769230769,4.783333333333333,21.71124763364657
4,weekday_mean_8w,6,100003,GROCERY I,1.007267441860465,0.9583333333333334,6.675626419688125
4,weekday_mean_8w,6,100004,GROCERY I,0.6633663366336634,-1.7333333333333334,10.137213386236636
4,weekday_mean_8w,6,100005,GROCERY I,1.546875,1.3166666666666667,3.7665902857826707
4,weekday_mean_8w,6,100006,GROCERY I,1.0657894736842106,0.43333333333333335,4.836354761693189
4,weekday_mean_8w,6,100007,GROCERY I,1.4087837837837838,0.425,4.7285228741572745
4,weekday_mean_8w,6,100008,GROCERY I,1.0113636363636365,-0.475,1.1399796364096033
4,weekday_mean_8w,6,100009,GROCERY I,3.3214285714285716,1.2166666666666666,1.5885097088900952
4,weekday_mean_8w,6,100010,GROCERY I,1.5138888888888888,0.24166666666666667,1.0548216956072762
4,weekday_mean_8w,6,100011,GROCERY I,1.75,0.26666666666666666,0.6828032206245355
4,weekday_mean_8w,6,100012,GROCERY I,2.090909090909091,0.35,2.02726945139797
4,weekday_mean_8w,6,100013,GROCERY I,0.4663284132841328,0.6083333333333333,11.854575166616153
4,weekday_mean_8w,6,100014,GROCERY I,1.344758064516129,0.775,6.488864087254189
4,weekday_mean_8w,6,100015,GROCERY I,0.5422705314009661,4.7,9.25769467601334
4,weekday_mean_8w,6,100016,GROCERY I,0.8391304347826087,0.4,7.991234036653627
4,weekday_mean_8w,6,100017,GROCERY I,0.6923652694610778,2.058333333333333,9.390566441660381
4,weekday_mean_8w,6,100018,GROCERY I,0.9786585365853658,-0.5583333333333333,3.3809031267371377
4,weekday_mean_8w,6,100019,GROCERY I,1.0134408602150538,0.9666666666666667,7.933944179164309
4,weekday_mean_8w,6,100020,BEVERAGES,0.7954545454545454,0.23333333333333334,7.407896767896373
4,weekday_mean_8w,6,100021,BEVERAGES,1.49,1.1333333333333333,3.0754887339057113
4,weekday_mean_8w,6,100022,BEVERAGES,0.7845238095238095,-0.575,7.302427433981897
4,weekday_mean_8w,6,100023,BEVERAGES,0.8848039215686274,1.1333333333333333,6.95384443174798
4,weekday_mean_8w,6,100024,BEVERAGES,1.3,-0.26666666666666666,4.188863495144283
4,weekday_mean_8w,6,100025,BEVERAGES,0.9427083333333334,-0.175,2.0733211797224556
4,weekday_mean_8w,6,100026,BEVERAGES,1.4083333333333334,0.24166666666666667,1.8098605576384161
4,weekday_mean_8w,6,100027,BEVERAGES,1.8125,2.3666666666666667,4.474747266074153
4,weekday_mean_8w,6,100028,BEVERAGES,1.0946969696969697,1.6166666666666667,6.602128084041936
4,weekday_mean_8w,6,100029,BEVERAGES,1.0789473684210527,0.016666666666666666,1.9120544921503626
4,weekday_mean_8w,6,100030,BEVERAGES,0.8119266055045872,-2.6166666666666667,7.599851189019303
4,weekday_mean_8w,6,100031,BEVERAGES,0.65625,0.25,6.659780669919136
4,weekday_mean_8w,6,100032,BEVERAGES,2.1547619047619047,3.933333333333333,5.406441814653895
4,weekday_mean_8w,6,100033,PRODUCE,0.7860663397223314,3.2855000000000003,9.026296908448352
4,weekday_mean_8w,6,100034,PRODUCE,0.7533464212731501,-0.9646833333333337,9.827691001304075
4,weekday_mean_8w,6,100035,PRODUCE,1.453125,0.0,1.9803724397193574
4,weekday_mean_8w,6,100036,PRODUCE,0.41315557993467056,-1.9426833333333329,6.323720870423029
4,weekday_mean_8w,6,100037,PRODUCE,1.3419545454545452,-0.05183333333333332,2.431115803616775
4,weekday_mean_8w,6,100038,PRODUCE,0.4574737815535953,-1.3166583333333333,5.801152382144697
4,weekday_mean_8w,6,100039,PRODUCE,1.1545474137931035,0.5291583333333333,2.4379573611512706
4,weekday_mean_8w,6,100040,PRODUCE,1.9565272964835538,0.8489833333333333,2.5635232246584185
4,weekday_mean_8w,6,100041,CLEANING,1.8541666666666667,0.225,0.9212278297390469
4,weekday_mean_8w,6,100042,CLEANING,1.4609375,0.7416666666666667,1.6301201387218875
4,weekday_mean_8w,6,100043,CLEANING,7.75,0.38333333333333336,0.4393244272527449
4,weekday_mean_8w,6,100044,CLEANING,0.65234375,-3.15,6.723028123015487
4,weekday_mean_8w,6,100045,CLEANING,0.553030303030303,-0.16666666666666666,5.950252595678687
4,weekday_mean_8w,6,100046,CLEANING,1.09375,0.041666666666666664,1.9322605808691933
4,weekday_mean_8w,6,100047,DAIRY,1.931801404572842,2.129008333333333,3.016001578806466
4,weekday_mean_8w,6,100048,DAIRY,1.6338579176669332,-0.09988333333333337,1.7002474987028324
4,weekday_mean_8w,6,100049,DAIRY,1.0829226978749615,-0.32591666666666674,1.5581503899331441
4,weekday_mean_8w,6,100050,DAIRY,0.853021269277074,-0.7018666666666667,6.082389820039214
4,weekday_mean_8w,6,100051,DAIRY,1.1169008195350394,-0.16434999999999994,2.8524523605481003
4,weekday_mean_8w,6,100052,DAIRY,0.6270890231092436,1.296283333333333,10.050560737007354
4,weekday_mean_8w,6,100053,BREAD/BAKERY,0.9160193117467693,-0.4594166666666667,2.327161727694325
4,weekday_mean_8w,6,100054,BREAD/BAKERY,0.5050208215029339,-0.7068249999999999,3.3322224139561016
4,weekday_mean_8w,6,100055,BREAD/BAKERY,1.133692858454195,-0.527975,2.9594812954963676
4,weekday_mean_8w,6,100056,BREAD/BAKERY,1.3027821046449273,1.4187333333333334,3.4089438587112637
4,weekday_mean_8w,6,100057,BREAD/BAKERY,1.1397613636363637,-0.49948333333333333,2.3155299473775717
4,weekday_mean_8w,6,100058,DELI,0.9280641684103735,0.01639999999999997,1.3099842515411069
4,weekday_mean_8w,6,100059,DELI,1.080925,-0.07883333333333337,2.008018216485621
4,weekday_mean_8w,6,100060,EGGS,1.2231716774039607,0.10891666666666669,1.7200082911362322
4,lightgbm_recursive,1,100001,GROCERY I,1.2047585274568184,-0.23620952065422346,4.190636927383154
4,lightgbm_recursive,1,100002,GROCERY I,0.4887692206255855,7.684908155525507,32.11624123260201
4,lightgbm_recursive,1,100003,GROCERY I,0.8135681836769203,-0.15693063770437873,9.05866710515412
4,lightgbm_recursive,1,100004,GROCERY I,0.5774311603641533,3.7387506791956366,12.923870863329766
4,lightgbm_recursive,1,100005,GROCERY I,0.873635558350285,-1.0349127544521741,5.725843206992439
4,lightgbm_recursive,1,100006,GROCERY I,1.0507378630385211,-0.23756629841922833,8.709767490021795
4,lightgbm_recursive,1,100007,GROCERY I,0.9343637240927127,-0.8128295783633455,4.930158246552617
4,lightgbm_recursive,1,100008,GROCERY I,1.2743227023111472,-0.46565055408246825,2.66412187515171
4,lightgbm_recursive,1,100009,GROCERY I,0.9685235927812468,-1.3944916657505653,3.9492965846442756
4,lightgbm_recursive,1,100010,GROCERY I,1.0772909819543615,-0.3829381001008954,2.526503707858118
4,lightgbm_recursive,1,100011,GROCERY I,2.4016185286979073,0.5612536448490597,0.6783440961662668
4,lightgbm_recursive,1,100012,GROCERY I,1.2300181262556742,-0.2929433607807828,4.152628531067761
4,lightgbm_recursive,1,100013,GROCERY I,0.45790935829963025,-4.193126009496532,13.734521067312533
4,lightgbm_recursive,1,100014,GROCERY I,2.7623780825467077,4.8485287678295474,4.826352294830589
4,lightgbm_recursive,1,100015,GROCERY I,0.31007928690345693,-2.948292568605039,12.275570953853943
4,lightgbm_recursive,1,100016,GROCERY I,0.7899401322580966,-1.198053387609014,12.132421525137664
4,lightgbm_recursive,1,100017,GROCERY I,0.7782409966225662,2.2462393619982204,14.137792361995633
4,lightgbm_recursive,1,100018,GROCERY I,0.9794350228785261,-1.2011808825931447,4.732790745175622
4,lightgbm_recursive,1,100019,GROCERY I,1.0135703048825337,5.063663172496599,8.63544188854181
4,lightgbm_recursive,1,100020,BEVERAGES,0.566391527896142,-1.841534704944162,10.578818414151499
4,lightgbm_recursive,1,100021,BEVERAGES,1.017299557426769,-1.2095452086716256,6.052852497902776
4,lightgbm_recursive,1,100022,BEVERAGES,1.0433905079062507,5.516270675355344,7.719744197311102
4,lightgbm_recursive,1,100023,BEVERAGES,0.737807554492858,-3.879281169615054,14.381911340077545
4,lightgbm_recursive,1,100024,BEVERAGES,1.1609820871129413,0.6084785144159037,3.7056694408576445
4,lightgbm_recursive,1,100025,BEVERAGES,1.4940135808138375,0.21109168824940774,3.564167580330536
4,lightgbm_recursive,1,100026,BEVERAGES,1.5908581358876974,0.6864175816633473,2.1847366203064853
4,lightgbm_recursive,1,100027,BEVERAGES,1.8806192819662904,3.9950505632788333,5.47681720761623
4,lightgbm_recursive,1,100028,BEVERAGES,2.5009834038442254,5.978324876190899,4.980291897173802
4,lightgbm_recursive,1,100029,BEVERAGES,1.231148985547383,-0.7732287615967877,5.165834479107892
4,lightgbm_recursive,1,100030,BEVERAGES,0.8122887575911418,0.11837870361087871,6.812717341828448
4,lightgbm_recursive,1,100031,BEVERAGES,0.9287145561297898,0.15060823496234418,12.461105788428348
4,lightgbm_recursive,1,100032,BEVERAGES,0.8201200267841429,2.809361494659663,9.750943670949441
4,lightgbm_recursive,1,100033,PRODUCE,0.35482258132187067,1.513515486747944,7.445905043845685
4,lightgbm_recursive,1,100034,PRODUCE,0.8083584422581757,1.0872561836661938,16.35584181286297
4,lightgbm_recursive,1,100035,PRODUCE,1.1714754037222095,-0.1214363168515468,2.4519155840798543
4,lightgbm_recursive,1,100036,PRODUCE,0.3536734057950936,0.7949891367364494,7.335840614217891
4,lightgbm_recursive,1,100037,PRODUCE,0.9686339801066811,-0.7703861257836672,3.0640993398810212
4,lightgbm_recursive,1,100038,PRODUCE,0.38674275265209324,-5.25042813932918,5.8957110063176374
4,lightgbm_recursive,1,100039,PRODUCE,0.7007486667849239,-0.19647285872504602,3.9878701942339223
4,lightgbm_recursive,1,100040,PRODUCE,1.9896062828246481,1.5516213011438915,1.948264126798863
4,lightgbm_recursive,1,100041,CLEANING,1.422195540980101,-0.08715650975951081,1.3940238933020832
4,lightgbm_recursive,1,100042,CLEANING,1.2796424006982643,0.06878442566988209,3.941913378075149
4,lightgbm_recursive,1,100043,CLEANING,1.4072421292011545,-0.09472321778151273,1.5854614817407833
4,lightgbm_recursive,1,100044,CLEANING,0.33194086250767235,-2.5175395693042986,4.033291288771568
4,lightgbm_recursive,1,100045,CLEANING,0.9265800983275863,2.3241028970782804,14.113857496653836
4,lightgbm_recursive,1,100046,CLEANING,1.2767798318871753,0.11516469893485352,2.3682188474673804
4,lightgbm_recursive,1,100047,DAIRY,0.9592099864165419,0.9483163690426069,3.955886439526975
4,lightgbm_recursive,1,100048,DAIRY,1.0623929319039744,-0.33696419925646537,3.079436677246325
4,lightgbm_recursive,1,100049,DAIRY,1.8855782283898321,1.062447575071775,1.4943852476395825
4,lightgbm_recursive,1,100050,DAIRY,0.45699306107426974,-3.260253512128515,5.9936682952278675
4,lightgbm_recursive,1,100051,DAIRY,1.098498396902329,0.6247260413274354,3.4526542635819166
4,lightgbm_recursive,1,100052,DAIRY,0.5236805773266392,-2.1189979633823546,12.865064360802346
4,lightgbm_recursive,1,100053,BREAD/BAKERY,0.8681108529858106,-0.8529990083524843,2.5359260454182744
4,lightgbm_recursive,1,100054,BREAD/BAKERY,0.38084376784520324,0.20650340042326729,4.049309395814972
4,lightgbm_recursive,1,100055,BREAD/BAKERY,1.1417801347265009,1.046109388795242,2.8262268097727747
4,lightgbm_recursive,1,100056,BREAD/BAKERY,0.8734001182976316,1.0431037023148013,5.08218412093554
4,lightgbm_recursive,1,100057,BREAD/BAKERY,1.3142873648946745,0.0947531746056584,2.5378770722220425
4,lightgbm_recursive,1,100058,DELI,1.719340862295735,0.8959230692119812,1.9311421422577213
4,lightgbm_recursive,1,100059,DELI,1.0561747084636819,0.4574047273249006,1.6800628674175277
4,lightgbm_recursive,1,100060,EGGS,1.8627334584457553,0.4680113268467379,1.5523843215694122
4,lightgbm_recursive,2,100001,GROCERY I,1.6149885532962929,0.7267732007014248,3.948082110023961
4,lightgbm_recursive,2,100002,GROCERY I,0.6697856207032825,15.248729002536823,35.19772710012542
4,lightgbm_recursive,2,100003,GROCERY I,0.7293225332789073,-4.231570668398151,9.648218217807912
4,lightgbm_recursive,2,100004,GROCERY I,0.8760947142697133,6.987676660785306,12.757149701602115
4,lightgbm_recursive,2,100005,GROCERY I,0.7749265843973291,-0.8510463661572972,4.580915658619745
4,lightgbm_recursive,2,100006,GROCERY I,0.7303490533733716,-1.426633112018926,6.361216837584411
4,lightgbm_recursive,2,100007,GROCERY I,1.1909206770314178,-0.6097942408061913,5.812413308772588
4,lightgbm_recursive,2,100008,GROCERY I,5.234261884651607,0.5249748338680382,0.509180789730911
4,lightgbm_recursive,2,100009,GROCERY I,1.11224124039521,-0.43657766339065524,3.0024907829772842
4,lightgbm_recursive,2,100010,GROCERY I,1.0226247179361785,-1.184127871271087,3.2037317914427743
4,lightgbm_recursive,2,100011,GROCERY I,1.113694296687695,-0.4330762326794639,2.2410927096527096
4,lightgbm_recursive,2,100012,GROCERY I,2.8310501257405605,1.6263407514554207,1.8006841242616494
4,lightgbm_recursive,2,100013,GROCERY I,0.4427429199117764,-1.4191062978868212,14.137339303317745
4,lightgbm_recursive,2,100014,GROCERY I,0.8455656656260799,-1.1626219640063589,7.446247462738184
4,lightgbm_recursive,2,100015,GROCERY I,0.2957081140460041,-4.061040029651463,12.583122909598655
4,lightgbm_recursive,2,100016,GROCERY I,0.5810708285287358,-1.591284785828418,9.490201759458504
4,lightgbm_recursive,2,100017,GROCERY I,0.6748693336765601,5.612432888443091,10.738655813875766
4,lightgbm_recursive,2,100018,GROCERY I,1.0997555470744766,0.2354074078756009,4.023099898072618
4,lightgbm_recursive,2,100019,GROCERY I,0.8790979167161604,0.2247131257425984,13.567243535422596
4,lightgbm_recursive,2,100020,BEVERAGES,0.7917685082359337,-0.8101420536153817,11.54363695169406
4,lightgbm_recursive,2,100021,BEVERAGES,0.9370154053974924,-1.893359854438958,7.264093837797137
4,lightgbm_recursive,2,100022,BEVERAGES,0.7465434302819465,1.0214000112608648,9.907629214502307
4,lightgbm_recursive,2,100023,BEVERAGES,0.7754981118960373,1.886252314732374,9.780763166354886
4,lightgbm_recursive,2,100024,BEVERAGES,0.9328589995435459,-1.236993780960614,6.001112164645569
4,lightgbm_recursive,2,100025,BEVERAGES,1.3895454284776327,0.3105619796647943,3.1640881406007133
4,lightgbm_recursive,2,100026,BEVERAGES,2.869909588771027,1.312609904704698,1.7801849669818801
4,lightgbm_recursive,2,100027,BEVERAGES,2.1934723291688774,4.988818828937172,5.594966534381112
4,lightgbm_recursive,2,100028,BEVERAGES,0.898616724827411,0.1805652841250706,9.397709411648412
4,lightgbm_recursive,2,100029,BEVERAGES,2.418547793595338,1.4891524949021693,2.654564905888481
4,lightgbm_recursive,2,100030,BEVERAGES,0.951164742688018,1.1448435452588976,7.0433060800585805
4,lightgbm_recursive,2,100031,BEVERAGES,0.8298190129856583,1.1686646574463082,10.616202238416097
4,lightgbm_recursive,2,100032,BEVERAGES,1.6392412621991865,6.800065539508563,10.049923686564526
4,lightgbm_recursive,2,100033,PRODUCE,0.9926339337237186,6.142580893735408,11.99989556246542
4,lightgbm_recursive,2,100034,PRODUCE,0.5384268028022577,1.2789832786106858,8.647987332745057
4,lightgbm_recursive,2,100035,PRODUCE,2.032844145369733,0.7233208549477284,1.4117841128163802
4,lightgbm_recursive,2,100036,PRODUCE,0.45413845217124393,2.621771268630415,9.915152137782325
4,lightgbm_recursive,2,100037,PRODUCE,1.6625793869126142,0.611579260548118,2.8733804038382584
4,lightgbm_recursive,2,100038,PRODUCE,1.1501320531732124,5.351504405155496,8.173685239650393
4,lightgbm_recursive,2,100039,PRODUCE,1.1896713507198975,0.2598937082437796,5.176444236388451
4,lightgbm_recursive,2,100040,PRODUCE,1.5756689902613998,0.9388831385493542,2.5633082637135827
4,lightgbm_recursive,2,100041,CLEANING,1.493706441183814,0.1742624919604645,0.7608684189584061
4,lightgbm_recursive,2,100042,CLEANING,0.7406879455041473,-1.3374482594385204,3.519235091795025
4,lightgbm_recursive,2,100043,CLEANING,1.5649199087296177,-0.002491172079796744,1.7469111658495418
4,lightgbm_recursive,2,100044,CLEANING,0.5942074235969799,-2.143786135451744,8.85801563593052
4,lightgbm_recursive,2,100045,CLEANING,0.4409268630958178,-4.508527846240668,8.681507672326218
4,lightgbm_recursive,2,100046,CLEANING,2.0084561858679075,0.6913811614965397,2.036254735089657
4,lightgbm_recursive,2,100047,DAIRY,0.8526428622289279,0.4897689170565335,4.374683982516095
4,lightgbm_recursive,2,100048,DAIRY,1.6582228809287822,0.6230129896125706,2.608047813224278
4,lightgbm_recursive,2,100049,DAIRY,1.049291319426294,-0.03431223996947657,2.552924106293449
4,lightgbm_recursive,2,100050,DAIRY,0.6027207082717458,0.712485965922897,6.207897473756445
4,lightgbm_recursive,2,100051,DAIRY,0.9415105611080032,-1.3013960293848266,5.834187589351916
4,lightgbm_recursive,2,100052,DAIRY,1.0415879475309693,5.762802585107243,14.185139142170403
4,lightgbm_recursive,2,100053,BREAD/BAKERY,1.5180225703977235,0.4797904976246818,2.266155230874586
4,lightgbm_recursive,2,100054,BREAD/BAKERY,0.8172790580575539,0.4999666974008029,7.1627448600719585
4,lightgbm_recursive,2,100055,BREAD/BAKERY,1.0060793639963042,0.3806740502976972,3.340515665460541
4,lightgbm_recursive,2,100056,BREAD/BAKERY,1.0871569992603773,0.9858628686183261,7.147946984677267
4,lightgbm_recursive,2,100057,BREAD/BAKERY,1.436643743934484,0.26824409840119734,2.4077211677210273
4,lightgbm_recursive,2,100058,DELI,0.7202462906082847,-0.9520338348572793,1.9555291406975386
4,lightgbm_recursive,2,100059,DELI,1.2806229023633346,0.2241571538003547,2.2348338896693636
4,lightgbm_recursive,2,100060,EGGS,0.9445002324793413,-0.42235964824562494,1.6406801298412585
4,lightgbm_recursive,3,100001,GROCERY I,1.6320783407953454,0.6972869712269533,3.928404281139504
4,lightgbm_recursive,3,100002,GROCERY I,0.6989414152695549,2.0191835633736885,39.29327004286663
4,lightgbm_recursive,3,100003,GROCERY I,0.9290591283063814,0.4649871212704248,10.144768004385202
4,lightgbm_recursive,3,100004,GROCERY I,0.653524322431487,-0.6837894175140574,16.37059883912908
4,lightgbm_recursive,3,100005,GROCERY I,1.5496812572726213,1.3134150432426022,5.008760358304346
4,lightgbm_recursive,3,100006,GROCERY I,2.1787565239424818,3.1936145822091264,5.508649996735344
4,lightgbm_recursive,3,100007,GROCERY I,0.8596205706949551,-0.26723147096244104,3.8830072300679257
4,lightgbm_recursive,3,100008,GROCERY I,1.2959066183326855,-0.09962839361825492,1.3824434578828744
4,lightgbm_recursive,3,100009,GROCERY I,1.4790490180058669,0.40866012147186753,2.369456026394368
4,lightgbm_recursive,3,100010,GROCERY I,3.774808644159093,0.9976885457854491,0.9049849279441023
4,lightgbm_recursive,3,100011,GROCERY I,1.3980529398611476,0.022358102411735636,1.4614764311921467
4,lightgbm_recursive,3,100012,GROCERY I,2.2149753865951345,1.4263278969556756,2.2518189307339327
4,lightgbm_recursive,3,100013,GROCERY I,0.5779860334730483,-1.8139726939986123,19.63753456873276
4,lightgbm_recursive,3,100014,GROCERY I,0.6387834264652442,-2.6193130329154513,6.821977487862791
4,lightgbm_recursive,3,100015,GROCERY I,0.7137310298789057,-1.275024133225416,19.49661802274861
4,lightgbm_recursive,3,100016,GROCERY I,0.54040481908845,-2.0494649377698866,7.694847541835474
4,lightgbm_recursive,3,100017,GROCERY I,0.4277737754822842,-3.608788163695637,12.801435591463761
4,lightgbm_recursive,3,100018,GROCERY I,1.0182522516212051,-0.5925723887041069,4.634873446639193
4,lightgbm_recursive,3,100019,GROCERY I,0.8869221933794514,2.802106673494259,9.96217742175051
4,lightgbm_recursive,3,100020,BEVERAGES,3.1162373568371144,9.98511085628247,7.857528997509759
4,lightgbm_recursive,3,100021,BEVERAGES,0.8635023328266656,-0.9103917033142355,4.33176791609005
4,lightgbm_recursive,3,100022,BEVERAGES,0.9339073986049098,-0.2324224980852287,11.920920035627065
4,lightgbm_recursive,3,100023,BEVERAGES,1.1172846926605757,3.8540122100408194,10.230498172509469
4,lightgbm_recursive,3,100024,BEVERAGES,1.2884587799472877,0.24713043398014786,4.960101765926837
4,lightgbm_recursive,3,100025,BEVERAGES,1.0692195555157613,-0.6018396906255525,3.4116317595244454
4,lightgbm_recursive,3,100026,BEVERAGES,1.0242776769220192,-0.07388942779016654,3.1257048892506067
4,lightgbm_recursive,3,100027,BEVERAGES,0.8379297480984973,1.6811668800570307,6.079942478627773
4,lightgbm_recursive,3,100028,BEVERAGES,1.0869401636907219,1.7801268666735452,8.531480651607762
4,lightgbm_recursive,3,100029,BEVERAGES,1.2048086272783565,-0.3012902784776663,4.520962004943985
4,lightgbm_recursive,3,100030,BEVERAGES,0.8809143100420372,-2.8828204120485137,9.591523094811665
4,lightgbm_recursive,3,100031,BEVERAGES,0.9125206229294778,0.8565078323004623,13.564333774768407
4,lightgbm_recursive,3,100032,BEVERAGES,0.9852249181971038,3.9051854757124023,7.369387401870129
4,lightgbm_recursive,3,100033,PRODUCE,0.41451700038863865,-2.795162464740666,11.270625474710641
4,lightgbm_recursive,3,100034,PRODUCE,0.4238087523199848,-1.241715011026722,8.12319879313941
4,lightgbm_recursive,3,100035,PRODUCE,1.2878179473538591,0.1661226031026756,2.1130427471284223
4,lightgbm_recursive,3,100036,PRODUCE,0.5831750342964588,-5.242386642647849,14.721050661859875
4,lightgbm_recursive,3,100037,PRODUCE,1.5367138382588084,0.6464597604182757,2.858042026427236
4,lightgbm_recursive,3,100038,PRODUCE,1.1000404920648954,3.619600229681007,7.843386745160642
4,lightgbm_recursive,3,100039,PRODUCE,0.9370689314328534,-0.797108136693591,4.9713229063994575
4,lightgbm_recursive,3,100040,PRODUCE,1.1611432523230465,-0.7178794811298062,4.355935629529673
4,lightgbm_recursive,3,100041,CLEANING,1.123430334698645,-0.05249289054889126,1.084950308911659
4,lightgbm_recursive,3,100042,CLEANING,1.2923919745735775,0.03250461520241048,4.608997280554026
4,lightgbm_recursive,3,100043,CLEANING,1.2356522453434393,-0.3383150329342345,2.0518687692119353
4,lightgbm_recursive,3,100044,CLEANING,0.7766843207555048,1.8738558682147364,7.612300062023743
4,lightgbm_recursive,3,100045,CLEANING,0.4765999143741255,-1.6860269851666378,10.699790872843288
4,lightgbm_recursive,3,100046,CLEANING,1.1503763607273074,0.07914140191905997,1.8312297716420427
4,lightgbm_recursive,3,100047,DAIRY,1.1482349975420258,1.3268771503903742,4.6751925608282665
4,lightgbm_recursive,3,100048,DAIRY,1.5798809472351323,0.8001442399855461,1.5614065426632049
4,lightgbm_recursive,3,100049,DAIRY,1.833981341916532,1.0380084064605246,1.616753085496463
4,lightgbm_recursive,3,100050,DAIRY,0.7475081313370296,0.14911045901992992,6.874940749835857
4,lightgbm_recursive,3,100051,DAIRY,0.9800859268999487,-0.4941144129794034,3.9910053486855146
4,lightgbm_recursive,3,100052,DAIRY,0.6243336439422166,-1.2870875270470201,13.389485487428475
4,lightgbm_recursive,3,100053,BREAD/BAKERY,1.0401175450735576,-0.49337562703558063,2.559366884494429
4,lightgbm_recursive,3,100054,BREAD/BAKERY,0.7045952148890148,-1.9320472483188775,6.959695588677644
4,lightgbm_recursive,3,100055,BREAD/BAKERY,0.7729858225971785,-0.8842020538675962,4.005539885035141
4,lightgbm_recursive,3,100056,BREAD/BAKERY,0.5427270480466584,-0.6948934763656366,5.064930428088572
4,lightgbm_recursive,3,100057,BREAD/BAKERY,2.1150953412433116,0.859259979389505,1.680130763395674
4,lightgbm_recursive,3,100058,DELI,0.9361405495657789,-0.5398892404656169,3.298654082937922
4,lightgbm_recursive,3,100059,DELI,1.3163654267882061,0.23817876658387746,2.359579473012431
4,lightgbm_recursive,3,100060,EGGS,1.3910650388534953,0.14278144226465686,1.6626209750578052
4,lightgbm_recursive,4,100001,GROCERY I,1.6946231719068117,1.404343547017226,5.365036601367596
4,lightgbm_recursive,4,100002,GROCERY I,0.34115036479054534,-3.6607086369334803,35.03925263039435
4,lightgbm_recursive,4,100003,GROCERY I,1.8469086526478777,7.903350092340281,11.539254018477976
4,lightgbm_recursive,4,100004,GROCERY I,0.5345580006109364,-8.923225715440244,25.070198004524485
4,lightgbm_recursive,4,100005,GROCERY I,1.0807175794578592,0.6033619388458333,6.664101309551677
4,lightgbm_recursive,4,100006,GROCERY I,0.7244217646154705,-2.136231128474487,8.393352864525522
4,lightgbm_recursive,4,100007,GROCERY I,0.9551656973451341,-0.5718389445969739,5.8243539683606755
4,lightgbm_recursive,4,100008,GROCERY I,1.2720985475721298,-0.27700317576307787,2.00148311950404
4,lightgbm_recursive,4,100009,GROCERY I,1.258598262460303,0.3872972713938165,3.091042595349749
4,lightgbm_recursive,4,100010,GROCERY I,0.9255966501839937,-1.0065169228491044,3.0847039220753425
4,lightgbm_recursive,4,100011,GROCERY I,1.1132203850893005,-0.8863819670378513,3.1434407512263842
4,lightgbm_recursive,4,100012,GROCERY I,1.2268953545446708,-0.3405141787859802,5.353931464595945
4,lightgbm_recursive,4,100013,GROCERY I,0.37702773962751807,-17.58310005978331,18.641158837704598
4,lightgbm_recursive,4,100014,GROCERY I,1.0994591499610316,1.8042106542395937,9.06230361327737
4,lightgbm_recursive,4,100015,GROCERY I,0.34572441347544824,-4.932191693151439,18.665490765706767
4,lightgbm_recursive,4,100016,GROCERY I,1.1261657617731986,-0.6378284352772288,19.90359799669434
4,lightgbm_recursive,4,100017,GROCERY I,0.5352177093470616,0.27130462119924037,16.950854073268825
4,lightgbm_recursive,4,100018,GROCERY I,1.4832540022702603,0.8413346978587016,5.523625242243036
4,lightgbm_recursive,4,100019,GROCERY I,0.9642502649420172,2.6988068860005496,14.956923928634913
4,lightgbm_recursive,4,100020,BEVERAGES,0.8791082852009157,0.7115592382557208,23.464001479958334
4,lightgbm_recursive,4,100021,BEVERAGES,0.9453251514549911,-1.79568144426409,6.962989044576888
4,lightgbm_recursive,4,100022,BEVERAGES,0.980622935080654,0.6860387651399672,18.51146079355096
4,lightgbm_recursive,4,100023,BEVERAGES,1.048654965076264,-0.05691280361854372,20.863462405431882
4,lightgbm_recursive,4,100024,BEVERAGES,1.095977107731389,-0.03261515815610968,5.832645630410791
4,lightgbm_recursive,4,100025,BEVERAGES,0.975853521766925,-0.9505486986306212,4.681817697471932
4,lightgbm_recursive,4,100026,BEVERAGES,1.0525680188155424,-0.28626182484035234,3.651898122569183
4,lightgbm_recursive,4,100027,BEVERAGES,0.8221103098521246,-2.408030094919126,10.23587125152918
4,lightgbm_recursive,4,100028,BEVERAGES,0.9875404072415488,2.333553048119096,14.305303815790266
4,lightgbm_recursive,4,100029,BEVERAGES,1.6476373246756868,1.0396566684859374,5.412698616447149
4,lightgbm_recursive,4,100030,BEVERAGES,0.7377299412374801,-1.5214811112627173,8.037651040690376
4,lightgbm_recursive,4,100031,BEVERAGES,0.434934328910934,-2.5397295191938767,11.552969509458903
4,lightgbm_recursive,4,100032,BEVERAGES,0.6349278482469052,-4.568234507862057,16.80714179891497
4,lightgbm_recursive,4,100033,PRODUCE,0.6877100289960894,5.541782365009623,16.528389775327685
4,lightgbm_recursive,4,100034,PRODUCE,0.611284869645793,2.2525687107660324,14.166528828797672
4,lightgbm_recursive,4,100035,PRODUCE,1.0719081219581748,-0.2925695979978895,3.129535200554955
4,lightgbm_recursive,4,100036,PRODUCE,0.6353688160064364,4.164677578482011,17.63291828745398
4,lightgbm_recursive,4,100037,PRODUCE,1.7924156981443506,1.454785925018785,3.404286386292554
4,lightgbm_recursive,4,100038,PRODUCE,0.46468247633336435,0.8502914192107508,10.556100679828006
4,lightgbm_recursive,4,100039,PRODUCE,0.8274249695666578,-1.6673580504224432,7.401980389009728
4,lightgbm_recursive,4,100040,PRODUCE,1.08064415336466,-0.10139207735987057,4.779703223482367
4,lightgbm_recursive,4,100041,CLEANING,1.7938491168697714,0.23495971020411072,1.2154846880744197
4,lightgbm_recursive,4,100042,CLEANING,2.7811103279797527,2.527337592386713,2.7679050386908526
4,lightgbm_recursive,4,100043,CLEANING,1.610766582618689,0.08914678736606438,1.8530655398470173
4,lightgbm_recursive,4,100044,CLEANING,0.48221451879111393,0.5815042370497001,7.73178398302825
4,lightgbm_recursive,4,100045,CLEANING,0.5814482706755727,0.965500595829863,14.449938850720587
4,lightgbm_recursive,4,100046,CLEANING,0.9586128717794647,-0.6498864200470609,3.209824457437921
4,lightgbm_recursive,4,100047,DAIRY,0.8182782103630948,0.22657105409631917,5.941700875393232
4,lightgbm_recursive,4,100048,DAIRY,0.9369708272289865,-1.8006053464693015,4.263766737705092
4,lightgbm_recursive,4,100049,DAIRY,1.0974188550759942,-0.23455662753880382,4.134204581379502
4,lightgbm_recursive,4,100050,DAIRY,0.7253411616100859,2.029552599495464,7.943266363315545
4,lightgbm_recursive,4,100051,DAIRY,1.414075076865254,1.7411997962659505,4.165518269662666
4,lightgbm_recursive,4,100052,DAIRY,0.4162297699238562,-10.49111625100524,14.417385272349621
4,lightgbm_recursive,4,100053,BREAD/BAKERY,0.9365379258652247,-0.09871253176305794,2.784589030238378
4,lightgbm_recursive,4,100054,BREAD/BAKERY,0.45137888823766686,-0.3755590352347841,7.551470421590248
4,lightgbm_recursive,4,100055,BREAD/BAKERY,1.2713713888626084,1.611837688323903,3.657341049468138
4,lightgbm_recursive,4,100056,BREAD/BAKERY,1.7022867587384953,4.31444936331059,6.524440236180655
4,lightgbm_recursive,4,100057,BREAD/BAKERY,0.9896579761450178,-1.1757836624585403,4.046768796460895
4,lightgbm_recursive,4,100058,DELI,0.7808600494947416,-1.6111315187345336,3.7025396195577467
4,lightgbm_recursive,4,100059,DELI,1.1889481036549514,-0.06617431093819122,3.6780203737781987
4,lightgbm_recursive,4,100060,EGGS,1.2144705231398025,-0.003446198283419492,1.9788215426482467
4,lightgbm_recursive,5,100001,GROCERY I,1.3666493119190222,0.6585828866086241,6.320998786214751
4,lightgbm_recursive,5,100002,GROCERY I,0.5607077568320071,3.5070932196489033,47.38256973902059
4,lightgbm_recursive,5,100003,GROCERY I,0.7616478426225975,1.8333489985773554,10.563762082653207
4,lightgbm_recursive,5,100004,GROCERY I,0.8014538361135246,9.428800719854397,15.412475201800524
4,lightgbm_recursive,5,100005,GROCERY I,0.9165774416075952,-2.066331219908511,9.283390174983694
4,lightgbm_recursive,5,100006,GROCERY I,1.1074337542396901,2.1943772783377002,6.7356440028535385
4,lightgbm_recursive,5,100007,GROCERY I,6.615762442581695,3.989034446154212,2.9582054491165706
4,lightgbm_recursive,5,100008,GROCERY I,1.0381528468198389,-0.47335461119859173,1.8073921949367702
4,lightgbm_recursive,5,100009,GROCERY I,0.8188362822059193,-1.3332731714800796,4.224630257979823
4,lightgbm_recursive,5,100010,GROCERY I,3.690719476325141,1.3632140215808017,1.1681351982580748
4,lightgbm_recursive,5,100011,GROCERY I,1.0573327272052284,-0.8067811276937916,2.6382494932432063
4,lightgbm_recursive,5,100012,GROCERY I,1.6141519169350471,1.3138916108022878,3.510941971569652
4,lightgbm_recursive,5,100013,GROCERY I,0.3117168110561825,-5.092848396836759,18.027802659991863
4,lightgbm_recursive,5,100014,GROCERY I,1.004081024003182,-0.09704620298705227,13.25284770698314
4,lightgbm_recursive,5,100015,GROCERY I,0.9161545743325512,13.879750542475916,28.16557946943651
4,lightgbm_recursive,5,100016,GROCERY I,0.919394689115383,3.291854421935606,11.923683841519498
4,lightgbm_recursive,5,100017,GROCERY I,0.7185636174896156,6.413842812502806,15.790391285613403
4,lightgbm_recursive,5,100018,GROCERY I,2.501824286560208,2.5716923682400994,3.317033222937471
4,lightgbm_recursive,5,100019,GROCERY I,0.7912952422632747,1.89072097218175,15.552744237922713
4,lightgbm_recursive,5,100020,BEVERAGES,0.9137394653091498,2.7070778984602963,16.731405256426864
4,lightgbm_recursive,5,100021,BEVERAGES,0.8554775208544124,-0.5297455958458241,5.417775165848977
4,lightgbm_recursive,5,100022,BEVERAGES,0.9422833692813106,-1.2989246548410531,17.884710781186403
4,lightgbm_recursive,5,100023,BEVERAGES,0.7221091792482656,-0.6355931652057322,14.105392561046648
4,lightgbm_recursive,5,100024,BEVERAGES,0.9127202905079442,-0.7656081790687888,7.022336107290235
4,lightgbm_recursive,5,100025,BEVERAGES,0.927198769721256,-1.6606071222859398,5.618431000678813
4,lightgbm_recursive,5,100026,BEVERAGES,1.3177377066765892,0.18873728258236006,3.981415877754068
4,lightgbm_recursive,5,100027,BEVERAGES,0.656926141154389,-3.0538024524983984,10.196637531408362
4,lightgbm_recursive,5,100028,BEVERAGES,0.9793404403459156,3.6241587900594228,9.959698039916388
4,lightgbm_recursive,5,100029,BEVERAGES,1.0938192766034145,0.3556669372072355,4.191970061413603
4,lightgbm_recursive,5,100030,BEVERAGES,1.2147230242212461,2.4399559964891133,8.772132143577823
4,lightgbm_recursive,5,100031,BEVERAGES,1.4193819087957162,7.440509136182499,12.046485298596265
4,lightgbm_recursive,5,100032,BEVERAGES,1.0047070906648328,4.355487956396817,15.65586530911492
4,lightgbm_recursive,5,100033,PRODUCE,0.6671766375159636,-3.7894849256404837,19.49123673430038
4,lightgbm_recursive,5,100034,PRODUCE,0.8233466980845578,2.400114627717052,17.50626452604779
4,lightgbm_recursive,5,100035,PRODUCE,2.513612876736249,1.261893129860482,2.3996583103103193
4,lightgbm_recursive,5,100036,PRODUCE,0.8009543988594936,7.955442229781226,16.92968801992652
4,lightgbm_recursive,5,100037,PRODUCE,1.2249999586423752,0.15425787284237213,4.687279408757503
4,lightgbm_recursive,5,100038,PRODUCE,0.6857533002533233,2.562390089718745,12.223651508279465
4,lightgbm_recursive,5,100039,PRODUCE,1.6933912917218665,3.1571401323916057,6.129739661949153
4,lightgbm_recursive,5,100040,PRODUCE,1.1379215582721791,0.05156596392256662,4.653549308046315
4,lightgbm_recursive,5,100041,CLEANING,3.731766583661327,0.5548621826446262,1.072491198968597
4,lightgbm_recursive,5,100042,CLEANING,0.7434963168654163,-1.6685455159372102,5.008421958937307
4,lightgbm_recursive,5,100043,CLEANING,1.395966593161926,0.20877638461621023,1.3952368254631258
4,lightgbm_recursive,5,100044,CLEANING,0.645537437039088,2.2638627145439387,10.457433955066074
4,lightgbm_recursive,5,100045,CLEANING,0.5570720073723407,3.034297308052799,11.88853385727042
4,lightgbm_recursive,5,100046,CLEANING,3.3466905420356885,1.666688821792562,1.3454639678960465
4,lightgbm_recursive,5,100047,DAIRY,1.1604832142410815,2.4243270324357673,5.422124571607824
4,lightgbm_recursive,5,100048,DAIRY,1.684132619957889,1.0573206621793148,2.4555659571042248
4,lightgbm_recursive,5,100049,DAIRY,1.0469541792992267,-0.8564458633121897,4.480898068632562
4,lightgbm_recursive,5,100050,DAIRY,1.066320359172449,3.2617465896294178,10.76938432766325
4,lightgbm_recursive,5,100051,DAIRY,0.9907936625040747,-0.43411482724507544,6.231488173691614
4,lightgbm_recursive,5,100052,DAIRY,0.6242891780245793,-5.715570852023785,20.398794568538534
4,lightgbm_recursive,5,100053,BREAD/BAKERY,1.7323773295715608,1.0793986025860227,2.3172869504060603
4,lightgbm_recursive,5,100054,BREAD/BAKERY,0.45176122813644093,0.10396546695754871,7.022203068258069
4,lightgbm_recursive,5,100055,BREAD/BAKERY,1.0518003201632857,0.8522007556847252,3.906871540919833
4,lightgbm_recursive,5,100056,BREAD/BAKERY,0.595237501932489,0.05907623753262025,6.365721761856074
4,lightgbm_recursive,5,100057,BREAD/BAKERY,1.2002370096254673,-0.02212690211532363,3.5460920072574127
4,lightgbm_recursive,5,100058,DELI,0.9343781240155536,0.4837811045961076,2.3318311638140057
4,lightgbm_recursive,5,100059,DELI,0.8547650047880645,-0.3152476246151316,2.779001785960578
4,lightgbm_recursive,5,100060,EGGS,0.9633836520453508,-0.3015072679299413,1.9354012877115225
4,lightgbm_recursive,6,100001,GROCERY I,0.8654032216731772,-0.9712534315182015,3.163502698345363
4,lightgbm_recursive,6,100002,GROCERY I,0.6525922792752096,6.82117388640155,23.082964122620208
4,lightgbm_recursive,6,100003,GROCERY I,0.9852135259890368,0.796336768598781,6.745372024587998
4,lightgbm_recursive,6,100004,GROCERY I,0.5663670389945032,-0.6570695271829181,9.643163805753668
4,lightgbm_recursive,6,100005,GROCERY I,1.4686262165418027,1.1286570056975975,3.473388199845665
4,lightgbm_recursive,6,100006,GROCERY I,1.0874116796243414,0.034401550211615256,5.007427531749361
4,lightgbm_recursive,6,100007,GROCERY I,1.4003073251796483,-0.1728437096248087,5.060241312388332
4,lightgbm_recursive,6,100008,GROCERY I,1.1721718079499661,-0.285449738356198,1.2556061056314267
4,lightgbm_recursive,6,100009,GROCERY I,2.844503884355376,0.8623260453330956,1.0857451518348744
4,lightgbm_recursive,6,100010,GROCERY I,1.5918152347722605,0.3422493303016979,1.0053500267097726
4,lightgbm_recursive,6,100011,GROCERY I,1.8630986161940697,0.30998295523286057,0.6019047701940794
4,lightgbm_recursive,6,100012,GROCERY I,2.435048860153765,0.9186073163844656,1.730624074454843
4,lightgbm_recursive,6,100013,GROCERY I,0.42214355031467393,-0.2721433227538706,10.61614405616172
4,lightgbm_recursive,6,100014,GROCERY I,1.3324355909713328,0.21506053967105773,6.355214518072902
4,lightgbm_recursive,6,100015,GROCERY I,0.511441973886996,5.37519427902741,9.279917455323313
4,lightgbm_recursive,6,100016,GROCERY I,0.7755685141274087,0.16069135058160858,6.9834074759214495
4,lightgbm_recursive,6,100017,GROCERY I,0.6554563414057036,-0.006589740854625366,8.763662534516447
4,lightgbm_recursive,6,100018,GROCERY I,0.9875934822398397,-0.6662923129239148,3.300511903875788
4,lightgbm_recursive,6,100019,GROCERY I,1.0053819809192357,1.7776164687706348,7.226856454276056
4,lightgbm_recursive,6,100020,BEVERAGES,0.6819773882893218,0.9173684626727334,6.249464186892239
4,lightgbm_recursive,6,100021,BEVERAGES,1.3442049147740007,0.8688705838681403,2.9735210073828258
4,lightgbm_recursive,6,100022,BEVERAGES,0.7428571552967739,0.6862287494635348,6.711275803451643
4,lightgbm_recursive,6,100023,BEVERAGES,0.7847239388727084,1.0884090949269896,6.120347610298665
4,lightgbm_recursive,6,100024,BEVERAGES,1.1143560947116973,-0.09237388298302643,3.501630673750492
4,lightgbm_recursive,6,100025,BEVERAGES,1.0484227271098558,-0.19400974866537593,2.223351002662956
4,lightgbm_recursive,6,100026,BEVERAGES,1.6086682683750866,0.3026146978000374,2.026984525991421
4,lightgbm_recursive,6,100027,BEVERAGES,1.745336479322027,2.3583710439920447,4.274454497994255
4,lightgbm_recursive,6,100028,BEVERAGES,0.9560069301020134,1.5009180425230435,5.366239883343378
4,lightgbm_recursive,6,100029,BEVERAGES,1.3817997072603747,0.6046124120327906,1.9225015951142266
4,lightgbm_recursive,6,100030,BEVERAGES,0.7856473540260389,-2.8297163584206757,7.617748382068383
4,lightgbm_recursive,6,100031,BEVERAGES,0.6337248794904135,0.489126194564725,6.26723383808177
4,lightgbm_recursive,6,100032,BEVERAGES,2.2810560241469298,5.037514854016163,4.801384927387746
4,lightgbm_recursive,6,100033,PRODUCE,0.6941455768707179,1.4980397972683723,8.023859926866534
4,lightgbm_recursive,6,100034,PRODUCE,0.5904498735955359,-0.5596939146389901,8.14542748958743
4,lightgbm_recursive,6,100035,PRODUCE,1.4215814176535382,-0.07196851563479287,1.9455099556879634
4,lightgbm_recursive,6,100036,PRODUCE,0.41842553934391363,-2.878284794593451,6.382907016276893
4,lightgbm_recursive,6,100037,PRODUCE,1.3712577608939893,-0.005242351474185798,2.41719262775179
4,lightgbm_recursive,6,100038,PRODUCE,0.41834145333901596,-1.8476894375091057,5.280772925016596
4,lightgbm_recursive,6,100039,PRODUCE,1.151614553201086,1.0991700688303823,2.404307842753279
4,lightgbm_recursive,6,100040,PRODUCE,1.6172398910924994,0.5267603191101372,2.3157149760494855
4,lightgbm_recursive,6,100041,CLEANING,1.6370825911035138,0.04285095582039024,0.8930427875635321
4,lightgbm_recursive,6,100042,CLEANING,1.5741728694635284,0.8606363621984751,1.6530579681668744
4,lightgbm_recursive,6,100043,CLEANING,7.63653487282162,0.43033369781358444,0.29282077911886417
4,lightgbm_recursive,6,100044,CLEANING,0.5966479766464717,-2.4196996375148503,6.350839349128336
4,lightgbm_recursive,6,100045,CLEANING,0.4533858276139666,0.11806551037214336,5.062136989048079
4,lightgbm_recursive,6,100046,CLEANING,1.0563828357214329,-0.2358724217078116,2.064121551114396
4,lightgbm_recursive,6,100047,DAIRY,1.63274633061115,1.869451568001044,2.471092383075351
4,lightgbm_recursive,6,100048,DAIRY,1.8758863093538618,0.4422639345039139,1.552516019463134
4,lightgbm_recursive,6,100049,DAIRY,1.2667615960808354,0.17206232360631268,1.6589714262960422
4,lightgbm_recursive,6,100050,DAIRY,0.7442069740019774,0.1877799176439451,5.3007393092778345
4,lightgbm_recursive,6,100051,DAIRY,1.0924653364719907,0.0457592992573104,2.558819420486163
4,lightgbm_recursive,6,100052,DAIRY,0.5374382687936841,0.36897775419856665,8.425156803351593
4,lightgbm_recursive,6,100053,BREAD/BAKERY,0.7891759785619136,-0.6776197189540115,2.059145852681645
4,lightgbm_recursive,6,100054,BREAD/BAKERY,0.4432615111992263,-0.11921059169907101,3.0961158082221725
4,lightgbm_recursive,6,100055,BREAD/BAKERY,1.0466515846873072,0.14872925688026756,2.4074520195781473
4,lightgbm_recursive,6,100056,BREAD/BAKERY,1.243791931646543,1.734511979519249,3.289372387995902
4,lightgbm_recursive,6,100057,BREAD/BAKERY,1.0563152799264501,-0.36730657174053116,2.203170114562236
4,lightgbm_recursive,6,100058,DELI,1.1676909605601205,0.18749364560918594,1.5024048655278448
4,lightgbm_recursive,6,100059,DELI,0.9936322063101575,-0.208383629959064,2.0626544539877925
4,lightgbm_recursive,6,100060,EGGS,1.0312250610340574,-0.3313675308459608,1.541645000625811
5,seasonal_naive,1,100001,GROCERY I,1.0816326530612246,-2.466666666666667,5.24903619271014
5,seasonal_naive,1,100002,GROCERY I,0.6065573770491803,7.533333333333333,36.81006591111937
5,seasonal_naive,1,100003,GROCERY I,1.0071428571428571,2.066666666666667,13.630148655864046
5,seasonal_naive,1,100004,GROCERY I,1.2263157894736842,3.0,19.982134878078327
5,seasonal_naive,1,100005,GROCERY I,1.6341463414634145,2.3333333333333335,5.912053869204928
5,seasonal_naive,1,100006,GROCERY I,0.9523809523809523,-1.8666666666666667,8.253714892326334
5,seasonal_naive,1,100007,GROCERY I,1.7916666666666667,0.5333333333333333,7.337444734926133
5,seasonal_naive,1,100008,GROCERY I,4.666666666666667,1.3333333333333333,3.352326839390103
5,seasonal_naive,1,100009,GROCERY I,1.588235294117647,1.3333333333333333,5.037951208671277
5,seasonal_naive,1,100010,GROCERY I,2.1176470588235294,1.8666666666666667,3.24844285041017
5,seasonal_naive,1,100011,GROCERY I,1.2,-0.4,1.1212238211627763
5,seasonal_naive,1,100012,GROCERY I,2.4285714285714284,2.0,6.187545093630776
5,seasonal_naive,1,100013,GROCERY I,0.49333333333333335,-4.333333333333333,16.268579122549905
5,seasonal_naive,1,100014,GROCERY I,0.7936507936507936,-1.6,6.103862945475009
5,seasonal_naive,1,100015,GROCERY I,0.4930232558139535,0.9333333333333333,19.080531089743456
5,seasonal_naive,1,100016,GROCERY I,2.007142857142857,9.266666666666667,19.0205402757375
5,seasonal_naive,1,100017,GROCERY I,0.8044444444444444,-3.2666666666666666,14.523216225196453
5,seasonal_naive,1,100018,GROCERY I,1.3461538461538463,-0.26666666666666666,6.605913656572816
5,seasonal_naive,1,100019,GROCERY I,0.9831460674157303,-4.6,13.399360325883364
5,seasonal_naive,1,100020,BEVERAGES,1.2818791946308725,7.266666666666667,14.03295441180543
5,seasonal_naive,1,100021,BEVERAGES,1.4193548387096775,-0.5333333333333333,8.4588640462169
5,seasonal_naive,1,100022,BEVERAGES,0.9215686274509803,-1.4666666666666666,9.140699150085892
5,seasonal_naive,1,100023,BEVERAGES,1.3617021276595744,-1.3333333333333333,23.316660710030217
5,seasonal_naive,1,100024,BEVERAGES,1.372093023255814,0.06666666666666667,7.284687135812125
5,seasonal_naive,1,100025,BEVERAGES,4.0,2.1333333333333333,5.194319241339752
5,seasonal_naive,1,100026,BEVERAGES,1.1764705882352942,-1.8666666666666667,3.7391111752597546
5,seasonal_naive,1,100027,BEVERAGES,1.0,-3.8666666666666667,7.434155410446211
5,seasonal_naive,1,100028,BEVERAGES,1.2264150943396226,-4.266666666666667,10.250203250017371
5,seasonal_naive,1,100029,BEVERAGES,1.6296296296296295,-0.6666666666666666,7.861903319777204
5,seasonal_naive,1,100030,BEVERAGES,3.6875,5.733333333333333,10.599640604868682
5,seasonal_naive,1,100031,BEVERAGES,1.0,-6.666666666666667,15.554818576646305
5,seasonal_naive,1,100032,BEVERAGES,1.8712871287128714,4.333333333333333,15.682869028094986
5,seasonal_naive,1,100033,PRODUCE,1.1914106104224196,4.895200000000001,14.808865289799504
5,seasonal_naive,1,100034,PRODUCE,1.410995766982463,3.0373333333333337,26.12111425556691
5,seasonal_naive,1,100035,PRODUCE,2.1664074650077763,1.2378666666666664,3.521950714887311
5,seasonal_naive,1,100036,PRODUCE,0.8579106133629208,-0.39339999999999997,14.407676048353034
5,seasonal_naive,1,100037,PRODUCE,1.7630675314765358,0.07793333333333334,4.508717404993934
5,seasonal_naive,1,100038,PRODUCE,0.9977031144984374,5.5266,10.687975505211453
5,seasonal_naive,1,100039,PRODUCE,0.9801403758450044,0.7194666666666668,5.582055751201685
5,seasonal_naive,1,100040,PRODUCE,1.2992817238627294,-0.9365333333333333,2.4631844042872246
5,seasonal_naive,1,100041,CLEANING,1.3846153846153846,-0.26666666666666666,2.3441924185608345
5,seasonal_naive,1,100042,CLEANING,1.744186046511628,0.3333333333333333,7.027158200933886
5,seasonal_naive,1,100043,CLEANING,2.25,0.5333333333333333,1.6846647257229665
5,seasonal_naive,1,100044,CLEANING,0.72,2.533333333333333,8.991000791797052
5,seasonal_naive,1,100045,CLEANING,1.484472049689441,7.533333333333333,20.496921952425186
5,seasonal_naive,1,100046,CLEANING,0.8888888888888888,-1.8666666666666667,3.313752009573496
5,seasonal_naive,1,100047,DAIRY,1.0277698382850697,-0.42873333333333313,5.589391731110776
5,seasonal_naive,1,100048,DAIRY,1.0563364412270078,-1.9667333333333334,2.784505918385488
5,seasonal_naive,1,100049,DAIRY,1.1587112645320001,-1.1468666666666667,3.163673968814167
5,seasonal_naive,1,100050,DAIRY,0.9391757460918996,2.9853333333333336,9.427927386733726
5,seasonal_naive,1,100051,DAIRY,0.6304792991424041,-0.9966,3.620304126924777
5,seasonal_naive,1,100052,DAIRY,1.2020147989658552,7.577333333333333,19.251485830103263
5,seasonal_naive,1,100053,BREAD/BAKERY,1.64,-0.4666666666666667,3.833436851604327
5,seasonal_naive,1,100054,BREAD/BAKERY,0.8098748611901718,0.30579999999999985,7.147191648272967
5,seasonal_naive,1,100055,BREAD/BAKERY,1.0202349869451697,-0.4939999999999999,4.296905930018549
5,seasonal_naive,1,100056,BREAD/BAKERY,0.6835672484333732,-1.6824000000000001,4.308926329642422
5,seasonal_naive,1,100057,BREAD/BAKERY,2.8181818181818183,1.2666666666666666,3.1045281828476345
5,seasonal_naive,1,100058,DELI,1.2916666666666667,-0.8666666666666667,2.8250579429371676
5,seasonal_naive,1,100059,DELI,2.4895360095330306,0.43820000000000003,2.645886840253863
5,seasonal_naive,1,100060,EGGS,0.7260810017609078,-1.2369999999999999,1.794916392800193
5,seasonal_naive,2,100001,GROCERY I,1.457142857142857,-0.06666666666666667,5.188815811320491
5,seasonal_naive,2,100002,GROCERY I,0.7191157347204161,-21.8,45.434725549014665
5,seasonal_naive,2,100003,GROCERY I,1.095808383233533,-3.4,15.615011092809747
5,seasonal_naive,2,100004,GROCERY I,0.7862595419847328,-1.3333333333333333,16.863598441049064
5,seasonal_naive,2,100005,GROCERY I,1.40625,0.4,7.423899629863385
5,seasonal_naive,2,100006,GROCERY I,1.5,1.6,10.459445491994305
5,seasonal_naive,2,100007,GROCERY I,2.727272727272727,2.533333333333333,5.792441709018827
5,seasonal_naive,2,100008,GROCERY I,1.0,-0.4,0.7367883976130074
5,seasonal_naive,2,100009,GROCERY I,1.375,-0.4,4.484895284651104
5,seasonal_naive,2,100010,GROCERY I,6.333333333333333,2.0,3.484660262185848
5,seasonal_naive,2,100011,GROCERY I,1.0,-0.8,1.8593393604027366
5,seasonal_naive,2,100012,GROCERY I,1.5263157894736843,0.3333333333333333,3.28778402720188
5,seasonal_naive,2,100013,GROCERY I,0.7116564417177914,9.6,18.527200081424684
5,seasonal_naive,2,100014,GROCERY I,1.4098360655737705,4.666666666666667,7.138093649734567
5,seasonal_naive,2,100015,GROCERY I,0.6496815286624203,5.466666666666667,17.484142475261347
5,seasonal_naive,2,100016,GROCERY I,1.4821428571428572,7.466666666666667,12.540600729895942
5,seasonal_naive,2,100017,GROCERY I,0.6198347107438017,0.8,13.654931082108869
5,seasonal_naive,2,100018,GROCERY I,2.142857142857143,1.6666666666666667,8.225975119502044
5,seasonal_naive,2,100019,GROCERY I,2.026086956521739,5.933333333333334,20.397712290025726
5,seasonal_naive,2,100020,BEVERAGES,1.935483870967742,9.2,11.194386348267855
5,seasonal_naive,2,100021,BEVERAGES,2.0384615384615383,1.8666666666666667,10.11975907863047
5,seasonal_naive,2,100022,BEVERAGES,0.75,-2.4,12.43152674223312
5,seasonal_naive,2,100023,BEVERAGES,0.9111111111111111,-5.733333333333333,14.655406933311419
5,seasonal_naive,2,100024,BEVERAGES,1.1971830985915493,-0.8666666666666667,8.441958698469607
5,seasonal_naive,2,100025,BEVERAGES,1.0,-2.1333333333333333,2.948768911806772
5,seasonal_naive,2,100026,BEVERAGES,1.1538461538461537,-0.6666666666666666,3.9036002917941337
5,seasonal_naive,2,100027,BEVERAGES,1.1730769230769231,-2.933333333333333,11.183320914051723
5,seasonal_naive,2,100028,BEVERAGES,1.1185185185185185,-4.866666666666666,13.809244660561202
5,seasonal_naive,2,100029,BEVERAGES,0.972972972972973,-0.6666666666666666,4.203173404306165
5,seasonal_naive,2,100030,BEVERAGES,1.6551724137931034,3.2,9.704196441304585
5,seasonal_naive,2,100031,BEVERAGES,0.8571428571428571,-2.0,12.772738827004064
5,seasonal_naive,2,100032,BEVERAGES,0.8829787234042553,1.6,13.119233427082763
5,seasonal_naive,2,100033,PRODUCE,1.0144404332129964,-7.8,21.40160207621316
5,seasonal_naive,2,100034,PRODUCE,0.8826487845766974,0.9366666666666664,13.185333663185158
5,seasonal_naive,2,100035,PRODUCE,1.7508,-0.16613333333333333,1.9959070214053654
5,seasonal_naive,2,100036,PRODUCE,0.6349170731707318,2.6561333333333335,11.899576276169709
5,seasonal_naive,2,100037,PRODUCE,1.0,-2.066666666666667,3.348062694981056
5,seasonal_naive,2,100038,PRODUCE,0.913627165490351,-3.872533333333334,12.527502190133895
5,seasonal_naive,2,100039,PRODUCE,1.41490625,1.0441333333333334,8.390673103143127
5,seasonal_naive,2,100040,PRODUCE,1.4782608695652173,-0.4,3.22490309931942
5,seasonal_naive,2,100041,CLEANING,1.4,-0.2,0.7745966692414833
5,seasonal_naive,2,100042,CLEANING,1.5,2.2666666666666666,4.350150517374028
5,seasonal_naive,2,100043,CLEANING,1.5,-0.4,1.8822478962286402
5,seasonal_naive,2,100044,CLEANING,1.4742268041237114,4.2,13.396161497128304
5,seasonal_naive,2,100045,CLEANING,1.1855670103092784,4.0,16.531355488456303
5,seasonal_naive,2,100046,CLEANING,1.25,-0.13333333333333333,3.41983012666391
5,seasonal_naive,2,100047,DAIRY,0.5178276868417714,-0.19200000000000006,3.9039868815646104
5,seasonal_naive,2,100048,DAIRY,2.9101172700123827,0.9514,4.173942086667847
5,seasonal_naive,2,100049,DAIRY,1.8824178248400618,0.4267333333333333,2.4469409610096164
5,seasonal_naive,2,100050,DAIRY,1.365563495048264,4.728733333333334,8.680995593550206
5,seasonal_naive,2,100051,DAIRY,1.962962962962963,1.4538666666666666,4.705653952832648
5,seasonal_naive,2,100052,DAIRY,0.48560363636363635,-0.22513333333333396,11.063168519698056
5,seasonal_naive,2,100053,BREAD/BAKERY,2.588285714285714,0.9490666666666665,3.0692753790399703
5,seasonal_naive,2,100054,BREAD/BAKERY,2.017543859649123,4.466666666666667,8.854915234462936
5,seasonal_naive,2,100055,BREAD/BAKERY,1.588235294117647,0.5333333333333333,4.748934717637309
5,seasonal_naive,2,100056,BREAD/BAKERY,1.0334337849702204,5.375333333333334,5.981660217061894
5,seasonal_naive,2,100057,BREAD/BAKERY,2.878,1.8276000000000001,3.022131126019707
5,seasonal_naive,2,100058,DELI,1.8633099863442137,0.8199333333333333,3.470313293116481
5,seasonal_naive,2,100059,DELI,1.751653638003608,0.7130666666666666,2.391554409842706
5,seasonal_naive,2,100060,EGGS,1.8,-0.06666666666666667,2.7894358535288784
5,seasonal_naive,3,100001,GROCERY I,1.105263157894737,-0.06666666666666667,2.374467358818655
5,seasonal_naive,3,100002,GROCERY I,0.9027181688125894,-0.8666666666666667,54.11874070262625
5,seasonal_naive,3,100003,GROCERY I,1.6705882352941177,4.666666666666667,10.567244989431572
5,seasonal_naive,3,100004,GROCERY I,0.8438661710037175,-1.8,18.800455921523362
5,seasonal_naive,3,100005,GROCERY I,1.4761904761904763,-0.8666666666666667,8.22771159528809
5,seasonal_naive,3,100006,GROCERY I,1.054054054054054,-4.666666666666667,6.183695920571712
5,seasonal_naive,3,100007,GROCERY I,1.1891891891891893,1.3333333333333333,3.7922226175361042
5,seasonal_naive,3,100008,GROCERY I,3.0,0.3333333333333333,1.5430334996209192
5,seasonal_naive,3,100009,GROCERY I,1.05,-2.0,3.7984959429452374
5,seasonal_naive,3,100010,GROCERY I,1.6923076923076923,-0.13333333333333333,2.356349072692956
5,seasonal_naive,3,100011,GROCERY I,1.0,-0.7333333333333333,2.344192418560834
5,seasonal_naive,3,100012,GROCERY I,1.5384615384615385,-0.26666666666666666,3.76955220278534
5,seasonal_naive,3,100013,GROCERY I,0.6864864864864865,-0.8,22.935312760644262
5,seasonal_naive,3,100014,GROCERY I,2.3043478260869565,6.2,9.951310035797873
5,seasonal_naive,3,100015,GROCERY I,1.1772151898734178,-0.13333333333333333,30.08290132917622
5,seasonal_naive,3,100016,GROCERY I,0.9668508287292817,-0.6,15.160098001944824
5,seasonal_naive,3,100017,GROCERY I,1.4705882352941178,10.533333333333333,20.510856590967578
5,seasonal_naive,3,100018,GROCERY I,1.2444444444444445,-0.9333333333333333,5.775152028508076
5,seasonal_naive,3,100019,GROCERY I,1.5892857142857142,0.4,15.976768849086564
5,seasonal_naive,3,100020,BEVERAGES,0.9130434782608695,-9.8,11.675370902643122
5,seasonal_naive,3,100021,BEVERAGES,1.8936170212765957,0.7333333333333333,7.525828541635482
5,seasonal_naive,3,100022,BEVERAGES,0.9213483146067416,-2.933333333333333,12.964052864234496
5,seasonal_naive,3,100023,BEVERAGES,0.6929133858267716,-6.533333333333333,14.232089830814761
5,seasonal_naive,3,100024,BEVERAGES,3.0,2.466666666666667,6.289068369192766
5,seasonal_naive,3,100025,BEVERAGES,1.9473684210526316,-0.06666666666666667,3.9182114481458186
5,seasonal_naive,3,100026,BEVERAGES,0.9130434782608695,-0.3333333333333333,1.98805959477601
5,seasonal_naive,3,100027,BEVERAGES,0.88,-0.26666666666666666,6.584252497617398
5,seasonal_naive,3,100028,BEVERAGES,1.2857142857142858,-0.06666666666666667,13.349513991510095
5,seasonal_naive,3,100029,BEVERAGES,8.333333333333334,4.066666666666666,5.787507070858583
5,seasonal_naive,3,100030,BEVERAGES,1.415929203539823,3.066666666666667,13.429533906743785
5,seasonal_naive,3,100031,BEVERAGES,1.90625,5.133333333333334,17.848035772946584
5,seasonal_naive,3,100032,BEVERAGES,1.2615384615384615,-4.933333333333334,13.122862637760246
5,seasonal_naive,3,100033,PRODUCE,0.7261762295379214,-5.7169333333333325,17.764874280712593
5,seasonal_naive,3,100034,PRODUCE,0.7291157205240176,2.1866666666666665,10.578171835480475
5,seasonal_naive,3,100035,PRODUCE,0.7776196406333393,-0.7656,2.273733644408308
5,seasonal_naive,3,100036,PRODUCE,1.3574115368155508,10.354999999999999,22.64870502132202
5,seasonal_naive,3,100037,PRODUCE,0.8231861849472505,-1.1955999999999998,2.510435357804356
5,seasonal_naive,3,100038,PRODUCE,0.6457033685088597,-7.3318,9.431930102430936
5,seasonal_naive,3,100039,PRODUCE,1.0428425169978737,2.0718666666666667,6.448454807899626
5,seasonal_naive,3,100040,PRODUCE,1.6532743362831859,1.4697333333333333,4.943088370451741
5,seasonal_naive,3,100041,CLEANING,3.0,0.26666666666666666,0.5936168397046637
5,seasonal_naive,3,100042,CLEANING,1.4814814814814814,0.13333333333333333,3.888934240098375
5,seasonal_naive,3,100043,CLEANING,1.25,-0.4,1.1212238211627763
5,seasonal_naive,3,100044,CLEANING,0.7757575757575758,-5.866666666666666,8.911202152881721
5,seasonal_naive,3,100045,CLEANING,1.2134146341463414,8.066666666666666,17.568098794066913
5,seasonal_naive,3,100046,CLEANING,2.6,0.4666666666666667,1.4573295865416043
5,seasonal_naive,3,100047,DAIRY,1.8321280684722525,2.368466666666667,7.55264009532586
5,seasonal_naive,3,100048,DAIRY,1.0,-0.06666666666666667,2.6040261866871424
5,seasonal_naive,3,100049,DAIRY,0.8882463051434638,-2.1195333333333335,3.182076206025302
5,seasonal_naive,3,100050,DAIRY,0.8328303580069859,-1.3788666666666667,9.175373405143223
5,seasonal_naive,3,100051,DAIRY,1.184704012713548,-0.5559999999999999,5.345186633117421
5,seasonal_naive,3,100052,DAIRY,0.8113875761093042,-3.1622000000000003,18.739343021720753
5,seasonal_naive,3,100053,BREAD/BAKERY,2.8843,1.6352666666666666,2.2896114912692895
5,seasonal_naive,3,100054,BREAD/BAKERY,0.8757823324255889,0.5395333333333334,7.66730221568621
5,seasonal_naive,3,100055,BREAD/BAKERY,1.605515893251742,1.3876000000000002,6.743507499810465
5,seasonal_naive,3,100056,BREAD/BAKERY,0.8196193962762789,1.3115333333333334,6.379184731460223
5,seasonal_naive,3,100057,BREAD/BAKERY,1.0307739652254195,-1.9663333333333335,3.2913452670096266
5,seasonal_naive,3,100058,DELI,1.7028245403958584,1.8900000000000001,4.1441298242212445
5,seasonal_naive,3,100059,DELI,1.1653370809738355,-1.3461999999999998,2.4730754768679652
5,seasonal_naive,3,100060,EGGS,1.25,-0.06666666666666667,0.883715101688537
5,seasonal_naive,4,100001,GROCERY I,0.8823529411764706,-2.2,6.2701105025578086
5,seasonal_naive,4,100002,GROCERY I,0.7017326732673267,18.733333333333334,47.64371741923387
5,seasonal_naive,4,100003,GROCERY I,1.0914285714285714,-7.666666666666667,15.187714333192691
5,seasonal_naive,4,100004,GROCERY I,1.1136363636363635,13.866666666666667,28.06590882361086
5,seasonal_naive,4,100005,GROCERY I,2.9375,4.266666666666667,9.338603953992472
5,seasonal_naive,4,100006,GROCERY I,2.4871794871794872,6.0,13.060299712159312
5,seasonal_naive,4,100007,GROCERY I,1.8214285714285714,3.7333333333333334,7.225615808325531
5,seasonal_naive,4,100008,GROCERY I,2.076923076923077,0.2,2.9081167199998794
5,seasonal_naive,4,100009,GROCERY I,1.0444444444444445,0.2,4.632185537858221
5,seasonal_naive,4,100010,GROCERY I,4.714285714285714,1.5333333333333334,3.020564437950219
5,seasonal_naive,4,100011,GROCERY I,1.5555555555555556,-0.5333333333333333,3.3352375513311676
5,seasonal_naive,4,100012,GROCERY I,2.6785714285714284,1.8,7.466113925119087
5,seasonal_naive,4,100013,GROCERY I,1.4168937329700273,26.0,32.76321979642067
5,seasonal_naive,4,100014,GROCERY I,0.9333333333333333,-1.0666666666666667,11.429702324999335
5,seasonal_naive,4,100015,GROCERY I,0.6724137931034483,6.2,28.135386970859315
5,seasonal_naive,4,100016,GROCERY I,0.8888888888888888,-1.0666666666666667,20.693224103786335
5,seasonal_naive,4,100017,GROCERY I,0.7552447552447552,9.2,14.678458463242755
5,seasonal_naive,4,100018,GROCERY I,2.3947368421052633,1.9333333333333333,8.241590230277742
5,seasonal_naive,4,100019,GROCERY I,1.6884057971014492,6.733333333333333,18.355484453530764
5,seasonal_naive,4,100020,BEVERAGES,1.9019607843137254,8.333333333333334,24.812631191928574
5,seasonal_naive,4,100021,BEVERAGES,1.1904761904761905,-1.4666666666666666,9.694377359116592
5,seasonal_naive,4,100022,BEVERAGES,1.795,4.6,33.5576263420744
5,seasonal_naive,4,100023,BEVERAGES,0.8293333333333334,-5.933333333333334,27.07256562507162
5,seasonal_naive,4,100024,BEVERAGES,1.45,1.0666666666666667,5.7627704977314345
5,seasonal_naive,4,100025,BEVERAGES,2.1515151515151514,2.3333333333333335,6.0553007081949835
5,seasonal_naive,4,100026,BEVERAGES,1.255813953488372,0.5333333333333333,5.303188618539748
5,seasonal_naive,4,100027,BEVERAGES,0.9633507853403142,4.666666666666667,15.96722834283962
5,seasonal_naive,4,100028,BEVERAGES,2.1774193548387095,6.6,14.075307659667185
5,seasonal_naive,4,100029,BEVERAGES,1.6666666666666667,1.8,8.38536139437566
5,seasonal_naive,4,100030,BEVERAGES,1.58,1.6,12.882989892545464
5,seasonal_naive,4,100031,BEVERAGES,0.6013071895424836,-2.4,15.715324640981127
5,seasonal_naive,4,100032,BEVERAGES,0.9285714285714286,5.2,16.652756099645657
5,seasonal_naive,4,100033,PRODUCE,0.7715922033509229,-5.2894000000000005,20.341568189301434
5,seasonal_naive,4,100034,PRODUCE,0.9290414857729011,0.2756,21.20558862928086
5,seasonal_naive,4,100035,PRODUCE,1.0771846700546406,-1.2201333333333333,4.588601045240363
5,seasonal_naive,4,100036,PRODUCE,0.6501457725947521,-3.4,19.20119043928564
5,seasonal_naive,4,100037,PRODUCE,1.0,-2.124533333333333,4.756409838563216
5,seasonal_naive,4,100038,PRODUCE,1.298761114539761,6.448133333333334,18.4685358413657
5,seasonal_naive,4,100039,PRODUCE,2.258596550179212,6.771733333333334,10.053275461024535
5,seasonal_naive,4,100040,PRODUCE,1.9901923802338741,2.2389333333333337,7.737352440011531
5,seasonal_naive,4,100041,CLEANING,2.0,0.4,1.7647338933351153
5,seasonal_naive,4,100042,CLEANING,1.1176470588235294,-3.0,6.011892975000232
5,seasonal_naive,4,100043,CLEANING,1.2222222222222223,-0.8,2.3052734575936356
5,seasonal_naive,4,100044,CLEANING,0.5607843137254902,-2.466666666666667,13.59551746856644
5,seasonal_naive,4,100045,CLEANING,1.36,-0.6666666666666666,32.157351229465995
5,seasonal_naive,4,100046,CLEANING,1.46875,1.5333333333333334,4.2235169276439795
5,seasonal_naive,4,100047,DAIRY,2.1595254237288137,4.3608,9.849569324884936
5,seasonal_naive,4,100048,DAIRY,1.0910564454614797,0.40126666666666655,6.334494043011832
5,seasonal_naive,4,100049,DAIRY,1.364798162008867,-1.6331333333333333,8.81461473808994
5,seasonal_naive,4,100050,DAIRY,0.7114407921104329,0.6165333333333334,9.451479731968403
5,seasonal_naive,4,100051,DAIRY,0.7956708089602932,-5.258333333333334,6.79949020848167
5,seasonal_naive,4,100052,DAIRY,0.7319270269556721,15.076133333333333,17.28488906888932
5,seasonal_naive,4,100053,BREAD/BAKERY,1.6936469351553773,0.5038666666666667,4.596078605983688
5,seasonal_naive,4,100054,BREAD/BAKERY,0.6690631062421546,-2.350666666666667,9.009293191450915
5,seasonal_naive,4,100055,BREAD/BAKERY,0.9173826834104428,-2.027733333333333,4.352973228014333
5,seasonal_naive,4,100056,BREAD/BAKERY,1.0196574071584157,-2.4109333333333334,7.266087535026444
5,seasonal_naive,4,100057,BREAD/BAKERY,1.4166666666666667,-0.2,4.662923668993215
5,seasonal_naive,4,100058,DELI,2.232212448502394,2.8228,5.9401187842861
5,seasonal_naive,4,100059,DELI,2.798187979804966,1.0360666666666667,4.225307841137845
5,seasonal_naive,4,100060,EGGS,1.5844595941474306,-0.6948666666666666,3.245085225970117
5,seasonal_naive,5,100001,GROCERY I,2.0357142857142856,0.4666666666666667,6.468237413553652
5,seasonal_naive,5,100002,GROCERY I,0.5587786259541985,-35.2,51.79244291262137
5,seasonal_naive,5,100003,GROCERY I,0.7572463768115942,-7.0,17.241975359155177
5,seasonal_naive,5,100004,GROCERY I,1.204778156996587,0.06666666666666667,29.860309697625297
5,seasonal_naive,5,100005,GROCERY I,1.8309859154929577,5.466666666666667,11.60582776432763
5,seasonal_naive,5,100006,GROCERY I,0.6981132075471698,-3.6,8.10467237374308
5,seasonal_naive,5,100007,GROCERY I,1.0,-3.2666666666666666,8.021993577183975
5,seasonal_naive,5,100008,GROCERY I,2.6666666666666665,1.4666666666666666,3.067494712224262
5,seasonal_naive,5,100009,GROCERY I,1.5,0.2,7.485223538984752
5,seasonal_naive,5,100010,GROCERY I,1.0,-1.9333333333333333,4.131182235954578
5,seasonal_naive,5,100011,GROCERY I,1.6153846153846154,0.06666666666666667,2.9390636669006063
5,seasonal_naive,5,100012,GROCERY I,0.9473684210526315,-1.4666666666666666,5.514483095406478
5,seasonal_naive,5,100013,GROCERY I,0.6061185468451242,7.8,33.08258065594555
5,seasonal_naive,5,100014,GROCERY I,1.393939393939394,8.266666666666667,15.331883989473265
5,seasonal_naive,5,100015,GROCERY I,0.8732142857142857,-2.2,37.0775249597766
5,seasonal_naive,5,100016,GROCERY I,1.3088235294117647,-1.8,22.735120722919294
5,seasonal_naive,5,100017,GROCERY I,0.5736677115987461,2.3333333333333335,17.29849979732622
5,seasonal_naive,5,100018,GROCERY I,1.4166666666666667,-0.6666666666666666,6.229729031789731
5,seasonal_naive,5,100019,GROCERY I,1.4104046242774566,8.533333333333333,17.895995827745008
5,seasonal_naive,5,100020,BEVERAGES,4.072289156626506,15.466666666666667,24.29834405488415
5,seasonal_naive,5,100021,BEVERAGES,1.4423076923076923,2.6,6.4785359898227455
5,seasonal_naive,5,100022,BEVERAGES,1.204225352112676,-2.1333333333333333,27.010227339887035
5,seasonal_naive,5,100023,BEVERAGES,1.5917159763313609,-0.8666666666666667,23.721198074617522
5,seasonal_naive,5,100024,BEVERAGES,1.099009900990099,-4.333333333333333,9.596626391354313
5,seasonal_naive,5,100025,BEVERAGES,2.5483870967741935,2.3333333333333335,7.016986193380691
5,seasonal_naive,5,100026,BEVERAGES,1.08,-1.2666666666666666,3.1728010758108782
5,seasonal_naive,5,100027,BEVERAGES,2.2278481012658227,7.466666666666667,10.901288696209052
5,seasonal_naive,5,100028,BEVERAGES,1.5096153846153846,9.0,9.9713876380658
5,seasonal_naive,5,100029,BEVERAGES,2.0833333333333335,0.5333333333333333,4.867775477077604
5,seasonal_naive,5,100030,BEVERAGES,0.8860759493670886,-3.7333333333333334,10.633281086601006
5,seasonal_naive,5,100031,BEVERAGES,1.625,-2.1333333333333333,25.996886260436945
5,seasonal_naive,5,100032,BEVERAGES,0.8834355828220859,-6.0,16.535675717326203
5,seasonal_naive,5,100033,PRODUCE,0.5397485225564521,8.830533333333335,12.93719985637578
5,seasonal_naive,5,100034,PRODUCE,0.8450240547406824,4.792599999999999,20.927632777878014
5,seasonal_naive,5,100035,PRODUCE,1.247809523809524,-1.0530666666666666,2.77625861976321
5,seasonal_naive,5,100036,PRODUCE,0.5653161474619182,-8.689666666666666,19.333243825326463
5,seasonal_naive,5,100037,PRODUCE,1.9207352941176472,1.3276666666666666,6.234859337016429
5,seasonal_naive,5,100038,PRODUCE,1.0256474405016505,-1.0548000000000002,21.836788484442618
5,seasonal_naive,5,100039,PRODUCE,1.1452053203229366,0.07546666666666653,7.449697960000667
5,seasonal_naive,5,100040,PRODUCE,1.3026990666778777,-0.631,6.5029323605366125
5,seasonal_naive,5,100041,CLEANING,2.142857142857143,0.06666666666666667,1.8695555876298773
5,seasonal_naive,5,100042,CLEANING,2.814814814814815,3.7333333333333334,6.485882103975269
5,seasonal_naive,5,100043,CLEANING,1.1304347826086956,-0.5333333333333333,2.3864697976798483
5,seasonal_naive,5,100044,CLEANING,0.7807486631016043,-0.5333333333333333,12.304857732193566
5,seasonal_naive,5,100045,CLEANING,0.7541666666666667,-2.2,15.91136161902647
5,seasonal_naive,5,100046,CLEANING,1.2857142857142858,-0.8666666666666667,3.159264531651691
5,seasonal_naive,5,100047,DAIRY,0.8679662586153689,-3.2036000000000002,9.591427830545951
5,seasonal_naive,5,100048,DAIRY,1.063499507573981,-1.0215333333333334,2.4320093651918677
5,seasonal_naive,5,100049,DAIRY,1.9,2.8,5.784214973282274
5,seasonal_naive,5,100050,DAIRY,1.5416070487235485,5.0432,14.439313968666042
5,seasonal_naive,5,100051,DAIRY,1.2237796380872943,-0.2608666666666668,9.377599311022797
5,seasonal_naive,5,100052,DAIRY,0.8783898248710591,-10.321866666666667,31.01644791965032
5,seasonal_naive,5,100053,BREAD/BAKERY,2.0,0.13333333333333333,2.722044049886741
5,seasonal_naive,5,100054,BREAD/BAKERY,1.118840799925714,4.835933333333333,9.786604375856001
5,seasonal_naive,5,100055,BREAD/BAKERY,0.7994291444881587,-0.3612666666666667,5.2201459266229415
5,seasonal_naive,5,100056,BREAD/BAKERY,0.770130284222781,-2.5540666666666665,8.131523091091385
5,seasonal_naive,5,100057,BREAD/BAKERY,2.0382761418412643,1.3868000000000003,4.433514168886154
5,seasonal_naive,5,100058,DELI,2.388888888888889,2.066666666666667,2.865226659362887
5,seasonal_naive,5,100059,DELI,1.510460251046025,0.19199999999999992,3.1366661100146263
5,seasonal_naive,5,100060,EGGS,0.9326417890340832,-1.1794666666666667,2.381172276321856
5,seasonal_naive,6,100001,GROCERY I,2.2,1.8666666666666667,4.120795115138871
5,seasonal_naive,6,100002,GROCERY I,0.698170731707317,-28.933333333333334,24.300107779498386
5,seasonal_naive,6,100003,GROCERY I,1.1515151515151516,0.4,8.244478671900884
5,seasonal_naive,6,100004,GROCERY I,0.8728323699421965,-1.1333333333333333,14.327130440764009
5,seasonal_naive,6,100005,GROCERY I,1.7058823529411764,0.5333333333333333,5.069047059876056
5,seasonal_naive,6,100006,GROCERY I,1.1527777777777777,-3.0,7.5687326736854885
5,seasonal_naive,6,100007,GROCERY I,1.4878048780487805,-0.6,5.1796304335899706
5,seasonal_naive,6,100008,GROCERY I,1.7272727272727273,0.3333333333333333,2.0586634591635513
5,seasonal_naive,6,100009,GROCERY I,1.5454545454545454,-0.3333333333333333,2.0586634591635513
5,seasonal_naive,6,100010,GROCERY I,1.4285714285714286,0.0,2.0701966780270626
5,seasonal_naive,6,100011,GROCERY I,1.0,-0.13333333333333333,1.245945806357946
5,seasonal_naive,6,100012,GROCERY I,1.625,-0.4,3.0425553170226594
5,seasonal_naive,6,100013,GROCERY I,1.0350877192982457,2.8,19.79249497013596
5,seasonal_naive,6,100014,GROCERY I,1.3076923076923077,-0.6666666666666666,7.197883286739499
5,seasonal_naive,6,100015,GROCERY I,0.676923076923077,-6.533333333333333,14.80765567761037
5,seasonal_naive,6,100016,GROCERY I,0.9540229885057471,3.2666666666666666,6.691857169796169
5,seasonal_naive,6,100017,GROCERY I,1.3333333333333333,5.466666666666667,11.31917883610863
5,seasonal_naive,6,100018,GROCERY I,4.4,2.0,3.251373336211726
5,seasonal_naive,6,100019,GROCERY I,0.7791411042944786,-6.466666666666667,7.936053955269734
5,seasonal_naive,6,100020,BEVERAGES,0.9264705882352942,-3.6,9.612491872558333
5,seasonal_naive,6,100021,BEVERAGES,1.3548387096774193,0.5333333333333333,4.290632099064635
5,seasonal_naive,6,100022,BEVERAGES,1.5185185185185186,2.933333333333333,7.841889956843191
5,seasonal_naive,6,100023,BEVERAGES,0.9333333333333333,-3.3333333333333335,9.00528945094149
5,seasonal_naive,6,100024,BEVERAGES,0.8888888888888888,0.0,3.0472470011002204
5,seasonal_naive,6,100025,BEVERAGES,1.6363636363636365,0.13333333333333333,3.41983012666391
5,seasonal_naive,6,100026,BEVERAGES,1.75,0.0,3.4434202266268428
5,seasonal_naive,6,100027,BEVERAGES,1.180327868852459,-1.6,6.652604216180523
5,seasonal_naive,6,100028,BEVERAGES,1.88,0.6,4.610546915187271
5,seasonal_naive,6,100029,BEVERAGES,1.3,-0.2,3.5091716564291517
5,seasonal_naive,6,100030,BEVERAGES,3.0,7.333333333333333,9.810101693565427
5,seasonal_naive,6,100031,BEVERAGES,0.7699115044247787,0.2,10.644918304725769
5,seasonal_naive,6,100032,BEVERAGES,1.02,-4.933333333333334,7.525828541635482
5,seasonal_naive,6,100033,PRODUCE,0.7427156364571944,-6.570933333333333,9.474951311346194
5,seasonal_naive,6,100034,PRODUCE,1.0688136819042353,2.2338666666666667,9.529827347159374
5,seasonal_naive,6,100035,PRODUCE,2.6209371723526087,1.1067333333333333,2.641850338214451
5,seasonal_naive,6,100036,PRODUCE,0.8365340393531469,-0.5268,11.213556936647201
5,seasonal_naive,6,100037,PRODUCE,1.343581239103627,0.6988666666666666,2.9671972072423274
5,seasonal_naive,6,100038,PRODUCE,0.5056309951783007,-0.3449333333333334,5.73431365262371
5,seasonal_naive,6,100039,PRODUCE,1.4473684210526316,0.7333333333333333,4.479583313955291
5,seasonal_naive,6,100040,PRODUCE,2.1045909561615463,0.3676666666666667,2.6514485439005564
5,seasonal_naive,6,100041,CLEANING,3.6666666666666665,0.3333333333333333,1.2909944487358056
5,seasonal_naive,6,100042,CLEANING,1.0689655172413792,-0.4666666666666667,2.996823715361379
5,seasonal_naive,6,100043,CLEANING,1.5,-0.2,1.2649110640673518
5,seasonal_naive,6,100044,CLEANING,0.9222222222222223,0.6,6.533430514340402
5,seasonal_naive,6,100045,CLEANING,1.0520833333333333,2.2,8.247943466620722
5,seasonal_naive,6,100046,CLEANING,0.6470588235294118,0.3333333333333333,1.3972762620115438
5,seasonal_naive,6,100047,DAIRY,0.9069767441860465,-1.4,3.6015869518072963
5,seasonal_naive,6,100048,DAIRY,1.0,-0.9261333333333333,1.8830064815405734
5,seasonal_naive,6,100049,DAIRY,1.1176470588235294,-0.06666666666666667,1.9073791542572855
5,seasonal_naive,6,100050,DAIRY,1.2804776119402985,0.11946666666666678,7.713900012932745
5,seasonal_naive,6,100051,DAIRY,1.610529134174504,0.5414000000000001,4.160562561549992
5,seasonal_naive,6,100052,DAIRY,0.9669642099415972,3.678866666666666,9.630769683428115
5,seasonal_naive,6,100053,BREAD/BAKERY,1.173913043478261,-0.2,2.8585710716070314
5,seasonal_naive,6,100054,BREAD/BAKERY,1.9186582631868367,3.7812,5.534392807061778
5,seasonal_naive,6,100055,BREAD/BAKERY,1.7823333333333333,0.5163999999999999,3.025295447201338
5,seasonal_naive,6,100056,BREAD/BAKERY,0.8583895606842964,-1.3768666666666667,6.234273366602062
5,seasonal_naive,6,100057,BREAD/BAKERY,1.6,0.5333333333333333,2.748159557300295
5,seasonal_naive,6,100058,DELI,1.6666666666666667,0.20613333333333336,1.9398613303410068
5,seasonal_naive,6,100059,DELI,1.447903252897374,-0.5240666666666667,2.230016542753076
5,seasonal_naive,6,100060,EGGS,1.6666666666666667,-0.020000000000000018,2.2557703783851757
5,weekday_mean_8w,1,100001,GROCERY I,1.1581632653061225,-0.5833333333333334,5.579311806853533
5,weekday_mean_8w,1,100002,GROCERY I,0.47969448584202684,7.241666666666666,27.220514300973885
5,weekday_mean_8w,1,100003,GROCERY I,0.8848214285714285,-0.125,10.80044228591721
5,weekday_mean_8w,1,100004,GROCERY I,0.9940789473684211,6.175,14.940267974265291
5,weekday_mean_8w,1,100005,GROCERY I,1.329268292682927,1.75,4.082027244957024
5,weekday_mean_8w,1,100006,GROCERY I,1.0669642857142858,0.44166666666666665,7.5224168956779405
5,weekday_mean_8w,1,100007,GROCERY I,1.1536458333333333,0.3416666666666667,5.113328754576704
5,weekday_mean_8w,1,100008,GROCERY I,1.8541666666666667,0.475,0.8546093510236961
5,weekday_mean_8w,1,100009,GROCERY I,1.286764705882353,-0.35,4.198267074469111
5,weekday_mean_8w,1,100010,GROCERY I,1.1985294117647058,0.3416666666666667,1.6225714453416513
5,weekday_mean_8w,1,100011,GROCERY I,1.55,0.36666666666666664,1.2215208124457377
5,weekday_mean_8w,1,100012,GROCERY I,1.4598214285714286,1.325,2.9568322818274866
5,weekday_mean_8w,1,100013,GROCERY I,0.431,0.175,12.60436786537565
5,weekday_mean_8w,1,100014,GROCERY I,1.1468253968253967,1.7166666666666666,5.670739957595187
5,weekday_mean_8w,1,100015,GROCERY I,0.5904069767441861,1.425,20.556694252029644
5,weekday_mean_8w,1,100016,GROCERY I,0.9928571428571429,2.3666666666666667,10.282230105982892
5,weekday_mean_8w,1,100017,GROCERY I,0.6683333333333333,1.4416666666666667,12.088482072184409
5,weekday_mean_8w,1,100018,GROCERY I,1.0048076923076923,-0.8,4.683462546938048
5,weekday_mean_8w,1,100019,GROCERY I,0.7191011235955056,0.08333333333333333,9.843379150232815
5,weekday_mean_8w,1,100020,BEVERAGES,0.8179530201342282,3.2583333333333333,10.021123523171774
5,weekday_mean_8w,1,100021,BEVERAGES,0.9435483870967742,-1.2166666666666666,5.118564484399154
5,weekday_mean_8w,1,100022,BEVERAGES,0.9926470588235294,3.95,7.827777918595874
5,weekday_mean_8w,1,100023,BEVERAGES,0.9375,-0.38333333333333336,15.914354107743947
5,weekday_mean_8w,1,100024,BEVERAGES,1.5232558139534884,0.65,6.575998023114058
5,weekday_mean_8w,1,100025,BEVERAGES,2.4642857142857144,1.0333333333333334,2.641304241324368
5,weekday_mean_8w,1,100026,BEVERAGES,0.9705882352941176,-0.9333333333333333,3.118874949782526
5,weekday_mean_8w,1,100027,BEVERAGES,0.9171511627906976,0.5416666666666666,6.120199771093688
5,weekday_mean_8w,1,100028,BEVERAGES,0.9658018867924528,-0.25833333333333336,9.362666490350055
5,weekday_mean_8w,1,100029,BEVERAGES,1.0601851851851851,-1.6,5.031197315607034
5,weekday_mean_8w,1,100030,BEVERAGES,2.390625,3.0,5.135442323417026
5,weekday_mean_8w,1,100031,BEVERAGES,0.7448453608247423,-1.9,11.913302888547983
5,weekday_mean_8w,1,100032,BEVERAGES,1.3403465346534653,3.225,9.90684287320061
5,weekday_mean_8w,1,100033,PRODUCE,1.0561615063744787,5.1566,13.683048173385146
5,weekday_mean_8w,1,100034,PRODUCE,0.7945827454142311,0.5152666666666669,12.623677464486367
5,weekday_mean_8w,1,100035,PRODUCE,1.5779872991187147,0.26583333333333337,1.9623279369900606
5,weekday_mean_8w,1,100036,PRODUCE,0.6402814445704775,2.592233333333333,10.179689483128483
5,weekday_mean_8w,1,100037,PRODUCE,1.6966893274600257,0.4409666666666667,3.8449779657164798
5,weekday_mean_8w,1,100038,PRODUCE,0.8195052560831579,1.825566666666667,10.479053531870592
5,weekday_mean_8w,1,100039,PRODUCE,0.8966426237992042,1.1782333333333337,4.204518006250057
5,weekday_mean_8w,1,100040,PRODUCE,1.9219311153232241,1.2940083333333334,2.6418961591580032
5,weekday_mean_8w,1,100041,CLEANING,1.3557692307692308,-0.19166666666666668,2.1064668003442115
5,weekday_mean_8w,1,100042,CLEANING,1.2703488372093024,-0.9583333333333334,5.160951139728671
5,weekday_mean_8w,1,100043,CLEANING,1.515625,0.20833333333333334,1.0592562530019873
5,weekday_mean_8w,1,100044,CLEANING,0.635,0.43333333333333335,7.930623661898645
5,weekday_mean_8w,1,100045,CLEANING,0.8299689440993789,2.475,11.699950396720247
5,weekday_mean_8w,1,100046,CLEANING,0.9027777777777778,-1.5583333333333333,3.0424330410912597
5,weekday_mean_8w,1,100047,DAIRY,0.7531703647987966,-0.6896333333333333,3.781438504588974
5,weekday_mean_8w,1,100048,DAIRY,1.0980676600659136,-0.5346333333333334,2.911838877856266
5,weekday_mean_8w,1,100049,DAIRY,1.227542356068722,-0.13945000000000002,2.809821700860217
5,weekday_mean_8w,1,100050,DAIRY,0.6002526448760461,0.30759999999999976,7.8169240461230745
5,weekday_mean_8w,1,100051,DAIRY,0.5688925156661381,-0.5890333333333335,2.8881575973006113
5,weekday_mean_8w,1,100052,DAIRY,0.5803690826424177,1.2701333333333342,10.705370901847864
5,weekday_mean_8w,1,100053,BREAD/BAKERY,1.2709700000000002,-0.1242666666666666,3.0020231644775035
5,weekday_mean_8w,1,100054,BREAD/BAKERY,0.6747044167187689,0.4404333333333331,5.568014427903832
5,weekday_mean_8w,1,100055,BREAD/BAKERY,0.9064190134278255,0.1260833333333334,3.0917718667524077
5,weekday_mean_8w,1,100056,BREAD/BAKERY,0.6823825677145374,0.02146666666666685,4.100066813879233
5,weekday_mean_8w,1,100057,BREAD/BAKERY,2.625,1.1239500000000002,2.012459759912694
5,weekday_mean_8w,1,100058,DELI,1.1370781250000002,-0.09197499999999993,2.511454360507217
5,weekday_mean_8w,1,100059,DELI,2.3737338943918966,1.2736416666666666,2.0712780501089405
5,weekday_mean_8w,1,100060,EGGS,1.0691205243592254,-0.7952083333333333,2.3451229167767873
5,weekday_mean_8w,2,100001,GROCERY I,1.3107142857142857,0.19166666666666668,3.788748222729784
5,weekday_mean_8w,2,100002,GROCERY I,0.3472041612483745,1.6166666666666667,26.619611571886153
5,weekday_mean_8w,2,100003,GROCERY I,0.7949101796407185,-2.783333333333333,11.955877464761043
5,weekday_mean_8w,2,100004,GROCERY I,0.4441793893129771,0.125,10.209086463958048
5,weekday_mean_8w,2,100005,GROCERY I,0.88671875,-0.55,4.410519081857437
5,weekday_mean_8w,2,100006,GROCERY I,1.3611111111111112,0.4,8.047459670160338
5,weekday_mean_8w,2,100007,GROCERY I,2.4488636363636362,1.5083333333333333,4.135934281507914
5,weekday_mean_8w,2,100008,GROCERY I,1.9375,0.225,0.9404121436902014
5,weekday_mean_8w,2,100009,GROCERY I,1.08984375,-0.6916666666666667,3.1213788543496213
5,weekday_mean_8w,2,100010,GROCERY I,2.9583333333333335,0.7666666666666667,1.2640872860157508
5,weekday_mean_8w,2,100011,GROCERY I,1.5089285714285714,0.275,1.7653662104908592
5,weekday_mean_8w,2,100012,GROCERY I,1.7039473684210527,1.1083333333333334,2.5564461008725896
5,weekday_mean_8w,2,100013,GROCERY I,0.620782208588957,1.4583333333333333,18.299386861963697
5,weekday_mean_8w,2,100014,GROCERY I,1.5348360655737705,2.925,6.49824839036314
5,weekday_mean_8w,2,100015,GROCERY I,0.4494426751592357,3.575,13.509817858558588
5,weekday_mean_8w,2,100016,GROCERY I,1.1305803571428572,4.608333333333333,8.527642377809329
5,weekday_mean_8w,2,100017,GROCERY I,0.5976239669421488,-2.4583333333333335,12.034424828481873
5,weekday_mean_8w,2,100018,GROCERY I,1.2831632653061225,-0.8916666666666667,5.374349351538374
5,weekday_mean_8w,2,100019,GROCERY I,1.5239130434782608,5.233333333333333,12.633206903501051
5,weekday_mean_8w,2,100020,BEVERAGES,1.4596774193548387,2.6,9.96749180371586
5,weekday_mean_8w,2,100021,BEVERAGES,1.5048076923076923,0.8666666666666667,6.460986398228621
5,weekday_mean_8w,2,100022,BEVERAGES,0.5896739130434783,-0.6666666666666666,9.807939871543336
5,weekday_mean_8w,2,100023,BEVERAGES,0.8611111111111112,-1.0333333333333334,13.183921033195086
5,weekday_mean_8w,2,100024,BEVERAGES,1.2394366197183098,-0.9333333333333333,7.251672631357606
5,weekday_mean_8w,2,100025,BEVERAGES,1.0625,-0.2916666666666667,3.2419772773211513
5,weekday_mean_8w,2,100026,BEVERAGES,1.4375,0.225,3.3324701263262875
5,weekday_mean_8w,2,100027,BEVERAGES,0.9795673076923077,-0.6083333333333333,9.182532265640226
5,weekday_mean_8w,2,100028,BEVERAGES,1.0796296296296297,-0.7666666666666667,12.25017006684669
5,weekday_mean_8w,2,100029,BEVERAGES,1.0608108108108107,-0.08333333333333333,3.622741496764702
5,weekday_mean_8w,2,100030,BEVERAGES,1.6228448275862069,3.875,6.133376196796392
5,weekday_mean_8w,2,100031,BEVERAGES,0.614010989010989,-1.1166666666666667,9.530902120895757
5,weekday_mean_8w,2,100032,BEVERAGES,0.7985372340425532,0.39166666666666666,12.5364528001155
5,weekday_mean_8w,2,100033,PRODUCE,0.6175740072202166,-3.6748,14.236907031330578
5,weekday_mean_8w,2,100034,PRODUCE,0.549455155071249,0.9623833333333333,8.697475855413796
5,weekday_mean_8w,2,100035,PRODUCE,2.1975499999999997,0.7054666666666667,1.5491042338658014
5,weekday_mean_8w,2,100036,PRODUCE,0.7600512195121951,5.154183333333332,12.441162730857776
5,weekday_mean_8w,2,100037,PRODUCE,1.2871370967741935,-0.65615,3.61227763502475
5,weekday_mean_8w,2,100038,PRODUCE,0.7416858434924237,-2.023041666666667,9.830958314248315
5,weekday_mean_8w,2,100039,PRODUCE,1.2538906250000001,-0.3777833333333332,6.416792269511264
5,weekday_mean_8w,2,100040,PRODUCE,1.434782608695652,0.11069999999999999,2.8761449617624333
5,weekday_mean_8w,2,100041,CLEANING,2.325,0.3416666666666667,0.8679134804367366
5,weekday_mean_8w,2,100042,CLEANING,1.0486111111111112,0.23333333333333334,3.0018099698745244
5,weekday_mean_8w,2,100043,CLEANING,1.3541666666666667,0.0,1.4577379737113252
5,weekday_mean_8w,2,100044,CLEANING,0.6134020618556701,2.966666666666667,4.587800852986828
5,weekday_mean_8w,2,100045,CLEANING,0.7983247422680413,0.675,12.529055516792045
5,weekday_mean_8w,2,100046,CLEANING,1.1979166666666667,0.15,2.7911691098892595
5,weekday_mean_8w,2,100047,DAIRY,0.7216628600431416,-0.5485,4.5914932065801235
5,weekday_mean_8w,2,100048,DAIRY,1.4217532231043775,0.83485,1.4088967332316142
5,weekday_mean_8w,2,100049,DAIRY,2.0877454224575334,1.0514000000000001,2.0258173428758153
5,weekday_mean_8w,2,100050,DAIRY,1.0256910492666418,2.075558333333333,6.277505047941779
5,weekday_mean_8w,2,100051,DAIRY,1.365509259259259,0.90325,2.766722898704221
5,weekday_mean_8w,2,100052,DAIRY,0.4807131818181818,-0.9680416666666659,11.687520581214372
5,weekday_mean_8w,2,100053,BREAD/BAKERY,1.9212678571428572,1.05155,1.6478231093031712
5,weekday_mean_8w,2,100054,BREAD/BAKERY,1.3578179824561405,4.142258333333333,4.650171199437434
5,weekday_mean_8w,2,100055,BREAD/BAKERY,0.8439595588235292,0.14605833333333332,2.2686293591825963
5,weekday_mean_8w,2,100056,BREAD/BAKERY,0.6988260209287427,0.6217999999999997,5.0302815294154835
5,weekday_mean_8w,2,100057,BREAD/BAKERY,1.7451153846153846,1.00725,1.3423486621603091
5,weekday_mean_8w,2,100058,DELI,1.0960695564072067,0.07344166666666663,2.179488634357075
5,weekday_mean_8w,2,100059,DELI,2.0555284125075164,1.1071666666666669,1.7244093946672485
5,weekday_mean_8w,2,100060,EGGS,1.3746,-0.17540000000000003,2.080142776693122
5,weekday_mean_8w,3,100001,GROCERY I,1.7039473684210527,0.9083333333333333,2.235801763084
5,weekday_mean_8w,3,100002,GROCERY I,0.501788268955651,2.35,30.695043806544962
5,weekday_mean_8w,3,100003,GROCERY I,1.0838235294117646,3.2583333333333333,6.095128812264367
5,weekday_mean_8w,3,100004,GROCERY I,0.6296468401486989,-1.9416666666666667,15.294713917217408
5,weekday_mean_8w,3,100005,GROCERY I,1.369047619047619,-0.31666666666666665,6.792667177254629
5,weekday_mean_8w,3,100006,GROCERY I,1.1283783783783783,-0.1,6.307096343462203
5,weekday_mean_8w,3,100007,GROCERY I,1.114864864864865,1.5166666666666666,3.2337735954557276
5,weekday_mean_8w,3,100008,GROCERY I,2.3,0.36666666666666664,1.0182121352551994
5,weekday_mean_8w,3,100009,GROCERY I,1.0125,-0.8833333333333333,3.356253048238396
5,weekday_mean_8w,3,100010,GROCERY I,1.5769230769230769,0.23333333333333334,1.8051678460411797
5,weekday_mean_8w,3,100011,GROCERY I,1.1607142857142858,-0.7916666666666666,2.3583375399592295
5,weekday_mean_8w,3,100012,GROCERY I,1.1057692307692308,0.55,2.3912974661109336
5,weekday_mean_8w,3,100013,GROCERY I,0.5347972972972973,-4.041666666666667,16.944280183955318
5,weekday_mean_8w,3,100014,GROCERY I,1.5253623188405796,3.3333333333333335,7.786014629418815
5,weekday_mean_8w,3,100015,GROCERY I,0.8896360759493671,1.5416666666666667,23.78492106856979
5,weekday_mean_8w,3,100016,GROCERY I,0.835635359116022,-3.5833333333333335,11.104582655479717
5,weekday_mean_8w,3,100017,GROCERY I,0.9625,8.391666666666667,11.788488129567437
5,weekday_mean_8w,3,100018,GROCERY I,1.4333333333333333,0.6166666666666667,5.318109783246926
5,weekday_mean_8w,3,100019,GROCERY I,1.2087053571428572,4.841666666666667,10.267022740423874
5,weekday_mean_8w,3,100020,BEVERAGES,0.7756211180124224,0.675,10.773520780134968
5,weekday_mean_8w,3,100021,BEVERAGES,1.3085106382978724,0.06666666666666667,5.482493784331916
5,weekday_mean_8w,3,100022,BEVERAGES,0.8764044943820225,-2.283333333333333,11.947566498584356
5,weekday_mean_8w,3,100023,BEVERAGES,0.5039370078740157,-5.166666666666667,10.727308553850952
5,weekday_mean_8w,3,100024,BEVERAGES,2.0238095238095237,1.0,3.61420807370024
5,weekday_mean_8w,3,100025,BEVERAGES,2.0328947368421053,1.025,2.74154544528655
5,weekday_mean_8w,3,100026,BEVERAGES,0.9347826086956522,-0.1,1.693738468595432
5,weekday_mean_8w,3,100027,BEVERAGES,1.0466666666666666,1.6333333333333333,6.454591850177744
5,weekday_mean_8w,3,100028,BEVERAGES,0.7453007518796992,-2.2916666666666665,7.219558422059054
5,weekday_mean_8w,3,100029,BEVERAGES,3.9722222222222223,1.45,2.5239035809068233
5,weekday_mean_8w,3,100030,BEVERAGES,0.963495575221239,-1.2416666666666667,9.280892750058866
5,weekday_mean_8w,3,100031,BEVERAGES,1.21484375,4.141666666666667,8.747814352875862
5,weekday_mean_8w,3,100032,BEVERAGES,1.1288461538461538,0.6833333333333333,11.795586593944282
5,weekday_mean_8w,3,100033,PRODUCE,0.557210412178971,-1.6532833333333332,13.5817060570712
5,weekday_mean_8w,3,100034,PRODUCE,0.5681536572052401,-1.0256,8.599720578569066
5,weekday_mean_8w,3,100035,PRODUCE,1.651552214908379,0.3246666666666666,3.252868992831376
5,weekday_mean_8w,3,100036,PRODUCE,0.668097506588283,0.01822499999999998,11.618944985415292
5,weekday_mean_8w,3,100037,PRODUCE,0.796406259209053,-0.13543333333333332,2.281329945696359
5,weekday_mean_8w,3,100038,PRODUCE,0.4940599254631643,-6.423466666666667,7.764620585585314
5,weekday_mean_8w,3,100039,PRODUCE,0.8818007901714225,-1.0632249999999999,5.490260980127513
5,weekday_mean_8w,3,100040,PRODUCE,1.2761356932153394,-0.29546666666666666,4.313978837916117
5,weekday_mean_8w,3,100041,CLEANING,3.875,0.2833333333333333,0.6588454909554903
5,weekday_mean_8w,3,100042,CLEANING,1.1018518518518519,1.2833333333333334,2.0024910082432923
5,weekday_mean_8w,3,100043,CLEANING,1.90625,0.1,1.1982129550769702
5,weekday_mean_8w,3,100044,CLEANING,0.5931818181818181,-2.8916666666666666,7.561926877141704
5,weekday_mean_8w,3,100045,CLEANING,0.5495426829268293,1.7083333333333333,9.611501047232549
5,weekday_mean_8w,3,100046,CLEANING,4.625,1.3083333333333333,1.1298177265550824
5,weekday_mean_8w,3,100047,DAIRY,1.0900877696986506,1.357983333333333,4.070144475724886
5,weekday_mean_8w,3,100048,DAIRY,1.3010000000000002,0.32978333333333343,2.47929232885808
5,weekday_mean_8w,3,100049,DAIRY,1.2373578632693545,-0.4264833333333333,3.6552226114134405
5,weekday_mean_8w,3,100050,DAIRY,0.7320677564954203,-0.26667500000000005,7.565554343772268
5,weekday_mean_8w,3,100051,DAIRY,0.9200213547874454,-0.3003416666666667,3.582915288606107
5,weekday_mean_8w,3,100052,DAIRY,0.7047488838622525,-0.8437916666666662,14.32833292392106
5,weekday_mean_8w,3,100053,BREAD/BAKERY,1.7677874999999996,0.7719083333333334,1.1575942595709718
5,weekday_mean_8w,3,100054,BREAD/BAKERY,0.7537946108642682,0.06530833333333336,6.404670299634776
5,weekday_mean_8w,3,100055,BREAD/BAKERY,0.9373937616862145,0.43390000000000006,4.121302893579286
5,weekday_mean_8w,3,100056,BREAD/BAKERY,0.5510386994053743,-1.0123666666666666,4.596490490247372
5,weekday_mean_8w,3,100057,BREAD/BAKERY,0.8727034928450532,-0.9006666666666667,2.8345904893934017
5,weekday_mean_8w,3,100058,DELI,0.9773895893498626,0.17805,2.25426518347126
5,weekday_mean_8w,3,100059,DELI,1.3913322035299467,0.3332666666666666,2.7957947071173233
5,weekday_mean_8w,3,100060,EGGS,3.590375,0.7773499999999999,0.742476987077233
5,weekday_mean_8w,4,100001,GROCERY I,0.8823529411764706,-1.6,5.766900628339529
5,weekday_mean_8w,4,100002,GROCERY I,0.6181930693069307,18.366666666666667,41.62032005723486
5,weekday_mean_8w,4,100003,GROCERY I,0.995,0.425,13.712025483390223
5,weekday_mean_8w,4,100004,GROCERY I,0.6285511363636364,3.433333333333333,16.718378111128683
5,weekday_mean_8w,4,100005,GROCERY I,2.65234375,3.308333333333333,5.653275493864049
5,weekday_mean_8w,4,100006,GROCERY I,1.8653846153846154,3.933333333333333,11.358098379989663
5,weekday_mean_8w,4,100007,GROCERY I,1.1004464285714286,0.775,4.464192856177124
5,weekday_mean_8w,4,100008,GROCERY I,1.4903846153846154,0.275,1.7603013134931516
5,weekday_mean_8w,4,100009,GROCERY I,0.8972222222222223,-0.275,3.2692424854347264
5,weekday_mean_8w,4,100010,GROCERY I,4.303571428571429,1.5583333333333333,1.5625833311112296
5,weekday_mean_8w,4,100011,GROCERY I,1.75,0.05,2.799394067089723
5,weekday_mean_8w,4,100012,GROCERY I,2.5580357142857144,2.075,5.179975179201428
5,weekday_mean_8w,4,100013,GROCERY I,0.8423024523160763,11.141666666666667,22.81240786021836
5,weekday_mean_8w,4,100014,GROCERY I,0.7458333333333333,-0.9416666666666667,9.04686047885174
5,weekday_mean_8w,4,100015,GROCERY I,0.49592911877394635,1.9083333333333334,21.196859324864505
5,weekday_mean_8w,4,100016,GROCERY I,0.7590811965811965,0.325,15.661371952309013
5,weekday_mean_8w,4,100017,GROCERY I,0.7421328671328671,3.45,17.822587995494448
5,weekday_mean_8w,4,100018,GROCERY I,2.1282894736842106,1.7416666666666667,6.061343164050435
5,weekday_mean_8w,4,100019,GROCERY I,1.276268115942029,5.791666666666667,12.75635929177884
5,weekday_mean_8w,4,100020,BEVERAGES,1.9019607843137254,12.666666666666666,17.755511384463404
5,weekday_mean_8w,4,100021,BEVERAGES,0.9895833333333334,-0.8583333333333333,7.330048642078584
5,weekday_mean_8w,4,100022,BEVERAGES,0.91,-2.8666666666666667,18.23277481298314
5,weekday_mean_8w,4,100023,BEVERAGES,0.7216666666666667,-8.275,20.567300243000158
5,weekday_mean_8w,4,100024,BEVERAGES,1.30625,1.6333333333333333,3.6612920566119174
5,weekday_mean_8w,4,100025,BEVERAGES,1.5946969696969697,1.0916666666666666,4.644857627629977
5,weekday_mean_8w,4,100026,BEVERAGES,1.0494186046511629,-0.6416666666666667,3.86833143554661
5,weekday_mean_8w,4,100027,BEVERAGES,0.6570680628272252,-5.2,10.741358653088804
5,weekday_mean_8w,4,100028,BEVERAGES,2.618951612903226,9.025,8.507769558300392
5,weekday_mean_8w,4,100029,BEVERAGES,1.1642156862745099,0.275,5.035853594830913
5,weekday_mean_8w,4,100030,BEVERAGES,1.41875,1.0416666666666667,10.99113549747293
5,weekday_mean_8w,4,100031,BEVERAGES,0.6098856209150327,-1.4583333333333333,15.89317482293519
5,weekday_mean_8w,4,100032,BEVERAGES,0.7838010204081632,5.158333333333333,11.695682455301105
5,weekday_mean_8w,4,100033,PRODUCE,0.32194875024647795,0.00030000000000048505,10.530779938407255
5,weekday_mean_8w,4,100034,PRODUCE,0.7118669320176547,1.535633333333333,16.225975896351756
5,weekday_mean_8w,4,100035,PRODUCE,0.8899163195903863,-1.701,4.577071985919132
5,weekday_mean_8w,4,100036,PRODUCE,0.41036552478134114,5.258641666666667,11.208554061286927
5,weekday_mean_8w,4,100037,PRODUCE,0.7889264705882354,0.0746500000000001,3.811021599244842
5,weekday_mean_8w,4,100038,PRODUCE,0.7370747045646759,4.910241666666666,11.340875320473451
5,weekday_mean_8w,4,100039,PRODUCE,1.321807095654122,1.76345,7.193147962861949
5,weekday_mean_8w,4,100040,PRODUCE,1.5037662674462469,1.21145,5.587544156065538
5,weekday_mean_8w,4,100041,CLEANING,1.3333333333333333,0.13333333333333333,1.0127167610419203
5,weekday_mean_8w,4,100042,CLEANING,1.4313725490196079,-0.65,6.6666815476024395
5,weekday_mean_8w,4,100043,CLEANING,1.2569444444444444,-0.3416666666666667,2.168394457613634
5,weekday_mean_8w,4,100044,CLEANING,0.4264705882352941,-5.433333333333334,10.284552679116569
5,weekday_mean_8w,4,100045,CLEANING,0.9731818181818181,1.725,22.175144950404015
5,weekday_mean_8w,4,100046,CLEANING,1.484375,0.16666666666666666,3.9572680270731273
5,weekday_mean_8w,4,100047,DAIRY,1.4232076271186438,2.4764166666666667,6.6472520788780685
5,weekday_mean_8w,4,100048,DAIRY,0.7565908657513348,-1.9365083333333335,4.285350193919256
5,weekday_mean_8w,4,100049,DAIRY,1.2302873656058728,-1.3562166666666668,8.01291631279543
5,weekday_mean_8w,4,100050,DAIRY,0.5777458755198718,-0.1408,7.437287277540159
5,weekday_mean_8w,4,100051,DAIRY,0.72472392197033,-3.71305,6.252541876109268
5,weekday_mean_8w,4,100052,DAIRY,0.43807587718140284,-0.6604499999999999,14.685497674439981
5,weekday_mean_8w,4,100053,BREAD/BAKERY,1.2744234938571712,0.30626666666666674,3.0924301621440207
5,weekday_mean_8w,4,100054,BREAD/BAKERY,0.499743238616912,1.236333333333333,7.393904049033199
5,weekday_mean_8w,4,100055,BREAD/BAKERY,1.2048599636483808,0.9267166666666665,4.558979060568537
5,weekday_mean_8w,4,100056,BREAD/BAKERY,0.8776538171941808,0.654375,5.754309581429259
5,weekday_mean_8w,4,100057,BREAD/BAKERY,1.0069201388888889,-0.49522499999999997,2.850639397338905
5,weekday_mean_8w,4,100058,DELI,1.1257620253869278,-0.31127499999999997,3.182154196578722
5,weekday_mean_8w,4,100059,DELI,2.5799674942942112,1.3757166666666667,2.562194090828675
5,weekday_mean_8w,4,100060,EGGS,1.110054618666029,0.14506666666666668,2.1956176623777734
5,weekday_mean_8w,5,100001,GROCERY I,2.169642857142857,2.1666666666666665,5.000148807309449
5,weekday_mean_8w,5,100002,GROCERY I,0.4775763358778626,-17.775,46.31518572316674
5,weekday_mean_8w,5,100003,GROCERY I,1.0040760869565217,-7.675,18.860910067423273
5,weekday_mean_8w,5,100004,GROCERY I,0.9927474402730375,6.008333333333334,21.409301355341086
5,weekday_mean_8w,5,100005,GROCERY I,1.2904929577464788,1.675,7.789473207935364
5,weekday_mean_8w,5,100006,GROCERY I,1.0589622641509433,0.03333333333333333,9.16338144594066
5,weekday_mean_8w,5,100007,GROCERY I,1.0704225352112675,-0.8833333333333333,7.131648944435407
5,weekday_mean_8w,5,100008,GROCERY I,1.5333333333333334,-0.21666666666666667,2.087626528814367
5,weekday_mean_8w,5,100009,GROCERY I,0.8836206896551724,-1.5333333333333334,4.328958414258672
5,weekday_mean_8w,5,100010,GROCERY I,1.2142857142857142,-0.8666666666666667,4.297389850107797
5,weekday_mean_8w,5,100011,GROCERY I,2.1538461538461537,0.5666666666666667,2.758050985405317
5,weekday_mean_8w,5,100012,GROCERY I,1.0482456140350878,-1.3,5.133442523575884
5,weekday_mean_8w,5,100013,GROCERY I,0.39053537284894835,5.933333333333334,18.556072520362502
5,weekday_mean_8w,5,100014,GROCERY I,0.9431818181818182,1.45,9.578948272122572
5,weekday_mean_8w,5,100015,GROCERY I,0.4792410714285714,-0.975,22.926279369193026
5,weekday_mean_8w,5,100016,GROCERY I,0.8560049019607843,-0.375,15.501728014275422
5,weekday_mean_8w,5,100017,GROCERY I,0.45689655172413796,0.35,13.130288050370954
5,weekday_mean_8w,5,100018,GROCERY I,1.2734375,0.4583333333333333,4.712650780712738
5,weekday_mean_8w,5,100019,GROCERY I,1.2001445086705202,6.175,14.436266954148104
5,weekday_mean_8w,5,100020,BEVERAGES,3.4563253012048194,13.591666666666667,15.476470235566666
5,weekday_mean_8w,5,100021,BEVERAGES,1.3076923076923077,0.9333333333333333,4.908053391645011
5,weekday_mean_8w,5,100022,BEVERAGES,0.7249119718309859,-4.075,15.921669308569017
5,weekday_mean_8w,5,100023,BEVERAGES,1.2107988165680474,1.5583333333333333,16.436761028111288
5,weekday_mean_8w,5,100024,BEVERAGES,1.1027227722772277,-2.9583333333333335,9.216477221853932
5,weekday_mean_8w,5,100025,BEVERAGES,1.0887096774193548,0.75,3.191086917381868
5,weekday_mean_8w,5,100026,BEVERAGES,1.685,0.8583333333333333,3.565667973218776
5,weekday_mean_8w,5,100027,BEVERAGES,1.4493670886075949,3.0166666666666666,9.020297878092707
5,weekday_mean_8w,5,100028,BEVERAGES,1.3762019230769231,4.925,9.608729290152189
5,weekday_mean_8w,5,100029,BEVERAGES,2.03125,0.9166666666666666,4.231226040939411
5,weekday_mean_8w,5,100030,BEVERAGES,0.7183544303797469,-2.5166666666666666,9.23875603613593
5,weekday_mean_8w,5,100031,BEVERAGES,0.8470052083333334,0.775,14.2250878731908
5,weekday_mean_8w,5,100032,BEVERAGES,1.3811349693251533,4.891666666666667,19.13257708601695
5,weekday_mean_8w,5,100033,PRODUCE,0.4886505472917605,-3.0900166666666666,15.745750343408043
5,weekday_mean_8w,5,100034,PRODUCE,0.40848531466889015,2.6435166666666676,9.879746645811151
5,weekday_mean_8w,5,100035,PRODUCE,1.1083571428571428,0.1350333333333334,1.9861990820288837
5,weekday_mean_8w,5,100036,PRODUCE,0.595266404977224,-3.674799999999999,18.772331253331892
5,weekday_mean_8w,5,100037,PRODUCE,1.251128676470588,0.640975,3.257329661358803
5,weekday_mean_8w,5,100038,PRODUCE,0.6504118883714926,-1.002225,12.566402696046168
5,weekday_mean_8w,5,100039,PRODUCE,0.993609150839287,0.8961249999999997,5.256569005522654
5,weekday_mean_8w,5,100040,PRODUCE,1.10352938703439,-0.5187416666666667,4.933072556432128
5,weekday_mean_8w,5,100041,CLEANING,1.8571428571428572,0.11666666666666667,1.1451242394646635
5,weekday_mean_8w,5,100042,CLEANING,2.263888888888889,1.8083333333333333,4.687527777695474
5,weekday_mean_8w,5,100043,CLEANING,1.059782608695652,-1.0416666666666667,2.3331207386143524
5,weekday_mean_8w,5,100044,CLEANING,0.5635026737967914,2.658333333333333,8.449623124872549
5,weekday_mean_8w,5,100045,CLEANING,0.45729166666666665,2.6166666666666667,9.81951713001544
5,weekday_mean_8w,5,100046,CLEANING,1.3273809523809523,0.625,2.252974224695626
5,weekday_mean_8w,5,100047,DAIRY,0.8276465469944795,-0.9134249999999999,7.988117863538677
5,weekday_mean_8w,5,100048,DAIRY,1.494993668808329,0.9885999999999999,2.5506556760328456
5,weekday_mean_8w,5,100049,DAIRY,1.009375,1.21055,3.1170737564460995
5,weekday_mean_8w,5,100050,DAIRY,1.0412681677837186,2.8050333333333333,8.826123115434632
5,weekday_mean_8w,5,100051,DAIRY,0.9860137726195439,-2.462249999999999,7.129659315361779
5,weekday_mean_8w,5,100052,DAIRY,0.5806684080517626,-9.321733333333333,22.37250609744155
5,weekday_mean_8w,5,100053,BREAD/BAKERY,2.217354166666667,1.4142166666666667,1.4213295825710752
5,weekday_mean_8w,5,100054,BREAD/BAKERY,0.94727484150902,3.807191666666667,8.6514015955027
5,weekday_mean_8w,5,100055,BREAD/BAKERY,0.8259835686183754,-0.4352249999999999,4.068935981650222
5,weekday_mean_8w,5,100056,BREAD/BAKERY,0.7312452264958217,-1.3995666666666664,8.211018687055015
5,weekday_mean_8w,5,100057,BREAD/BAKERY,1.7977676227747816,1.3602916666666667,2.698479476642929
5,weekday_mean_8w,5,100058,DELI,1.9129722222222223,1.40985,2.403027286328494
5,weekday_mean_8w,5,100059,DELI,1.9885787133891213,1.0342416666666665,3.037054200996694
5,weekday_mean_8w,5,100060,EGGS,1.004462481476492,-0.46188333333333337,2.4872978518304234
5,weekday_mean_8w,6,100001,GROCERY I,1.7875,0.9166666666666666,2.8080984075823743
5,weekday_mean_8w,6,100002,GROCERY I,0.4329268292682927,-12.35,22.596331481649216
5,weekday_mean_8w,6,100003,GROCERY I,1.1268939393939394,2.158333333333333,5.5007034182219
5,weekday_mean_8w,6,100004,GROCERY I,0.630057803468208,0.5666666666666667,8.976017981795927
5,weekday_mean_8w,6,100005,GROCERY I,1.4264705882352942,1.1333333333333333,3.6118810229310605
5,weekday_mean_8w,6,100006,GROCERY I,1.1493055555555556,-1.0333333333333334,6.739652562756233
5,weekday_mean_8w,6,100007,GROCERY I,0.7774390243902439,-0.30833333333333335,2.7511631739182265
5,weekday_mean_8w,6,100008,GROCERY I,1.2045454545454546,-0.3333333333333333,1.4915436235499049
5,weekday_mean_8w,6,100009,GROCERY I,1.6818181818181819,0.5333333333333333,1.512940215354888
5,weekday_mean_8w,6,100010,GROCERY I,1.6696428571428572,-0.058333333333333334,2.1489546185019712
5,weekday_mean_8w,6,100011,GROCERY I,1.28125,0.03333333333333333,1.1919247139855453
5,weekday_mean_8w,6,100012,GROCERY I,1.46875,0.03333333333333333,2.3263181107451647
5,weekday_mean_8w,6,100013,GROCERY I,0.7735745614035088,2.975,13.658396161859038
5,weekday_mean_8w,6,100014,GROCERY I,1.1346153846153846,0.9166666666666666,4.705540680436
5,weekday_mean_8w,6,100015,GROCERY I,0.604326923076923,-0.041666666666666664,12.409823537750054
5,weekday_mean_8w,6,100016,GROCERY I,0.9727011494252874,2.308333333333333,6.2125425168613155
5,weekday_mean_8w,6,100017,GROCERY I,1.0712719298245614,4.225,8.793158866820436
5,weekday_mean_8w,6,100018,GROCERY I,2.8,1.55,1.6961089924547048
5,weekday_mean_8w,6,100019,GROCERY I,0.6817484662576687,-4.058333333333334,7.69839771517115
5,weekday_mean_8w,6,100020,BEVERAGES,0.5827205882352942,-0.95,6.628671489392556
5,weekday_mean_8w,6,100021,BEVERAGES,1.3225806451612903,0.36666666666666664,3.0751258201127007
5,weekday_mean_8w,6,100022,BEVERAGES,1.0740740740740742,2.55,3.699300126857975
5,weekday_mean_8w,6,100023,BEVERAGES,0.8052083333333333,-1.1583333333333334,7.684118981627596
5,weekday_mean_8w,6,100024,BEVERAGES,0.9131944444444444,-0.39166666666666666,3.323974958360776
5,weekday_mean_8w,6,100025,BEVERAGES,1.1363636363636365,-0.03333333333333333,1.9963508375700567
5,weekday_mean_8w,6,100026,BEVERAGES,1.46875,0.08333333333333333,2.4163074445663293
5,weekday_mean_8w,6,100027,BEVERAGES,0.930327868852459,-0.16666666666666666,4.406687963711954
5,weekday_mean_8w,6,100028,BEVERAGES,2.72,3.75,3.536165194913027
5,weekday_mean_8w,6,100029,BEVERAGES,0.9708333333333333,-0.725,2.7694926043797783
5,weekday_mean_8w,6,100030,BEVERAGES,1.318452380952381,2.7583333333333333,3.612190009767851
5,weekday_mean_8w,6,100031,BEVERAGES,0.9103982300884956,0.20833333333333334,9.336428589644104
5,weekday_mean_8w,6,100032,BEVERAGES,0.73,-1.3666666666666667,6.109211916286359
5,weekday_mean_8w,6,100033,PRODUCE,0.5666513904075814,-1.8830999999999998,8.586306044729014
5,weekday_mean_8w,6,100034,PRODUCE,1.045050626449129,3.9524,6.72018749459418
5,weekday_mean_8w,6,100035,PRODUCE,1.3909992741350108,0.10673333333333333,1.4208265937558353
5,weekday_mean_8w,6,100036,PRODUCE,0.5001009931511107,0.8018833333333333,7.609083138648382
5,weekday_mean_8w,6,100037,PRODUCE,0.9722541140451587,-0.27796666666666664,2.006401880914712
5,weekday_mean_8w,6,100038,PRODUCE,0.5283328080009542,0.5351416666666664,5.392596910113923
5,weekday_mean_8w,6,100039,PRODUCE,1.1043881578947368,-0.09093333333333338,3.3210195534959412
5,weekday_mean_8w,6,100040,PRODUCE,2.1352865032792545,0.869825,2.2684132531471355
5,weekday_mean_8w,6,100041,CLEANING,3.5833333333333335,0.4166666666666667,0.7915100095627946
5,weekday_mean_8w,6,100042,CLEANING,0.9008620689655172,-0.475,2.9189956687678924
5,weekday_mean_8w,6,100043,CLEANING,1.5208333333333333,-0.09166666666666666,1.124470774991295
5,weekday_mean_8w,6,100044,CLEANING,0.5694444444444444,0.3,4.3631983681698445
5,weekday_mean_8w,6,100045,CLEANING,0.56640625,1.775,4.3105456234018185
5,weekday_mean_8w,6,100046,CLEANING,1.0735294117647058,0.13333333333333333,1.6004091738707087
5,weekday_mean_8w,6,100047,DAIRY,1.3496918604651165,0.7992833333333332,5.18523398107951
5,weekday_mean_8w,6,100048,DAIRY,1.3710999999999998,-0.20808333333333331,1.9899939584363304
5,weekday_mean_8w,6,100049,DAIRY,1.086544117647059,-0.33133333333333337,1.8078130265566996
5,weekday_mean_8w,6,100050,DAIRY,1.16017723880597,1.1201250000000003,6.446156584685615
5,weekday_mean_8w,6,100051,DAIRY,1.0862687840958534,-0.36865833333333337,2.9483614984589726
5,weekday_mean_8w,6,100052,DAIRY,0.9890311456059004,5.725716666666667,8.718833331714755
5,weekday_mean_8w,6,100053,BREAD/BAKERY,1.0529021739130435,-0.25956666666666667,2.192131057015285
5,weekday_mean_8w,6,100054,BREAD/BAKERY,1.284555962099742,1.1616083333333334,5.105193795701262
5,weekday_mean_8w,6,100055,BREAD/BAKERY,1.3503055555555554,-0.04586666666666662,2.1859052056312853
5,weekday_mean_8w,6,100056,BREAD/BAKERY,0.9692742959895737,-0.2769000000000001,5.683314150636179
5,weekday_mean_8w,6,100057,BREAD/BAKERY,1.153275,-0.13833333333333334,2.361536442140905
5,weekday_mean_8w,6,100058,DELI,1.6498854166666665,0.2595083333333334,1.5178230809483442
5,weekday_mean_8w,6,100059,DELI,1.090980348244779,-0.0312,1.5958821206020017
5,weekday_mean_8w,6,100060,EGGS,1.4814083333333334,0.290225,1.7764729459461441
5,lightgbm_recursive,1,100001,GROCERY I,1.1416716637660071,-0.44649190231966895,5.276799534720541
5,lightgbm_recursive,1,100002,GROCERY I,0.3831023041246469,5.252317135180846,24.56943831555615
5,lightgbm_recursive,1,100003,GROCERY I,0.9051190233732165,0.3101960097318026,10.714627377770428
5,lightgbm_recursive,1,100004,GROCERY I,0.8858473828166927,5.677650045752611,13.197758606763275
5,lightgbm_recursive,1,100005,GROCERY I,1.3560968455658389,1.7723642308065388,3.7349811589144957
5,lightgbm_recursive,1,100006,GROCERY I,1.0081586988601707,0.6044885483815946,7.343895820288378
5,lightgbm_recursive,1,100007,GROCERY I,1.2038419024539244,0.23428278124477672,5.094082250114885
5,lightgbm_recursive,1,100008,GROCERY I,1.9435423670348062,0.26878282132939896,0.8000216147131309
5,lightgbm_recursive,1,100009,GROCERY I,1.28123682950705,-0.3378494664978705,3.986767765568208
5,lightgbm_recursive,1,100010,GROCERY I,1.2210393938244821,0.19710377326142509,1.7790794315257057
5,lightgbm_recursive,1,100011,GROCERY I,1.4193188855052932,0.1963360809367845,1.0500423215054393
5,lightgbm_recursive,1,100012,GROCERY I,1.4219579960174065,0.6073645688704707,3.1194938520746893
5,lightgbm_recursive,1,100013,GROCERY I,0.36442851583734476,0.42095176188461614,12.386191066375945
5,lightgbm_recursive,1,100014,GROCERY I,1.277262918143159,1.6059474792445583,5.823819618566724
5,lightgbm_recursive,1,100015,GROCERY I,0.5482857297260876,-2.1204293589956493,20.18117836894572
5,lightgbm_recursive,1,100016,GROCERY I,0.9996086406069781,2.1368874943568956,10.346099403979371
5,lightgbm_recursive,1,100017,GROCERY I,0.573761006857416,1.6139323013105364,10.825229452660022
5,lightgbm_recursive,1,100018,GROCERY I,1.015897466755499,-0.38344366637268307,4.433262988537738
5,lightgbm_recursive,1,100019,GROCERY I,0.8899187164178383,-0.597268340390592,11.619239128600213
5,lightgbm_recursive,1,100020,BEVERAGES,0.8073119863049546,3.5272383995956056,9.74292629682413
5,lightgbm_recursive,1,100021,BEVERAGES,1.0036426134865104,-0.5840220765108808,5.027169939416242
5,lightgbm_recursive,1,100022,BEVERAGES,1.0113285034078359,4.418178637828352,7.2694163683963255
5,lightgbm_recursive,1,100023,BEVERAGES,1.0086533486192382,-0.40282153119475905,17.200736620485678
5,lightgbm_recursive,1,100024,BEVERAGES,1.4481518702834182,0.6419015298599403,6.160957059668931
5,lightgbm_recursive,1,100025,BEVERAGES,2.3281444616723577,1.130870827808215,2.1833849004677646
5,lightgbm_recursive,1,100026,BEVERAGES,1.1662881005822625,-0.39179612341156406,3.241853217613326
5,lightgbm_recursive,1,100027,BEVERAGES,0.8904875441005948,0.33149879904277163,5.822851349724736
5,lightgbm_recursive,1,100028,BEVERAGES,1.0136085181905383,-0.06406891711922924,8.945383987672045
5,lightgbm_recursive,1,100029,BEVERAGES,1.0322047904031837,-0.9736851312130735,4.593650921304312
5,lightgbm_recursive,1,100030,BEVERAGES,2.442995963413193,4.238494970848104,4.006564894521863
5,lightgbm_recursive,1,100031,BEVERAGES,0.6626309073658542,-1.846680385461339,11.40954420142915
5,lightgbm_recursive,1,100032,BEVERAGES,1.1849448662087263,4.151564777728456,8.302737621486598
5,lightgbm_recursive,1,100033,PRODUCE,0.9734197306371157,5.537704383303032,11.479189891642527
5,lightgbm_recursive,1,100034,PRODUCE,0.5904248380379189,1.5654396804945518,9.714915315911016
5,lightgbm_recursive,1,100035,PRODUCE,1.450594505005944,0.40731764976824547,1.612900239950339
5,lightgbm_recursive,1,100036,PRODUCE,0.596236698492293,3.127066855728762,10.554804412684762
5,lightgbm_recursive,1,100037,PRODUCE,1.3418895765372028,0.28933583215600767,3.0332235983165288
5,lightgbm_recursive,1,100038,PRODUCE,0.8121283133188892,2.861981848845232,10.154223645369095
5,lightgbm_recursive,1,100039,PRODUCE,0.9103857770063626,0.2194141210913106,4.416264232532917
5,lightgbm_recursive,1,100040,PRODUCE,1.6210082234938676,1.0965437721705282,2.0915799488234823
5,lightgbm_recursive,1,100041,CLEANING,1.4185649235310918,-0.23547180953118416,2.0246836668307178
5,lightgbm_recursive,1,100042,CLEANING,1.1684542411074692,-0.22742796708799043,4.2507836250990865
5,lightgbm_recursive,1,100043,CLEANING,1.5000432180144976,0.22252270050511846,0.9349067939688884
5,lightgbm_recursive,1,100044,CLEANING,0.6457038040452218,-0.4138012078014591,7.590505345185999
5,lightgbm_recursive,1,100045,CLEANING,0.6080169544379345,2.9545689782365994,8.627344970953704
5,lightgbm_recursive,1,100046,CLEANING,0.9035208009062027,-1.4148099421121718,3.0894845756202494
5,lightgbm_recursive,1,100047,DAIRY,0.7598517301414669,0.12557174424976197,3.936597534127403
5,lightgbm_recursive,1,100048,DAIRY,0.9853910158315425,-0.571595691160896,2.619779381657688
5,lightgbm_recursive,1,100049,DAIRY,1.3766668509420024,0.14150436352214094,2.917714333162182
5,lightgbm_recursive,1,100050,DAIRY,0.6361344674818935,0.281206682391117,8.90596430171968
5,lightgbm_recursive,1,100051,DAIRY,0.6788277266603128,-1.1792790625239995,3.254251817474704
5,lightgbm_recursive,1,100052,DAIRY,0.477690795782552,2.4178552013022045,9.359774630541779
5,lightgbm_recursive,1,100053,BREAD/BAKERY,1.2296779306587764,0.10187016852308607,2.6296125989947816
5,lightgbm_recursive,1,100054,BREAD/BAKERY,0.540993544614309,0.9215506428222179,5.025748930483487
5,lightgbm_recursive,1,100055,BREAD/BAKERY,0.8460301843796816,0.0887916172852002,2.7849376132737302
5,lightgbm_recursive,1,100056,BREAD/BAKERY,0.5710682913062397,0.7662976893836936,3.62840470178795
5,lightgbm_recursive,1,100057,BREAD/BAKERY,2.4337411723226468,0.9397986543468085,1.7200975913732426
5,lightgbm_recursive,1,100058,DELI,1.2372086343203799,0.258864194431503,2.3575264756055425
5,lightgbm_recursive,1,100059,DELI,1.7145072011060056,0.8150813920065807,1.448639420053919
5,lightgbm_recursive,1,100060,EGGS,1.0433226485466516,-0.6403428364124816,2.292578197035763
5,lightgbm_recursive,2,100001,GROCERY I,1.1939089735494612,0.35527591067156944,3.3369574747523605
5,lightgbm_recursive,2,100002,GROCERY I,0.33062795402142625,-1.9453396391618207,24.318070614317875
5,lightgbm_recursive,2,100003,GROCERY I,0.6344108474303831,-1.7144001336912589,9.710835725695205
5,lightgbm_recursive,2,100004,GROCERY I,0.40027175866464526,0.563068217051838,9.463823809383335
5,lightgbm_recursive,2,100005,GROCERY I,0.8183629821442446,0.02878476036162135,4.126120014127169
5,lightgbm_recursive,2,100006,GROCERY I,1.2469326658196251,0.9960241422444116,7.466003503084773
5,lightgbm_recursive,2,100007,GROCERY I,2.234034620056308,1.931894058818263,3.272401408106453
5,lightgbm_recursive,2,100008,GROCERY I,1.7501463158231318,0.2627374728783165,0.7352926838969635
5,lightgbm_recursive,2,100009,GROCERY I,1.2761085377356545,-0.2494299627131248,3.2069305289003127
5,lightgbm_recursive,2,100010,GROCERY I,3.2200231349400252,0.9660189463150938,0.9901664680283488
5,lightgbm_recursive,2,100011,GROCERY I,1.3028699497461609,-0.04052308231241076,1.7795857041107639
5,lightgbm_recursive,2,100012,GROCERY I,1.5317154828150223,0.9798138565379743,2.2524105343099716
5,lightgbm_recursive,2,100013,GROCERY I,0.6068520689335749,4.2988212149994816,17.40923087040379
5,lightgbm_recursive,2,100014,GROCERY I,1.5452866543881174,2.357783720362306,6.211498958766379
5,lightgbm_recursive,2,100015,GROCERY I,0.4799409939596526,5.434269924654385,12.30205916971927
5,lightgbm_recursive,2,100016,GROCERY I,1.0260248017242553,4.0170242667365805,8.494302945173958
5,lightgbm_recursive,2,100017,GROCERY I,0.4667596484460227,0.25020095062663095,9.622236958946948
5,lightgbm_recursive,2,100018,GROCERY I,1.2023147509530074,-0.19818148701803348,4.5446621636060245
5,lightgbm_recursive,2,100019,GROCERY I,1.4978343452676466,4.803598122158452,12.239242694495479
5,lightgbm_recursive,2,100020,BEVERAGES,1.5409418980574718,5.9820399615877475,9.43120006789652
5,lightgbm_recursive,2,100021,BEVERAGES,1.207336973986352,0.277734200262096,4.7070771795176345
5,lightgbm_recursive,2,100022,BEVERAGES,0.6070307763147594,-0.30510178378048836,9.185725933111932
5,lightgbm_recursive,2,100023,BEVERAGES,0.7270299514386941,-0.7753431852464311,10.823621945858603
5,lightgbm_recursive,2,100024,BEVERAGES,1.1206876244520156,-1.1605452380041374,6.86981999064659
5,lightgbm_recursive,2,100025,BEVERAGES,0.9480567328002822,-0.5157577905883666,2.912431363105707
5,lightgbm_recursive,2,100026,BEVERAGES,1.4272628645237497,0.1379913064009432,3.386148810744368
5,lightgbm_recursive,2,100027,BEVERAGES,0.9009576555819365,-0.48243050659132597,8.317443018629078
5,lightgbm_recursive,2,100028,BEVERAGES,0.9474776016917249,-0.919558847073115,11.18436783191217
5,lightgbm_recursive,2,100029,BEVERAGES,1.1356971649932668,-0.015166573941621428,3.5185833289112893
5,lightgbm_recursive,2,100030,BEVERAGES,1.390922779430825,2.913068339407725,5.079415316036516
5,lightgbm_recursive,2,100031,BEVERAGES,0.6912887299956351,-1.487328105076633,10.27430662438441
5,lightgbm_recursive,2,100032,BEVERAGES,0.7129176321031481,-1.5454856184685668,10.808009008699873
5,lightgbm_recursive,2,100033,PRODUCE,0.5301186367639807,-3.5579767270675693,13.981508970356085
5,lightgbm_recursive,2,100034,PRODUCE,0.5645115419329252,1.3020642073822388,9.109916901149933
5,lightgbm_recursive,2,100035,PRODUCE,1.990265684274629,0.7083100886902945,1.2803597506426676
5,lightgbm_recursive,2,100036,PRODUCE,0.7703971362884943,3.929182498129649,13.166348912848848
5,lightgbm_recursive,2,100037,PRODUCE,1.2437770447342122,0.03287636332082281,3.0975592333202684
5,lightgbm_recursive,2,100038,PRODUCE,0.7674651706575882,0.05851497156975635,9.71122247825295
5,lightgbm_recursive,2,100039,PRODUCE,1.201130800657305,-0.2299340816593779,5.88026591390151
5,lightgbm_recursive,2,100040,PRODUCE,1.53994310924946,0.8662710537350659,2.5720327931726725
5,lightgbm_recursive,2,100041,CLEANING,1.7860403642991032,0.289633771537565,0.5896529156517645
5,lightgbm_recursive,2,100042,CLEANING,1.0708362200672439,0.38403840491896185,2.97770984321597
5,lightgbm_recursive,2,100043,CLEANING,1.304397878467628,-0.04405101059002623,1.30642841162902
5,lightgbm_recursive,2,100044,CLEANING,0.7387348132464269,2.9443753600654747,5.931989448407126
5,lightgbm_recursive,2,100045,CLEANING,0.7883845927114158,0.905223029187353,12.457309341553344
5,lightgbm_recursive,2,100046,CLEANING,1.2387222585256101,-0.056777326837293765,2.514392126293842
5,lightgbm_recursive,2,100047,DAIRY,0.8072791916853826,-0.6465497859622128,4.771280468987869
5,lightgbm_recursive,2,100048,DAIRY,1.7050267005270954,0.827061310340878,1.4810339578638996
5,lightgbm_recursive,2,100049,DAIRY,1.86786462304629,1.0109360593224141,1.6190110753963478
5,lightgbm_recursive,2,100050,DAIRY,0.8831758414951437,2.5225005432312444,5.397436048651406
5,lightgbm_recursive,2,100051,DAIRY,1.344536350892305,1.4512393431084338,2.3822917938802104
5,lightgbm_recursive,2,100052,DAIRY,0.5206709969992775,-2.6781332564357654,12.4885902434338
5,lightgbm_recursive,2,100053,BREAD/BAKERY,1.798524640671879,0.7601191425453274,1.645272875502049
5,lightgbm_recursive,2,100054,BREAD/BAKERY,1.2266924982551433,4.039597977927341,4.42614558468626
5,lightgbm_recursive,2,100055,BREAD/BAKERY,0.7095584575148467,0.7811735380911687,1.9260774044675
5,lightgbm_recursive,2,100056,BREAD/BAKERY,0.7273625586298893,0.338082190636951,5.02866920549615
5,lightgbm_recursive,2,100057,BREAD/BAKERY,1.6736110985849135,0.7766582443519143,1.4811665655256787
5,lightgbm_recursive,2,100058,DELI,1.0878437584484104,0.369419132566817,2.0164405420518885
5,lightgbm_recursive,2,100059,DELI,1.8710934843540643,0.8503936501812844,1.7104076055741133
5,lightgbm_recursive,2,100060,EGGS,1.3755205239333763,0.08470758363035254,1.928206002773955
5,lightgbm_recursive,3,100001,GROCERY I,1.8148153235182096,1.3879298691431574,2.110272330939771
5,lightgbm_recursive,3,100002,GROCERY I,0.5517261054108826,-2.3437317453594204,30.88809946317666
5,lightgbm_recursive,3,100003,GROCERY I,1.1218594267639672,3.1045718168437246,6.7673037338503415
5,lightgbm_recursive,3,100004,GROCERY I,0.5429383798484109,-0.1218439069101566,13.044163722432828
5,lightgbm_recursive,3,100005,GROCERY I,1.214458339517747,-0.2601790214452505,6.101475787100144
5,lightgbm_recursive,3,100006,GROCERY I,1.0526357040943164,0.18686932649005245,5.73897370826369
5,lightgbm_recursive,3,100007,GROCERY I,1.09551913025008,0.9141212113646603,3.4682253850041587
5,lightgbm_recursive,3,100008,GROCERY I,2.384497225063698,0.30476631519726854,1.0351672504122815
5,lightgbm_recursive,3,100009,GROCERY I,1.0431653223413717,-0.8213966495757649,3.197370817000134
5,lightgbm_recursive,3,100010,GROCERY I,1.633755126036016,0.37300734380145933,1.693570607474563
5,lightgbm_recursive,3,100011,GROCERY I,1.1239379234413835,-0.5826993935855939,2.230364652227297
5,lightgbm_recursive,3,100012,GROCERY I,1.2369071400158158,0.6191684020254739,2.282162030417246
5,lightgbm_recursive,3,100013,GROCERY I,0.43614611672280484,0.10155086583555288,14.210156728336026
5,lightgbm_recursive,3,100014,GROCERY I,1.4540614304489006,2.50313146072203,7.830630512561239
5,lightgbm_recursive,3,100015,GROCERY I,0.7919865914259424,1.4485624288754444,21.154303551709166
5,lightgbm_recursive,3,100016,GROCERY I,0.8098647655202273,-1.6511233263445086,11.147173250969823
5,lightgbm_recursive,3,100017,GROCERY I,0.7400079134599437,5.894513449703705,9.530339747539097
5,lightgbm_recursive,3,100018,GROCERY I,1.3001066753268742,0.3033235178245377,4.464094719667677
5,lightgbm_recursive,3,100019,GROCERY I,1.0394299576177066,3.700765071441779,8.831129140033095
5,lightgbm_recursive,3,100020,BEVERAGES,0.9009822326103069,-0.05693793995986323,11.945305623041518
5,lightgbm_recursive,3,100021,BEVERAGES,1.3886552036673572,0.3403506631544681,5.312762455074741
5,lightgbm_recursive,3,100022,BEVERAGES,0.7958503172519013,-0.43976995473743374,11.381917632497547
5,lightgbm_recursive,3,100023,BEVERAGES,0.4793258910306005,-6.069729119252717,10.578406271872591
5,lightgbm_recursive,3,100024,BEVERAGES,2.480766223168737,2.03591584766693,3.059433228113894
5,lightgbm_recursive,3,100025,BEVERAGES,2.0230649576285615,0.7774001498159786,2.9026177291748803
5,lightgbm_recursive,3,100026,BEVERAGES,1.0237343075948855,0.3991490991892572,1.7263406375470178
5,lightgbm_recursive,3,100027,BEVERAGES,1.0146055234422087,1.5349144288707626,5.797344260549411
5,lightgbm_recursive,3,100028,BEVERAGES,0.8172982773824823,-1.5212861931745465,8.222708398399982
5,lightgbm_recursive,3,100029,BEVERAGES,3.9857802183641358,2.020561805570059,1.6090697724001533
5,lightgbm_recursive,3,100030,BEVERAGES,1.0042199141608499,-0.9339064647906966,9.400145895398868
5,lightgbm_recursive,3,100031,BEVERAGES,0.980755713008633,4.039184315144854,6.746701573970575
5,lightgbm_recursive,3,100032,BEVERAGES,1.0343925205310787,1.134017077999483,10.995113420728927
5,lightgbm_recursive,3,100033,PRODUCE,0.4705184195489007,-2.184344741017035,11.7785656489562
5,lightgbm_recursive,3,100034,PRODUCE,0.6102606190535954,0.752792945051137,9.134043854373516
5,lightgbm_recursive,3,100035,PRODUCE,1.3771870356834512,-0.015156613761488247,2.6375108892113213
5,lightgbm_recursive,3,100036,PRODUCE,0.578630003848072,2.348314582630488,10.344889360943892
5,lightgbm_recursive,3,100037,PRODUCE,0.9556148749001995,-0.11058964715719671,2.4100607534830787
5,lightgbm_recursive,3,100038,PRODUCE,0.4667287376126527,-4.75561541577543,7.461956622142559
5,lightgbm_recursive,3,100039,PRODUCE,0.9258735542786093,-0.9588439238841474,5.569003982982605
5,lightgbm_recursive,3,100040,PRODUCE,1.266949227529915,0.19501783837949738,4.191233035570079
5,lightgbm_recursive,3,100041,CLEANING,4.956378925933629,0.46738811177594647,0.5346228295930223
5,lightgbm_recursive,3,100042,CLEANING,1.1167925623913155,0.9402880594284506,2.175751795353097
5,lightgbm_recursive,3,100043,CLEANING,1.613202094696921,0.18608221445968146,0.9708946842613629
5,lightgbm_recursive,3,100044,CLEANING,0.49151268440596607,-2.4517456236103734,6.485928368972634
5,lightgbm_recursive,3,100045,CLEANING,0.42749165416523766,2.5261476020375553,7.59247024004027
5,lightgbm_recursive,3,100046,CLEANING,4.11586343569568,1.1907282641548895,0.8423987818022055
5,lightgbm_recursive,3,100047,DAIRY,0.9708078564065257,1.058012032573431,3.77079307967085
5,lightgbm_recursive,3,100048,DAIRY,1.750907415430594,0.5661356613601318,2.56566591887198
5,lightgbm_recursive,3,100049,DAIRY,1.1345929087907207,-0.5446012183146761,3.3594209089054234
5,lightgbm_recursive,3,100050,DAIRY,0.8652909900924785,0.133564822287566,8.895893898540878
5,lightgbm_recursive,3,100051,DAIRY,0.754417834742392,-0.15407531392258417,2.8452872919244965
5,lightgbm_recursive,3,100052,DAIRY,0.6106515617230182,0.4715595523602249,12.32176649430505
5,lightgbm_recursive,3,100053,BREAD/BAKERY,2.3659264539976355,1.0031769468813676,1.4078597465027176
5,lightgbm_recursive,3,100054,BREAD/BAKERY,0.5586553264386993,0.45826742662972975,5.346736186748448
5,lightgbm_recursive,3,100055,BREAD/BAKERY,0.8560352686671702,0.003004621173138607,4.022493146983917
5,lightgbm_recursive,3,100056,BREAD/BAKERY,0.6302713365544304,-0.04701283875840693,4.622189800272353
5,lightgbm_recursive,3,100057,BREAD/BAKERY,0.9844268689477764,-0.562788844706099,3.073887561980857
5,lightgbm_recursive,3,100058,DELI,0.9211068430375212,-0.03050139267276742,2.082286545700927
5,lightgbm_recursive,3,100059,DELI,1.093749133112133,0.05573375426743663,2.3351321398319618
5,lightgbm_recursive,3,100060,EGGS,3.8597728580381667,0.786652317026061,0.7790998315679322
5,lightgbm_recursive,4,100001,GROCERY I,0.7759490140796397,-1.6858152900261762,5.107343811830027
5,lightgbm_recursive,4,100002,GROCERY I,0.6267868052224448,16.218580737157748,43.04435668404118
5,lightgbm_recursive,4,100003,GROCERY I,0.9262105153825413,0.3950940773292487,12.576861230140981
5,lightgbm_recursive,4,100004,GROCERY I,0.45292248700736654,3.584698070680333,14.34083473460566
5,lightgbm_recursive,4,100005,GROCERY I,2.631307442801178,3.5103549928208633,4.833441010209466
5,lightgbm_recursive,4,100006,GROCERY I,2.0149214393095938,3.4099665169745794,11.918239672683365
5,lightgbm_recursive,4,100007,GROCERY I,1.2470599752208589,0.8250807247039902,4.961184865008606
5,lightgbm_recursive,4,100008,GROCERY I,1.4465679644179081,0.025831422009132687,1.7556847022965347
5,lightgbm_recursive,4,100009,GROCERY I,1.1057504525533792,-0.4678513492722756,3.695337769110309
5,lightgbm_recursive,4,100010,GROCERY I,4.002683593419253,1.4007294192574948,1.4545752593413714
5,lightgbm_recursive,4,100011,GROCERY I,1.528179632751473,-0.10531164600732944,2.4784843119933697
5,lightgbm_recursive,4,100012,GROCERY I,2.105696967675056,1.4962741447816228,4.309506010587646
5,lightgbm_recursive,4,100013,GROCERY I,0.9647721307181,15.451909435701424,25.264797192089286
5,lightgbm_recursive,4,100014,GROCERY I,0.8212196753998423,-1.7265080347238315,9.38298024836009
5,lightgbm_recursive,4,100015,GROCERY I,0.5029024909254021,2.6283235638423594,22.353273842671502
5,lightgbm_recursive,4,100016,GROCERY I,0.767553175670084,-0.7693262918071666,14.652593653717469
5,lightgbm_recursive,4,100017,GROCERY I,0.7222574279345797,5.926727088273837,16.552742632825375
5,lightgbm_recursive,4,100018,GROCERY I,1.6974187776300116,1.3365962578277393,4.475423453829781
5,lightgbm_recursive,4,100019,GROCERY I,1.3300656899067103,7.056037774328485,11.767089234504141
5,lightgbm_recursive,4,100020,BEVERAGES,1.5840220980173898,8.863062309141261,15.660220498295757
5,lightgbm_recursive,4,100021,BEVERAGES,0.9285697138705757,-0.6355223983341082,6.173289101961954
5,lightgbm_recursive,4,100022,BEVERAGES,0.7607235358366166,1.969517954681297,15.673507073947789
5,lightgbm_recursive,4,100023,BEVERAGES,0.7540763360128768,-9.477032674960837,21.30449032911445
5,lightgbm_recursive,4,100024,BEVERAGES,1.363846228536573,1.9545239725696262,3.748633733328369
5,lightgbm_recursive,4,100025,BEVERAGES,1.6431158915583552,0.8954357548672189,4.571997829391154
5,lightgbm_recursive,4,100026,BEVERAGES,1.0790207487241623,-0.2176368891809625,3.7047321299847904
5,lightgbm_recursive,4,100027,BEVERAGES,0.5979679381610222,-3.613387954958075,10.10006406372056
5,lightgbm_recursive,4,100028,BEVERAGES,2.3426206889888226,7.845657328418472,7.6319672524795745
5,lightgbm_recursive,4,100029,BEVERAGES,1.197500363986238,0.1995491221407942,5.156931234237421
5,lightgbm_recursive,4,100030,BEVERAGES,1.1756720488208188,2.051151074801722,8.870643543339964
5,lightgbm_recursive,4,100031,BEVERAGES,0.5350693273128084,-3.740974763911686,13.495778444408582
5,lightgbm_recursive,4,100032,BEVERAGES,0.8492020442769465,3.6485183495177296,12.136585781852926
5,lightgbm_recursive,4,100033,PRODUCE,0.3918733607597062,-0.2098406654351005,10.88712233722518
5,lightgbm_recursive,4,100034,PRODUCE,0.5636057414651193,1.4111725550908596,13.895056904930232
5,lightgbm_recursive,4,100035,PRODUCE,0.973311764107308,-1.2990848357616238,4.741196365628555
5,lightgbm_recursive,4,100036,PRODUCE,0.41229991869956606,3.017179389800353,11.454958125656736
5,lightgbm_recursive,4,100037,PRODUCE,0.9721058291779585,-0.25235535744026516,4.161884589120688
5,lightgbm_recursive,4,100038,PRODUCE,0.7320521758665552,5.084147927161919,10.416241256830608
5,lightgbm_recursive,4,100039,PRODUCE,1.1716624510965614,2.156826302427097,6.31511074246535
5,lightgbm_recursive,4,100040,PRODUCE,1.6514282545432257,0.900273055284591,6.06541485167732
5,lightgbm_recursive,4,100041,CLEANING,1.4570241815869576,0.21624992321663009,0.986502885684875
5,lightgbm_recursive,4,100042,CLEANING,1.291725866044955,0.03586635337424996,5.6654406563335975
5,lightgbm_recursive,4,100043,CLEANING,1.0414686898668932,-0.246901353591544,1.8498474170595287
5,lightgbm_recursive,4,100044,CLEANING,0.37029588987580025,-3.5961654549432853,10.06423395462924
5,lightgbm_recursive,4,100045,CLEANING,0.8355899733818475,0.5169143609085355,18.792415332143722
5,lightgbm_recursive,4,100046,CLEANING,1.3442286477837684,0.08717355029051804,3.5588580450990523
5,lightgbm_recursive,4,100047,DAIRY,1.323349419017259,2.141134872391789,6.285175467659474
5,lightgbm_recursive,4,100048,DAIRY,0.7478479872349992,-2.440363115095525,3.9324252183319786
5,lightgbm_recursive,4,100049,DAIRY,1.1541649689744586,-1.012065462457455,7.199163644654004
5,lightgbm_recursive,4,100050,DAIRY,0.6587220584594307,0.042830523055423696,7.960792120378334
5,lightgbm_recursive,4,100051,DAIRY,0.8027711846931671,-3.209745696914114,6.752037485650384
5,lightgbm_recursive,4,100052,DAIRY,0.43730727997681634,1.7915730968183075,15.470674017285772
5,lightgbm_recursive,4,100053,BREAD/BAKERY,1.1162804315248192,0.32013121656713855,2.8214655691312105
5,lightgbm_recursive,4,100054,BREAD/BAKERY,0.47552898751281447,0.04664329903115494,6.900464794168097
5,lightgbm_recursive,4,100055,BREAD/BAKERY,1.175428980936356,0.75190323884855,4.306878705116159
5,lightgbm_recursive,4,100056,BREAD/BAKERY,0.9031613974827283,2.1682626325396517,5.187280525663972
5,lightgbm_recursive,4,100057,BREAD/BAKERY,1.0003300945832636,-0.08828432878170783,2.8965137344092082
5,lightgbm_recursive,4,100058,DELI,1.1340787278777513,0.3086962184158005,3.0350031528837853
5,lightgbm_recursive,4,100059,DELI,2.181106352425807,1.3406288316840425,1.8208031606966817
5,lightgbm_recursive,4,100060,EGGS,0.9897432217991698,-0.2848402264648591,2.0525769730159906
5,lightgbm_recursive,5,100001,GROCERY I,2.1883886481197776,1.9770832922088661,4.488773898546557
5,lightgbm_recursive,5,100002,GROCERY I,0.39544738730758455,-19.3203577362354,41.55844153026023
5,lightgbm_recursive,5,100003,GROCERY I,0.8554854048431129,-5.7441036916427155,16.80424630935615
5,lightgbm_recursive,5,100004,GROCERY I,1.0062436700650639,3.3213780330483833,22.49874935595168
5,lightgbm_recursive,5,100005,GROCERY I,1.3500287294679822,1.0418962867704038,7.393679803460088
5,lightgbm_recursive,5,100006,GROCERY I,1.0650814019908539,0.3041496687382514,8.710294304587341
5,lightgbm_recursive,5,100007,GROCERY I,1.158795969465348,-0.5539588328944893,7.230212303400451
5,lightgbm_recursive,5,100008,GROCERY I,1.3269328801410838,-0.10584580132795533,1.8055674876430052
5,lightgbm_recursive,5,100009,GROCERY I,0.9363452172671516,-1.2502369357880954,4.359714610024792
5,lightgbm_recursive,5,100010,GROCERY I,1.326953474662607,-0.6802660315505081,4.357917148975942
5,lightgbm_recursive,5,100011,GROCERY I,1.7447037815193016,0.2017629764744381,2.3419684996929937
5,lightgbm_recursive,5,100012,GROCERY I,1.0543545628479896,-0.7490636307466707,4.7199625169200825
5,lightgbm_recursive,5,100013,GROCERY I,0.4088300179602534,6.552942229617141,20.415483262905095
5,lightgbm_recursive,5,100014,GROCERY I,1.0194185810339755,0.6649051211224514,9.98431459325026
5,lightgbm_recursive,5,100015,GROCERY I,0.4945284454537567,-6.719436378628267,22.645155373720762
5,lightgbm_recursive,5,100016,GROCERY I,0.7925861463362673,0.2717240445817957,14.816944036693448
5,lightgbm_recursive,5,100017,GROCERY I,0.41000509189917783,-0.018521896220607677,11.81400548470408
5,lightgbm_recursive,5,100018,GROCERY I,1.2323766265046838,0.49658741055804734,4.3721759317240325
5,lightgbm_recursive,5,100019,GROCERY I,1.0544608480826625,5.115686976266933,13.573268118680788
5,lightgbm_recursive,5,100020,BEVERAGES,3.002608903219423,12.062522225997155,12.817912979740589
5,lightgbm_recursive,5,100021,BEVERAGES,1.3269837922176546,1.3446950992591804,4.857501591014875
5,lightgbm_recursive,5,100022,BEVERAGES,0.6633667029016176,-3.702060444053572,15.594918843681308
5,lightgbm_recursive,5,100023,BEVERAGES,1.1338439386563828,4.009340973306355,14.901839410346437
5,lightgbm_recursive,5,100024,BEVERAGES,1.1055137521417784,-2.092842211623262,9.14470528091842
5,lightgbm_recursive,5,100025,BEVERAGES,1.3461926730582487,1.0291077232427814,3.196600528967426
5,lightgbm_recursive,5,100026,BEVERAGES,1.5799545184791879,1.0163501835067037,2.9555487695412954
5,lightgbm_recursive,5,100027,BEVERAGES,1.4151252318437793,4.364154017188377,7.891632163004899
5,lightgbm_recursive,5,100028,BEVERAGES,1.2154543972857605,3.9791508408012666,8.442030783546986
5,lightgbm_recursive,5,100029,BEVERAGES,2.131601606763231,1.9608306656709515,3.3014621633713332
5,lightgbm_recursive,5,100030,BEVERAGES,0.6418523226278274,-2.0041597924401993,9.062246377108746
5,lightgbm_recursive,5,100031,BEVERAGES,0.9037781415966034,1.9229515516305624,14.817557249805594
5,lightgbm_recursive,5,100032,BEVERAGES,1.2892837608818593,3.873162584146116,16.966182168092406
5,lightgbm_recursive,5,100033,PRODUCE,0.4255613818348934,-2.891269509699712,13.285981492224236
5,lightgbm_recursive,5,100034,PRODUCE,0.3027269627494715,1.5438908085106007,7.038026226162251
5,lightgbm_recursive,5,100035,PRODUCE,1.3876348466118187,0.6487224634466671,2.1982091814443208
5,lightgbm_recursive,5,100036,PRODUCE,0.5550685893984088,-3.436503361932923,18.66614612947591
5,lightgbm_recursive,5,100037,PRODUCE,1.2985760501568189,0.813540625314118,3.220661020066465
5,lightgbm_recursive,5,100038,PRODUCE,0.6062267681553413,-0.04370113716499458,12.753857503747245
5,lightgbm_recursive,5,100039,PRODUCE,1.1876606630322486,1.0293226968158915,5.793445771112825
5,lightgbm_recursive,5,100040,PRODUCE,0.9564632551404213,-0.4840244621923064,4.257099285011034
5,lightgbm_recursive,5,100041,CLEANING,1.9795429069723478,0.3292076790372845,0.9827846003073208
5,lightgbm_recursive,5,100042,CLEANING,1.8838407299467133,2.2306745786016475,3.0404557321696495
5,lightgbm_recursive,5,100043,CLEANING,1.1016171065976568,-0.6171823049737749,2.4046077143771254
5,lightgbm_recursive,5,100044,CLEANING,0.47359627470368243,1.4216511385583461,8.008455544316934
5,lightgbm_recursive,5,100045,CLEANING,0.49659558939082127,2.06650576287622,10.592285835312367
5,lightgbm_recursive,5,100046,CLEANING,1.508766586506529,0.6389509627513468,2.515291423281332
5,lightgbm_recursive,5,100047,DAIRY,0.8260002849111174,-1.8274551396553191,7.769600684788534
5,lightgbm_recursive,5,100048,DAIRY,1.3944609085113464,0.8524083697003493,2.2379074714708342
5,lightgbm_recursive,5,100049,DAIRY,0.9326873271728123,0.052539190825113526,2.982370787959998
5,lightgbm_recursive,5,100050,DAIRY,0.9863051178474687,4.019041440235035,7.247793729164033
5,lightgbm_recursive,5,100051,DAIRY,0.9040859806317979,-1.8729090364013143,6.6142750691165535
5,lightgbm_recursive,5,100052,DAIRY,0.47940691826643705,-7.739859069740558,18.597947280019646
5,lightgbm_recursive,5,100053,BREAD/BAKERY,2.630425165941387,1.4663300905203172,1.6646126105230705
5,lightgbm_recursive,5,100054,BREAD/BAKERY,0.9231832954551267,3.308441652073057,8.611200898812012
5,lightgbm_recursive,5,100055,BREAD/BAKERY,0.8904255938782522,-0.45063670579378173,4.286549839394079
5,lightgbm_recursive,5,100056,BREAD/BAKERY,0.727431511264057,-0.628463263865405,7.92386329471195
5,lightgbm_recursive,5,100057,BREAD/BAKERY,1.7901759435293791,0.8232966329753223,2.577061282944009
5,lightgbm_recursive,5,100058,DELI,1.8714216769000527,1.3601638584742703,2.1956956000635715
5,lightgbm_recursive,5,100059,DELI,1.9822172724816645,1.0037467499806123,2.842505816952346
5,lightgbm_recursive,5,100060,EGGS,0.9682036254812165,-0.627537842690353,2.412789845477112
5,lightgbm_recursive,6,100001,GROCERY I,1.459695343597969,0.5523733844883097,2.3957736425120455
5,lightgbm_recursive,6,100002,GROCERY I,0.3882261688923984,-13.551853067107242,18.962245764397057
5,lightgbm_recursive,6,100003,GROCERY I,0.9806029261189562,1.6531828081982076,4.789316975737229
5,lightgbm_recursive,6,100004,GROCERY I,0.6231360363778842,1.3701690612523711,8.545083621364446
5,lightgbm_recursive,6,100005,GROCERY I,1.2439962414280532,0.6383665397955459,3.283198075659772
5,lightgbm_recursive,6,100006,GROCERY I,0.967500809798356,-0.943571560233877,5.855202923835918
5,lightgbm_recursive,6,100007,GROCERY I,0.8430529144974508,-0.5102510483451493,2.7162286159761266
5,lightgbm_recursive,6,100008,GROCERY I,1.3402539428711575,-0.28701025735361696,1.5085539083695811
5,lightgbm_recursive,6,100009,GROCERY I,1.6884617783489573,0.5586942568313966,1.5368793049288172
5,lightgbm_recursive,6,100010,GROCERY I,1.3598848695042045,-0.0331453659318123,1.7596891325604544
5,lightgbm_recursive,6,100011,GROCERY I,1.5122291634552243,0.08755148957818402,1.090956049644644
5,lightgbm_recursive,6,100012,GROCERY I,1.8069505741956926,0.515458408552739,2.223238182503914
5,lightgbm_recursive,6,100013,GROCERY I,0.7150839457847369,2.6794556236533262,12.783085781429826
5,lightgbm_recursive,6,100014,GROCERY I,1.0895721443383561,0.801134974142002,4.519103787102967
5,lightgbm_recursive,6,100015,GROCERY I,0.532577736041344,-0.09209891614408482,11.432371657095427
5,lightgbm_recursive,6,100016,GROCERY I,1.0735591613090176,1.931015811689759,6.927049530451144
5,lightgbm_recursive,6,100017,GROCERY I,0.8893359123774446,3.617739547331323,7.392898816031729
5,lightgbm_recursive,6,100018,GROCERY I,2.8787204611040225,1.3824051714831562,1.4966402595155412
5,lightgbm_recursive,6,100019,GROCERY I,0.6523777111945107,-3.500934238427784,7.657950629886289
5,lightgbm_recursive,6,100020,BEVERAGES,0.5626257777694342,-0.3486815463243967,6.308119399134199
5,lightgbm_recursive,6,100021,BEVERAGES,1.1873787151166535,0.32549035665722575,2.617369404250663
5,lightgbm_recursive,6,100022,BEVERAGES,1.4797801446637497,4.2690431939100515,4.543211434841745
5,lightgbm_recursive,6,100023,BEVERAGES,0.7468922393222439,-0.8199898639843752,7.259263102747434
5,lightgbm_recursive,6,100024,BEVERAGES,0.9145893092832442,-0.12175193564152306,3.07813924013158
5,lightgbm_recursive,6,100025,BEVERAGES,1.032305563347276,-0.04945320775216058,1.7120792997545669
5,lightgbm_recursive,6,100026,BEVERAGES,1.4275640098224818,0.22831758603319147,2.299267629953616
5,lightgbm_recursive,6,100027,BEVERAGES,1.0026023146906502,0.32681398262446554,4.800231081860344
5,lightgbm_recursive,6,100028,BEVERAGES,2.6013864747635984,4.001811590422268,2.984091337107851
5,lightgbm_recursive,6,100029,BEVERAGES,1.037126008116373,-0.17141375453763458,2.798831111369334
5,lightgbm_recursive,6,100030,BEVERAGES,1.0668125892425206,1.9862599909003065,3.0365499238156697
5,lightgbm_recursive,6,100031,BEVERAGES,0.7888044965485366,0.4597065863990002,8.683390438796057
5,lightgbm_recursive,6,100032,BEVERAGES,0.6879225419062365,-0.19430121777037784,6.101275486815582
5,lightgbm_recursive,6,100033,PRODUCE,0.4578557835623059,-1.8134040582532103,7.079116801960625
5,lightgbm_recursive,6,100034,PRODUCE,1.0189593137859536,3.517909587976342,6.870516733311627
5,lightgbm_recursive,6,100035,PRODUCE,1.2063941742377935,0.1523459131601995,1.2460613523446797
5,lightgbm_recursive,6,100036,PRODUCE,0.4504784280538386,0.8411879368208762,7.705446526380276
5,lightgbm_recursive,6,100037,PRODUCE,1.0296278373344994,-0.138835182473455,2.166406287126018
5,lightgbm_recursive,6,100038,PRODUCE,0.5092790008235595,0.9043785404053716,5.16275515744985
5,lightgbm_recursive,6,100039,PRODUCE,1.045659368257164,0.25085936898924277,3.0491749077496975
5,lightgbm_recursive,6,100040,PRODUCE,1.591809143706382,0.6101810081503994,1.5466252781431284
5,lightgbm_recursive,6,100041,CLEANING,2.6064920843343713,0.23368400240200005,0.5629782401250871
5,lightgbm_recursive,6,100042,CLEANING,1.070368723709171,-0.15112672592536439,2.9925915086510484
5,lightgbm_recursive,6,100043,CLEANING,1.8498408756418503,0.07554375661618705,1.0996067649613177
5,lightgbm_recursive,6,100044,CLEANING,0.5625881407243807,1.1525525575952573,3.9475911549402882
5,lightgbm_recursive,6,100045,CLEANING,0.7413201238820593,2.397173164158663,5.407870417238821
5,lightgbm_recursive,6,100046,CLEANING,1.1814074045843388,-0.06342624117901069,1.798857771292841
5,lightgbm_recursive,6,100047,DAIRY,1.0288857247684224,0.29621838507376924,4.372413320058632
5,lightgbm_recursive,6,100048,DAIRY,1.4425041484496162,0.14889670983622835,1.8796920524709828
5,lightgbm_recursive,6,100049,DAIRY,1.2774532705733732,0.08448968027074219,1.7258665604859673
5,lightgbm_recursive,6,100050,DAIRY,1.0263696648077183,1.2712685936626396,5.460739368168772
5,lightgbm_recursive,6,100051,DAIRY,1.1017881397248561,0.11494753118210606,2.7132748287118056
5,lightgbm_recursive,6,100052,DAIRY,0.7607248952718881,3.8459744692342768,7.3239435139367846
5,lightgbm_recursive,6,100053,BREAD/BAKERY,1.0788242669462778,-0.3663156318713028,2.3144104194540414
5,lightgbm_recursive,6,100054,BREAD/BAKERY,1.3514737514181918,1.9659105500007759,4.554768742343042
5,lightgbm_recursive,6,100055,BREAD/BAKERY,1.6959772546835015,0.8303247141523824,2.1313856566808473
5,lightgbm_recursive,6,100056,BREAD/BAKERY,1.0315107626911084,-0.01405091979992239,5.447764756533302
5,lightgbm_recursive,6,100057,BREAD/BAKERY,1.2672552713001815,-0.2228330956667914,2.485654066006239
5,lightgbm_recursive,6,100058,DELI,1.649483768386068,0.4304291634179099,1.3194003171914392
5,lightgbm_recursive,6,100059,DELI,1.152209850073476,-0.08126432272708388,1.728986739510182
5,lightgbm_recursive,6,100060,EGGS,1.2048086365452373,-0.25360309062431996,1.6412264300776964
